VRAM Dump (64KB = 65536 bytes)
========================================
0000: 00 00 00 00 00 00 00 00 00 00 00 00 00 00 00 00  | ................
0010: 00 00 00 00 00 00 00 00 00 00 00 00 00 00 00 00  | ................
0020: 00 00 00 00 00 00 00 00 00 00 00 00 00 00 00 00  | ................
0030: 00 00 00 00 00 00 00 00 00 00 00 00 00 00 00 00  | ................
0040: 00 00 00 00 00 00 00 00 00 00 00 00 00 00 00 00  | ................
0050: 00 00 00 00 00 00 00 00 00 00 00 00 00 00 00 00  | ................
0060: 00 00 00 00 00 00 00 00 00 00 00 00 00 00 00 00  | ................
0070: 00 00 00 00 00 00 00 00 00 00 00 00 00 00 00 00  | ................
0080: 00 00 00 00 00 00 00 00 00 00 00 00 00 00 00 00  | ................
0090: 00 00 00 00 00 00 00 00 00 00 00 00 00 00 00 00  | ................
00a0: 00 00 00 00 00 00 00 00 00 00 00 00 00 00 00 00  | ................
00b0: 00 00 00 00 00 00 00 00 00 00 00 00 00 00 00 00  | ................
00c0: 00 00 00 00 00 00 00 00 00 00 00 00 00 00 00 00  | ................
00d0: 00 00 00 00 00 00 00 00 00 00 00 00 00 00 00 00  | ................
00e0: 00 00 00 00 00 00 00 00 00 00 00 00 00 00 00 00  | ................
00f0: 00 00 00 00 00 00 00 00 00 00 00 00 00 00 00 00  | ................
0100: 00 3e 00 63 00 63 00 63 00 63 00 63 00 3e 00 00  | .>.c.c.c.c.c.>..
0110: 00 0c 00 1c 00 0c 00 0c 00 0c 00 0c 00 1e 00 00  | ................
0120: 00 3e 00 63 00 63 00 0e 00 18 00 30 00 7f 00 00  | .>.c.c.....0....
0130: 00 3e 00 63 00 63 00 0e 00 63 00 63 00 3e 00 00  | .>.c.c...c.c.>..
0140: 00 0e 00 16 00 26 00 66 00 7f 00 06 00 06 00 00  | .....&.f........
0150: 00 7f 00 60 00 7e 00 63 00 03 00 63 00 3e 00 00  | ...`.~.c...c.>..
0160: 00 3e 00 63 00 60 00 7e 00 63 00 63 00 3e 00 00  | .>.c.`.~.c.c.>..
0170: 00 7f 00 63 00 04 00 08 00 18 00 18 00 18 00 00  | ...c............
0180: 00 3e 00 63 00 63 00 3e 00 63 00 63 00 3e 00 00  | .>.c.c.>.c.c.>..
0190: 00 3e 00 63 00 63 00 3f 00 03 00 63 00 3e 00 00  | .>.c.c.?...c.>..
01a0: 00 00 00 44 00 28 00 10 00 28 00 44 00 00 00 00  | ...D.(...(.D....
01b0: 00 1c 00 18 00 10 00 10 00 10 00 18 00 1c 00 00  | ................
01c0: 00 80 00 40 00 20 00 10 00 08 00 04 00 02 00 00  | ...@. ..........
01d0: 00 70 00 30 00 10 00 10 00 10 00 30 00 70 00 00  | .p.0.......0.p..
01e0: 00 00 00 6c 00 9a 00 92 00 b2 00 6c 00 00 00 00  | ...l.......l....
01f0: 00 00 00 10 00 00 00 7c 00 00 00 10 00 00 00 00  | .......|........
0200: 00 00 00 00 00 00 00 00 00 00 00 00 00 00 00 00  | ................
0210: 00 00 00 0c 00 1c 00 18 00 10 00 00 00 20 00 00  | ............. ..
0220: 00 6c 00 24 00 48 00 00 00 00 00 00 00 00 00 00  | .l.$.H..........
0230: 00 08 00 2e 00 f8 00 28 00 3e 00 e8 00 20 00 00  | .......(.>... ..
0240: 00 10 00 7c 00 90 00 fe 00 12 00 fc 00 10 00 00  | ...|............
0250: 00 42 00 a4 00 a8 00 54 00 2a 00 4a 00 84 00 00  | .B.....T.*.J....
0260: 00 10 00 28 00 28 00 10 00 2a 00 44 00 3a 00 00  | ...(.(...*.D.:..
0270: 00 30 00 10 00 20 00 00 00 00 00 00 00 00 00 00  | .0... ..........
0280: 00 0c 00 10 00 20 00 20 00 20 00 10 00 0c 00 00  | ..... . . ......
0290: 00 60 00 10 00 08 00 08 00 08 00 10 00 60 00 00  | .`...........`..
02a0: 00 10 00 54 00 38 00 10 00 38 00 54 00 10 00 00  | ...T.8...8.T....
02b0: 00 10 00 10 00 10 00 7c 00 10 00 10 00 10 00 00  | .......|........
02c0: 00 00 00 00 00 00 00 00 00 00 00 30 00 10 00 20  | ...........0... 
02d0: 00 00 00 00 00 00 00 7c 00 00 00 00 00 00 00 00  | .......|........
02e0: 00 00 00 00 00 00 00 00 00 00 00 30 00 30 00 00  | ...........0.0..
02f0: 00 02 00 04 00 08 00 10 00 20 00 40 00 80 00 00  | ......... .@....
0300: 00 3e 00 63 00 63 00 63 00 63 00 63 00 3e 00 00  | .>.c.c.c.c.c.>..
0310: 00 0c 00 1c 00 0c 00 0c 00 0c 00 0c 00 1e 00 00  | ................
0320: 00 3e 00 63 00 63 00 0e 00 18 00 30 00 7f 00 00  | .>.c.c.....0....
0330: 00 3e 00 63 00 63 00 0e 00 63 00 63 00 3e 00 00  | .>.c.c...c.c.>..
0340: 00 0e 00 16 00 26 00 66 00 7f 00 06 00 06 00 00  | .....&.f........
0350: 00 7f 00 60 00 7e 00 63 00 03 00 63 00 3e 00 00  | ...`.~.c...c.>..
0360: 00 3e 00 63 00 60 00 7e 00 63 00 63 00 3e 00 00  | .>.c.`.~.c.c.>..
0370: 00 7f 00 63 00 04 00 08 00 18 00 18 00 18 00 00  | ...c............
0380: 00 3e 00 63 00 63 00 3e 00 63 00 63 00 3e 00 00  | .>.c.c.>.c.c.>..
0390: 00 3e 00 63 00 63 00 3f 00 03 00 63 00 3e 00 00  | .>.c.c.?...c.>..
03a0: 00 00 00 30 00 30 00 00 00 30 00 30 00 00 00 00  | ...0.0...0.0....
03b0: 00 00 00 30 00 30 00 00 00 30 00 10 00 20 00 00  | ...0.0...0... ..
03c0: 00 04 00 08 00 10 00 20 00 10 00 08 00 04 00 00  | ....... ........
03d0: 00 00 00 00 00 7c 00 00 00 7c 00 00 00 00 00 00  | .....|...|......
03e0: 00 40 00 20 00 10 00 08 00 10 00 20 00 40 00 00  | .@. ....... .@..
03f0: 00 3c 00 42 00 02 00 0c 00 10 00 00 00 10 00 00  | .<.B............
0400: 00 3c 00 42 00 91 00 a9 00 a9 00 b7 00 42 00 3c  | .<.B.........B.<
0410: 00 18 00 18 00 2c 00 2c 00 3e 00 46 00 ef 00 00  | .....,.,.>.F....
0420: 00 7e 00 31 00 31 00 3e 00 31 00 31 00 7e 00 00  | .~.1.1.>.1.1.~..
0430: 00 3d 00 63 00 61 00 60 00 61 00 61 00 3e 00 00  | .=.c.a.`.a.a.>..
0440: 00 7e 00 31 00 31 00 31 00 31 00 31 00 7e 00 00  | .~.1.1.1.1.1.~..
0450: 00 7e 00 31 00 34 00 3c 00 34 00 31 00 7f 00 00  | .~.1.4.<.4.1....
0460: 00 7e 00 31 00 34 00 3c 00 34 00 30 00 78 00 00  | .~.1.4.<.4.0.x..
0470: 00 3d 00 63 00 60 00 67 00 63 00 63 00 3d 00 00  | .=.c.`.g.c.c.=..
0480: 00 f7 00 62 00 62 00 7e 00 62 00 62 00 f7 00 00  | ...b.b.~.b.b....
0490: 00 3c 00 18 00 18 00 18 00 18 00 18 00 3c 00 00  | .<...........<..
04a0: 00 1e 00 0c 00 0c 00 0c 00 6c 00 4c 00 38 00 00  | .........l.L.8..
04b0: 00 77 00 32 00 34 00 38 00 34 00 32 00 7b 00 00  | .w.2.4.8.4.2.{..
04c0: 00 78 00 30 00 30 00 30 00 30 00 31 00 7e 00 00  | .x.0.0.0.0.1.~..
04d0: 00 e3 00 76 00 7e 00 6a 00 6a 00 62 00 f7 00 00  | ...v.~.j.j.b....
04e0: 00 e7 00 72 00 7a 00 6e 00 66 00 62 00 f7 00 00  | ...r.z.n.f.b....
04f0: 00 3c 00 62 00 62 00 62 00 62 00 62 00 3c 00 00  | .<.b.b.b.b.b.<..
0500: 00 7e 00 31 00 31 00 31 00 3e 00 30 00 78 00 00  | .~.1.1.1.>.0.x..
0510: 00 3c 00 62 00 62 00 62 00 7a 00 66 00 3b 00 00  | .<.b.b.b.z.f.;..
0520: 00 7e 00 31 00 31 00 3e 00 34 00 32 00 7b 00 00  | .~.1.1.>.4.2.{..
0530: 00 3d 00 63 00 70 00 3e 00 07 00 63 00 5e 00 00  | .=.c.p.>...c.^..
0540: 00 7e 00 99 00 18 00 18 00 18 00 18 00 3c 00 00  | .~...........<..
0550: 00 f7 00 62 00 62 00 62 00 62 00 62 00 3c 00 00  | ...b.b.b.b.b.<..
0560: 00 f7 00 62 00 62 00 34 00 34 00 18 00 18 00 00  | ...b.b.4.4......
0570: 00 f7 00 62 00 6a 00 6a 00 7e 00 34 00 34 00 00  | ...b.j.j.~.4.4..
0580: 00 f3 00 62 00 34 00 18 00 2c 00 46 00 cf 00 00  | ...b.4...,.F....
0590: 00 f7 00 62 00 34 00 18 00 18 00 18 00 3c 00 00  | ...b.4.......<..
05a0: 00 3f 00 47 00 0e 00 1c 00 38 00 71 00 7f 00 00  | .?.G.....8.q....
05b0: 00 30 00 20 00 20 00 20 00 20 00 20 00 30 00 00  | .0. . . . . .0..
05c0: 00 44 00 28 00 7c 00 10 00 7c 00 10 00 10 00 00  | .D.(.|...|......
05d0: 00 30 00 10 00 10 00 10 00 10 00 10 00 30 00 00  | .0...........0..
05e0: 00 10 00 28 00 44 00 82 00 00 00 00 00 00 00 00  | ...(.D..........
05f0: 00 00 00 00 00 00 00 00 00 00 00 00 00 fe 00 00  | ................
0600: 00 18 00 10 00 08 00 00 00 00 00 00 00 00 00 00  | ................
0610: 00 00 00 00 00 38 00 0c 00 3c 00 4c 00 3e 00 00  | .....8...<.L.>..
0620: 00 60 00 60 00 60 00 78 00 64 00 64 00 78 00 00  | .`.`.`.x.d.d.x..
0630: 00 00 00 00 00 38 00 64 00 60 00 64 00 38 00 00  | .....8.d.`.d.8..
0640: 00 0c 00 0c 00 0c 00 3c 00 4c 00 4c 00 3c 00 00  | .......<.L.L.<..
0650: 00 00 00 00 00 38 00 64 00 7c 00 60 00 3c 00 00  | .....8.d.|.`.<..
0660: 00 18 00 30 00 30 00 78 00 30 00 30 00 30 00 00  | ...0.0.x.0.0.0..
0670: 00 00 00 00 00 38 00 4c 00 4c 00 3c 00 0c 00 78  | .....8.L.L.<...x
0680: 00 60 00 60 00 60 00 78 00 64 00 64 00 64 00 00  | .`.`.`.x.d.d.d..
0690: 00 00 00 18 00 00 00 18 00 18 00 18 00 18 00 00  | ................
06a0: 00 00 00 18 00 00 00 18 00 18 00 18 00 18 00 30  | ...............0
06b0: 00 60 00 60 00 64 00 78 00 60 00 70 00 6c 00 00  | .`.`.d.x.`.p.l..
06c0: 00 30 00 30 00 30 00 30 00 30 00 30 00 18 00 00  | .0.0.0.0.0.0....
06d0: 00 00 00 00 00 ec 00 d2 00 d2 00 d2 00 d2 00 00  | ................
06e0: 00 00 00 00 00 78 00 64 00 64 00 64 00 64 00 00  | .....x.d.d.d.d..
06f0: 00 00 00 00 00 38 00 64 00 64 00 64 00 38 00 00  | .....8.d.d.d.8..
0700: 00 00 00 00 00 78 00 64 00 64 00 78 00 60 00 60  | .....x.d.d.x.`.`
0710: 00 00 00 00 00 3c 00 4c 00 4c 00 3c 00 0c 00 0e  | .....<.L.L.<....
0720: 00 00 00 00 00 6c 00 70 00 60 00 60 00 60 00 00  | .....l.p.`.`.`..
0730: 00 00 00 00 00 3c 00 60 00 38 00 0c 00 78 00 00  | .....<.`.8...x..
0740: 00 00 00 30 00 78 00 30 00 30 00 30 00 18 00 00  | ...0.x.0.0.0....
0750: 00 00 00 00 00 64 00 64 00 64 00 64 00 3a 00 00  | .....d.d.d.d.:..
0760: 00 00 00 00 00 64 00 64 00 64 00 28 00 10 00 00  | .....d.d.d.(....
0770: 00 00 00 00 00 d2 00 d2 00 d2 00 d2 00 6c 00 00  | .............l..
0780: 00 00 00 00 00 62 00 34 00 18 00 2c 00 46 00 00  | .....b.4...,.F..
0790: 00 00 00 00 00 64 00 64 00 3c 00 04 00 64 00 38  | .....d.d.<...d.8
07a0: 00 00 00 00 00 7c 00 0c 00 18 00 30 00 7c 00 00  | .....|.....0.|..
07b0: 00 08 00 10 00 10 00 30 00 10 00 10 00 08 00 00  | .......0........
07c0: 00 10 00 10 00 10 00 00 00 10 00 10 00 10 00 00  | ................
07d0: 00 20 00 10 00 10 00 18 00 10 00 10 00 20 00 00  | . ........... ..
07e0: 00 00 00 00 00 60 00 92 00 0c 00 00 00 00 00 00  | .....`..........
07f0: 00 00 00 00 00 00 00 00 00 00 00 00 00 00 00 00  | ................
0800: 00 00 00 00 00 00 00 00 00 00 00 00 00 00 00 ff  | ................
0810: 00 00 00 00 00 00 00 00 00 00 00 00 00 ff 00 ff  | ................
0820: 00 00 00 00 00 00 00 00 00 00 00 ff 00 ff 00 ff  | ................
0830: 00 00 00 00 00 00 00 00 00 ff 00 ff 00 ff 00 ff  | ................
0840: 00 00 00 00 00 00 00 ff 00 ff 00 ff 00 ff 00 ff  | ................
0850: 00 00 00 00 00 ff 00 ff 00 ff 00 ff 00 ff 00 ff  | ................
0860: 00 00 00 ff 00 ff 00 ff 00 ff 00 ff 00 ff 00 ff  | ................
0870: 00 ff 00 ff 00 ff 00 ff 00 ff 00 ff 00 ff 00 ff  | ................
0880: 00 80 00 80 00 80 00 80 00 80 00 80 00 80 00 80  | ................
0890: 00 c0 00 c0 00 c0 00 c0 00 c0 00 c0 00 c0 00 c0  | ................
08a0: 00 e0 00 e0 00 e0 00 e0 00 e0 00 e0 00 e0 00 e0  | ................
08b0: 00 f0 00 f0 00 f0 00 f0 00 f0 00 f0 00 f0 00 f0  | ................
08c0: 00 f8 00 f8 00 f8 00 f8 00 f8 00 f8 00 f8 00 f8  | ................
08d0: 00 fc 00 fc 00 fc 00 fc 00 fc 00 fc 00 fc 00 fc  | ................
08e0: 00 fe 00 fe 00 fe 00 fe 00 fe 00 fe 00 fe 00 fe  | ................
08f0: 00 18 00 18 00 18 00 ff 00 ff 00 18 00 18 00 18  | ................
0900: 00 18 00 18 00 18 00 ff 00 ff 00 00 00 00 00 00  | ................
0910: 00 00 00 00 00 00 00 ff 00 ff 00 18 00 18 00 18  | ................
0920: 00 18 00 18 00 18 00 f8 00 f8 00 18 00 18 00 18  | ................
0930: 00 18 00 18 00 18 00 1f 00 1f 00 18 00 18 00 18  | ................
0940: 00 00 00 ff 00 ff 00 00 00 00 00 00 00 00 00 00  | ................
0950: 00 00 00 00 00 00 00 ff 00 ff 00 00 00 00 00 00  | ................
0960: 00 30 00 30 00 30 00 30 00 30 00 30 00 30 00 30  | .0.0.0.0.0.0.0.0
0970: 00 18 00 18 00 18 00 18 00 18 00 18 00 18 00 18  | ................
0980: 00 00 00 00 00 00 00 1f 00 1f 00 18 00 18 00 18  | ................
0990: 00 00 00 00 00 00 00 f8 00 f8 00 18 00 18 00 18  | ................
09a0: 00 18 00 18 00 18 00 1f 00 1f 00 00 00 00 00 00  | ................
09b0: 00 18 00 18 00 18 00 f8 00 f8 00 00 00 00 00 00  | ................
09c0: 00 00 00 00 00 00 00 07 00 08 00 10 00 10 00 10  | ................
09d0: 00 00 00 00 00 00 00 e0 00 10 00 08 00 08 00 08  | ................
09e0: 00 10 00 10 00 10 00 08 00 07 00 00 00 00 00 00  | ................
09f0: 00 08 00 08 00 08 00 10 00 e0 00 00 00 00 00 00  | ................
0a00: 00 00 00 00 00 00 00 00 00 00 00 00 00 1f 00 00  | ................
0a10: 00 00 00 00 00 00 00 00 00 00 00 00 00 fc 00 00  | ................
0a20: 00 00 00 00 00 00 00 00 00 00 00 00 00 00 00 1f  | ................
0a30: 00 00 00 00 00 80 00 80 00 80 00 80 00 80 00 fc  | ................
0a40: 00 00 00 00 00 00 00 00 00 00 00 00 00 00 00 1f  | ................
0a50: 00 00 00 00 00 00 00 00 00 00 00 00 00 00 00 fc  | ................
0a60: 00 00 00 00 00 00 00 00 00 00 00 1f 00 00 00 00  | ................
0a70: 00 00 00 80 00 80 00 80 00 80 00 fc 00 80 00 80  | ................
0a80: 00 00 00 00 00 00 00 01 00 00 00 00 00 00 00 1f  | ................
0a90: 00 00 00 00 00 80 00 c0 00 80 00 00 00 00 00 fc  | ................
0aa0: 00 00 00 00 00 00 00 08 00 04 00 02 00 01 00 00  | ................
0ab0: 00 00 00 00 00 00 00 08 00 10 00 20 00 40 00 80  | ........... .@..
0ac0: 00 03 00 0c 00 10 00 20 00 20 00 40 00 40 00 40  | ....... . .@.@.@
0ad0: 00 e0 00 18 00 04 00 02 00 02 00 01 00 01 00 01  | ................
0ae0: 00 00 00 00 00 00 00 00 00 00 00 00 00 00 00 00  | ................
0af0: 00 00 00 00 00 00 00 00 00 00 00 00 00 00 00 00  | ................
0b00: 00 00 00 1f 00 00 00 00 00 00 00 00 00 00 00 00  | ................
0b10: 00 00 00 fc 00 00 00 00 00 00 00 00 00 00 00 00  | ................
0b20: 00 00 00 00 00 00 00 00 00 00 00 00 00 00 00 00  | ................
0b30: 00 80 00 80 00 80 00 80 00 80 00 00 00 00 00 00  | ................
0b40: 00 00 00 00 00 00 00 00 00 00 00 00 00 00 00 00  | ................
0b50: 00 00 00 00 00 00 00 00 00 00 00 00 00 00 00 00  | ................
0b60: 00 00 00 00 00 00 00 00 00 1f 00 00 00 00 00 00  | ................
0b70: 00 80 00 80 00 00 00 00 00 fc 00 00 00 00 00 00  | ................
0b80: 00 00 00 00 00 00 00 01 00 00 00 00 00 00 00 00  | ................
0b90: 00 00 00 00 00 80 00 c0 00 80 00 00 00 00 00 00  | ................
0ba0: 00 00 00 01 00 02 00 04 00 08 00 00 00 00 00 00  | ................
0bb0: 00 80 00 40 00 20 00 10 00 08 00 00 00 00 00 00  | ...@. ..........
0bc0: 00 40 00 40 00 40 00 20 00 20 00 10 00 0c 00 03  | .@.@.@. . ......
0bd0: 00 01 00 01 00 01 00 02 00 02 00 04 00 18 00 e0  | ................
0be0: 00 00 00 00 00 00 00 00 00 00 00 00 00 00 00 00  | ................
0bf0: 00 00 00 00 00 00 00 00 00 00 00 00 00 00 00 00  | ................
0c00: 00 00 00 00 00 00 00 00 00 00 00 00 00 00 00 00  | ................
0c10: 00 00 00 00 00 00 00 00 00 00 00 00 00 00 00 00  | ................
0c20: 00 00 00 00 00 00 00 00 00 00 00 00 00 00 00 00  | ................
0c30: 00 00 00 00 00 00 00 00 00 00 00 00 00 00 00 00  | ................
0c40: 00 00 00 00 00 00 00 00 00 00 00 00 00 00 00 01  | ................
0c50: 00 00 00 00 00 00 00 00 00 00 00 00 00 c0 00 e0  | ................
0c60: 00 02 00 04 00 08 00 10 00 10 00 20 00 20 00 20  | ........... . . 
0c70: 00 20 00 10 00 08 00 04 00 04 00 02 00 02 00 02  | . ..............
0c80: 00 00 00 00 00 00 00 01 00 01 00 02 00 7c 00 30  | .............|.0
0c90: 00 80 00 80 00 80 00 40 00 40 00 20 00 1f 00 06  | .......@.@. ....
0ca0: 00 00 00 07 00 08 00 08 00 08 00 05 00 02 00 05  | ................
0cb0: 00 00 00 00 00 80 00 80 00 80 00 00 00 00 00 00  | ................
0cc0: 00 00 00 00 00 01 00 01 00 02 00 02 00 04 00 04  | ................
0cd0: 00 80 00 80 00 40 00 40 00 20 00 20 00 10 00 10  | .....@.@. . ....
0ce0: 00 00 00 00 00 00 00 00 00 00 00 00 00 00 00 00  | ................
0cf0: 00 00 00 00 00 00 00 00 00 00 00 00 00 00 00 00  | ................
0d00: 00 00 00 00 00 00 00 00 00 00 00 00 00 00 00 00  | ................
0d10: 00 00 00 00 00 00 00 00 00 00 00 00 00 00 00 00  | ................
0d20: 00 00 00 00 00 00 00 00 00 00 00 00 00 00 00 00  | ................
0d30: 00 00 00 00 00 00 00 00 00 00 00 00 00 00 00 00  | ................
0d40: 00 01 00 00 00 00 00 00 00 00 00 00 00 00 00 00  | ................
0d50: 00 e0 00 c0 00 00 00 00 00 00 00 00 00 00 00 00  | ................
0d60: 00 20 00 20 00 20 00 10 00 10 00 08 00 04 00 02  | . . . ..........
0d70: 00 02 00 02 00 02 00 04 00 04 00 08 00 10 00 20  | ............... 
0d80: 00 0c 00 02 00 04 00 04 00 09 00 0a 00 0c 00 10  | ................
0d90: 00 18 00 20 00 10 00 90 00 48 00 28 00 18 00 04  | ... .....H.(....
0da0: 00 09 00 10 00 10 00 10 00 10 00 0f 00 00 00 00  | ................
0db0: 00 08 00 88 00 50 00 20 00 54 00 88 00 00 00 00  | .....P. .T......
0dc0: 00 08 00 08 00 10 00 10 00 20 00 20 00 7f 00 00  | ......... . ....
0dd0: 00 08 00 08 00 04 00 04 00 02 00 02 00 ff 00 00  | ................
0de0: 00 00 00 00 00 00 00 00 00 00 00 00 00 00 00 00  | ................
0df0: 00 00 00 00 00 00 00 00 00 00 00 00 00 00 00 00  | ................
0e00: 00 00 00 00 00 00 00 00 00 00 00 00 00 00 00 00  | ................
0e10: 00 00 00 00 00 00 00 00 00 00 00 00 00 00 00 00  | ................
0e20: 00 00 00 00 00 00 00 00 00 00 00 00 00 00 00 00  | ................
0e30: 00 00 00 00 00 00 00 00 00 00 00 00 00 00 00 00  | ................
0e40: 00 3c 00 42 00 9d 00 a1 00 a1 00 9d 00 42 00 3c  | .<.B.........B.<
0e50: 00 0c 00 1c 00 0c 00 0c 00 0c 00 0c 00 1e 00 00  | ................
0e60: 00 3e 00 63 00 63 00 3f 00 03 00 63 00 3e 00 00  | .>.c.c.?...c.>..
0e70: 00 3e 00 63 00 63 00 3f 00 03 00 63 00 3e 00 00  | .>.c.c.?...c.>..
0e80: 00 0c 00 1c 00 0c 00 0c 00 0c 00 0c 00 1e 00 00  | ................
0e90: 00 00 00 00 00 00 00 00 00 00 00 00 00 00 00 00  | ................
0ea0: 00 c6 00 e6 00 e6 00 d6 00 d6 00 ce 00 ce 00 c6  | ................
0eb0: 00 c0 00 c0 00 00 00 db 00 dd 00 d9 00 d9 00 d9  | ................
0ec0: 00 00 00 30 00 78 00 33 00 b6 00 b7 00 b6 00 b3  | ...0.x.3........
0ed0: 00 00 00 00 00 00 00 9b 00 dd 00 d9 00 19 00 99  | ................
0ee0: 00 06 00 06 00 06 00 1e 00 b6 00 b6 00 b6 00 9e  | ................
0ef0: 00 00 00 00 00 00 00 70 00 d8 00 d8 00 d8 00 70  | .......p.......p
0f00: 00 00 00 00 00 00 00 00 00 00 00 00 00 00 00 00  | ................
0f10: 00 00 00 00 00 00 00 00 00 00 00 00 00 00 00 00  | ................
0f20: 00 00 00 00 00 00 00 00 00 00 00 00 00 00 00 00  | ................
0f30: 00 00 00 00 00 00 00 00 00 00 00 00 00 00 00 00  | ................
0f40: 00 00 00 00 00 00 00 00 00 00 00 00 00 00 00 00  | ................
0f50: 00 00 00 00 00 00 00 00 00 00 00 00 00 00 00 00  | ................
0f60: 00 00 00 00 00 00 00 00 00 00 00 00 00 00 00 00  | ................
0f70: 00 00 00 00 00 00 00 00 00 00 00 00 00 00 00 00  | ................
0f80: 00 00 00 00 00 00 00 00 00 00 00 00 00 00 00 00  | ................
0f90: 00 10 00 38 00 54 00 10 00 10 00 10 00 10 00 00  | ...8.T..........
0fa0: 00 10 00 10 00 10 00 10 00 54 00 38 00 10 00 00  | .........T.8....
0fb0: 00 00 00 20 00 40 00 fe 00 40 00 20 00 00 00 00  | ... .@...@. ....
0fc0: 00 00 00 08 00 04 00 fe 00 04 00 08 00 00 00 00  | ................
0fd0: 00 00 00 20 00 7c 00 10 00 7c 00 08 00 00 00 00  | ... .|...|......
0fe0: 00 10 00 10 00 7c 00 10 00 10 00 00 00 7c 00 00  | .....|.......|..
0ff0: 00 00 00 00 00 00 00 00 00 00 00 00 00 00 00 00  | ................
1000: 00 00 00 07 00 08 00 10 00 10 00 10 00 10 00 10  | ................
1010: 00 00 00 e0 00 10 00 08 00 08 00 08 00 08 00 08  | ................
1020: 00 00 00 00 00 01 00 02 00 00 00 00 00 00 00 00  | ................
1030: 00 00 00 80 00 80 00 80 00 80 00 80 00 80 00 80  | ................
1040: 00 00 00 03 00 0c 00 10 00 10 00 10 00 00 00 00  | ................
1050: 00 00 00 e0 00 18 00 04 00 04 00 04 00 04 00 18  | ................
1060: 00 00 00 03 00 0c 00 10 00 10 00 00 00 00 00 03  | ................
1070: 00 00 00 e0 00 18 00 04 00 04 00 04 00 18 00 e0  | ................
1080: 00 00 00 00 00 00 00 00 00 00 00 00 00 01 00 02  | ................
1090: 00 00 00 10 00 30 00 50 00 90 00 90 00 10 00 10  | .....0.P........
10a0: 00 00 00 0f 00 08 00 08 00 08 00 0b 00 0c 00 08  | ................
10b0: 00 00 00 f8 00 00 00 00 00 00 00 c0 00 30 00 08  | .............0..
10c0: 00 00 00 03 00 04 00 08 00 08 00 11 00 16 00 18  | ................
10d0: 00 00 00 e0 00 10 00 08 00 00 00 c0 00 30 00 08  | .............0..
10e0: 00 00 00 1f 00 00 00 00 00 00 00 00 00 00 00 00  | ................
10f0: 00 00 00 fc 00 04 00 08 00 10 00 20 00 20 00 40  | ........... . .@
1100: 00 10 00 10 00 10 00 10 00 10 00 08 00 07 00 00  | ................
1110: 00 08 00 08 00 08 00 08 00 08 00 10 00 e0 00 00  | ................
1120: 00 00 00 00 00 00 00 00 00 00 00 00 00 01 00 00  | ................
1130: 00 80 00 80 00 80 00 80 00 80 00 80 00 c0 00 00  | ................
1140: 00 00 00 03 00 04 00 08 00 08 00 10 00 1f 00 00  | ................
1150: 00 e0 00 00 00 00 00 00 00 00 00 00 00 fc 00 00  | ................
1160: 00 00 00 00 00 00 00 10 00 10 00 0c 00 03 00 00  | ................
1170: 00 18 00 04 00 04 00 04 00 04 00 18 00 e0 00 00  | ................
1180: 00 04 00 08 00 10 00 1f 00 00 00 00 00 00 00 00  | ................
1190: 00 10 00 10 00 10 00 fc 00 10 00 10 00 10 00 00  | ................
11a0: 00 00 00 00 00 00 00 08 00 08 00 06 00 01 00 00  | ................
11b0: 00 08 00 04 00 04 00 08 00 08 00 30 00 c0 00 00  | ...........0....
11c0: 00 10 00 10 00 10 00 08 00 08 00 06 00 01 00 00  | ................
11d0: 00 08 00 04 00 04 00 08 00 08 00 30 00 c0 00 00  | ...........0....
11e0: 00 00 00 00 00 00 00 00 00 00 00 00 00 00 00 00  | ................
11f0: 00 40 00 80 00 80 00 80 00 80 00 80 00 80 00 00  | .@..............
1200: 00 00 00 03 00 0c 00 10 00 10 00 10 00 0c 00 03  | ................
1210: 00 00 00 e0 00 18 00 04 00 04 00 04 00 18 00 e0  | ................
1220: 00 00 00 03 00 0c 00 10 00 10 00 20 00 20 00 10  | ........... . ..
1230: 00 00 00 80 00 60 00 10 00 10 00 08 00 08 00 08  | .....`..........
1240: 00 00 00 00 00 00 00 01 00 01 00 02 00 02 00 04  | ................
1250: 00 00 00 80 00 80 00 40 00 40 00 20 00 20 00 10  | .......@.@. . ..
1260: 00 00 00 1f 00 08 00 08 00 08 00 08 00 08 00 0f  | ................
1270: 00 00 00 e0 00 18 00 04 00 04 00 04 00 18 00 e0  | ................
1280: 00 00 00 01 00 06 00 08 00 08 00 10 00 10 00 10  | ................
1290: 00 00 00 e4 00 14 00 0c 00 04 00 00 00 00 00 00  | ................
12a0: 00 00 00 1f 00 08 00 08 00 08 00 08 00 08 00 08  | ................
12b0: 00 00 00 c0 00 30 00 08 00 08 00 04 00 04 00 04  | .....0..........
12c0: 00 00 00 1f 00 08 00 08 00 08 00 08 00 08 00 0f  | ................
12d0: 00 00 00 f8 00 08 00 08 00 00 00 00 00 20 00 e0  | ............. ..
12e0: 00 00 00 1f 00 08 00 08 00 08 00 08 00 08 00 0f  | ................
12f0: 00 00 00 fc 00 04 00 04 00 00 00 00 00 20 00 e0  | ............. ..
1300: 00 0c 00 10 00 10 00 10 00 10 00 0c 00 03 00 00  | ................
1310: 00 18 00 04 00 04 00 04 00 04 00 18 00 e0 00 00  | ................
1320: 00 10 00 0c 00 03 00 00 00 10 00 08 00 07 00 00  | ................
1330: 00 18 00 68 00 88 00 10 00 10 00 20 00 c0 00 00  | ...h....... ....
1340: 00 04 00 0f 00 08 00 10 00 10 00 38 00 00 00 00  | ...........8....
1350: 00 10 00 f8 00 08 00 04 00 04 00 0e 00 00 00 00  | ................
1360: 00 08 00 08 00 08 00 08 00 08 00 1f 00 00 00 00  | ................
1370: 00 18 00 04 00 04 00 04 00 18 00 e0 00 00 00 00  | ................
1380: 00 10 00 10 00 08 00 08 00 06 00 01 00 00 00 00  | ................
1390: 00 00 00 04 00 04 00 04 00 08 00 f0 00 00 00 00  | ................
13a0: 00 08 00 08 00 08 00 08 00 08 00 1f 00 00 00 00  | ................
13b0: 00 04 00 04 00 08 00 08 00 30 00 c0 00 00 00 00  | .........0......
13c0: 00 08 00 08 00 08 00 08 00 08 00 1f 00 00 00 00  | ................
13d0: 00 20 00 00 00 00 00 08 00 08 00 f8 00 00 00 00  | . ..............
13e0: 00 08 00 08 00 08 00 08 00 08 00 1c 00 00 00 00  | ................
13f0: 00 20 00 00 00 00 00 00 00 00 00 00 00 00 00 00  | . ..............
1400: 00 00 00 03 00 04 00 08 00 08 00 10 00 10 00 10  | ................
1410: 00 00 00 f0 00 10 00 08 00 00 00 00 00 00 00 00  | ................
1420: 00 00 00 1f 00 04 00 04 00 04 00 04 00 04 00 07  | ................
1430: 00 00 00 3e 00 08 00 08 00 08 00 08 00 08 00 f8  | ...>............
1440: 00 00 00 03 00 00 00 00 00 00 00 00 00 00 00 00  | ................
1450: 00 00 00 e0 00 80 00 80 00 80 00 80 00 80 00 80  | ................
1460: 00 00 00 00 00 00 00 00 00 00 00 00 00 00 00 00  | ................
1470: 00 00 00 f8 00 20 00 20 00 20 00 20 00 20 00 20  | ..... . . . . . 
1480: 00 00 00 3e 00 08 00 08 00 08 00 08 00 09 00 0a  | ...>............
1490: 00 00 00 3c 00 10 00 20 00 40 00 80 00 00 00 80  | ...<... .@......
14a0: 00 00 00 1f 00 04 00 04 00 04 00 04 00 04 00 04  | ................
14b0: 00 00 00 00 00 00 00 00 00 00 00 00 00 00 00 00  | ................
14c0: 00 00 00 78 00 18 00 14 00 14 00 14 00 12 00 12  | ...x............
14d0: 00 00 00 0f 00 0c 00 14 00 14 00 14 00 24 00 24  | .............$.$
14e0: 00 00 00 3c 00 0c 00 0a 00 0a 00 09 00 09 00 08  | ...<............
14f0: 00 00 00 3e 00 08 00 08 00 08 00 08 00 08 00 88  | ...>............
1500: 00 10 00 10 00 08 00 08 00 04 00 03 00 00 00 00  | ................
1510: 00 7c 00 10 00 10 00 10 00 30 00 d0 00 00 00 00  | .|.......0......
1520: 00 04 00 04 00 04 00 04 00 04 00 1f 00 00 00 00  | ................
1530: 00 08 00 08 00 08 00 08 00 08 00 3e 00 00 00 00  | ...........>....
1540: 00 00 00 00 00 00 00 00 00 00 00 03 00 00 00 00  | ................
1550: 00 80 00 80 00 80 00 80 00 80 00 e0 00 00 00 00  | ................
1560: 00 00 00 00 00 00 00 06 00 04 00 03 00 00 00 00  | ................
1570: 00 20 00 20 00 20 00 20 00 20 00 c0 00 00 00 00  | . . . . . ......
1580: 00 0c 00 08 00 08 00 08 00 08 00 3e 00 00 00 00  | ...........>....
1590: 00 80 00 40 00 20 00 20 00 10 00 3c 00 00 00 00  | ...@. . ...<....
15a0: 00 04 00 04 00 04 00 04 00 04 00 1f 00 00 00 00  | ................
15b0: 00 00 00 00 00 00 00 04 00 08 00 f8 00 00 00 00  | ................
15c0: 00 12 00 11 00 11 00 11 00 10 00 7c 00 00 00 00  | ...........|....
15d0: 00 24 00 44 00 44 00 44 00 84 00 9f 00 00 00 00  | .$.D.D.D........
15e0: 00 08 00 08 00 08 00 08 00 08 00 3e 00 00 00 00  | ...........>....
15f0: 00 48 00 48 00 28 00 28 00 18 00 08 00 00 00 00  | .H.H.(.(........
1600: 00 00 00 03 00 04 00 08 00 08 00 10 00 10 00 10  | ................
1610: 00 00 00 e0 00 10 00 08 00 08 00 04 00 04 00 04  | ................
1620: 00 00 00 1f 00 04 00 04 00 04 00 04 00 04 00 07  | ................
1630: 00 00 00 e0 00 10 00 08 00 08 00 08 00 10 00 e0  | ................
1640: 00 00 00 03 00 04 00 08 00 08 00 10 00 10 00 10  | ................
1650: 00 00 00 e0 00 10 00 08 00 08 00 04 00 04 00 04  | ................
1660: 00 00 00 1f 00 04 00 04 00 04 00 04 00 04 00 07  | ................
1670: 00 00 00 e0 00 10 00 08 00 08 00 08 00 10 00 e0  | ................
1680: 00 00 00 03 00 04 00 08 00 08 00 08 00 06 00 01  | ................
1690: 00 00 00 d0 00 30 00 10 00 00 00 00 00 00 00 c0  | .....0..........
16a0: 00 00 00 0f 00 08 00 10 00 10 00 00 00 00 00 00  | ................
16b0: 00 00 00 f8 00 88 00 84 00 84 00 80 00 80 00 80  | ................
16c0: 00 00 00 3e 00 08 00 08 00 08 00 08 00 08 00 08  | ...>............
16d0: 00 00 00 3e 00 08 00 08 00 08 00 08 00 08 00 08  | ...>............
16e0: 00 00 00 3e 00 08 00 08 00 04 00 04 00 04 00 02  | ...>............
16f0: 00 00 00 3e 00 08 00 08 00 10 00 10 00 10 00 20  | ...>........... 
1700: 00 10 00 10 00 08 00 08 00 04 00 03 00 00 00 00  | ................
1710: 00 04 00 04 00 08 00 08 00 10 00 e0 00 00 00 00  | ................
1720: 00 04 00 04 00 04 00 04 00 04 00 1f 00 00 00 00  | ................
1730: 00 00 00 00 00 00 00 00 00 00 00 00 00 00 00 00  | ................
1740: 00 10 00 11 00 0a 00 0c 00 04 00 03 00 00 00 00  | ................
1750: 00 04 00 c4 00 28 00 10 00 30 00 d0 00 0a 00 04  | .....(...0......
1760: 00 04 00 04 00 04 00 04 00 04 00 1f 00 00 00 00  | ................
1770: 00 80 00 40 00 20 00 20 00 10 00 1c 00 00 00 00  | ...@. . ........
1780: 00 00 00 00 00 08 00 08 00 0c 00 0b 00 00 00 00  | ................
1790: 00 30 00 08 00 08 00 08 00 10 00 e0 00 00 00 00  | .0..............
17a0: 00 00 00 00 00 00 00 00 00 00 00 03 00 00 00 00  | ................
17b0: 00 80 00 80 00 80 00 80 00 80 00 e0 00 00 00 00  | ................
17c0: 00 08 00 08 00 08 00 08 00 04 00 03 00 00 00 00  | ................
17d0: 00 08 00 08 00 08 00 08 00 10 00 e0 00 00 00 00  | ................
17e0: 00 02 00 02 00 01 00 01 00 00 00 00 00 00 00 00  | ................
17f0: 00 20 00 20 00 40 00 40 00 80 00 80 00 00 00 00  | . . .@.@........
1800: 00 00 00 71 00 20 00 20 00 20 00 11 00 11 00 11  | ...q. . . ......
1810: 00 00 00 c7 00 82 00 82 00 82 00 44 00 44 00 44  | ...........D.D.D
1820: 00 00 00 1e 00 04 00 02 00 02 00 01 00 00 00 00  | ................
1830: 00 00 00 3c 00 10 00 20 00 20 00 40 00 80 00 80  | ...<... . .@....
1840: 00 00 00 3e 00 08 00 04 00 04 00 02 00 02 00 01  | ...>............
1850: 00 00 00 3e 00 08 00 10 00 10 00 20 00 20 00 40  | ...>....... . .@
1860: 00 00 00 07 00 04 00 08 00 00 00 00 00 00 00 00  | ................
1870: 00 00 00 f8 00 10 00 20 00 20 00 40 00 80 00 80  | ....... . .@....
1880: 00 00 00 00 00 00 00 00 00 00 00 01 00 02 00 04  | ................
1890: 00 00 00 00 00 00 00 00 00 00 00 c0 00 20 00 20  | ............. . 
18a0: 00 00 00 06 00 02 00 02 00 02 00 02 00 03 00 02  | ................
18b0: 00 00 00 00 00 00 00 00 00 00 00 e0 00 10 00 08  | ................
18c0: 00 00 00 00 00 00 00 00 00 00 00 01 00 02 00 04  | ................
18d0: 00 00 00 00 00 00 00 00 00 00 00 c0 00 20 00 10  | ............. ..
18e0: 00 00 00 00 00 00 00 00 00 00 00 03 00 04 00 08  | ................
18f0: 00 00 00 e0 00 20 00 20 00 20 00 a0 00 60 00 20  | ..... . . ...`. 
1900: 00 0a 00 0a 00 0a 00 04 00 04 00 04 00 00 00 00  | ................
1910: 00 28 00 28 00 28 00 10 00 10 00 10 00 00 00 00  | .(.(.(..........
1920: 00 01 00 01 00 02 00 02 00 04 00 1e 00 00 00 00  | ................
1930: 00 40 00 40 00 20 00 20 00 10 00 3c 00 00 00 00  | .@.@. . ...<....
1940: 00 00 00 00 00 00 00 00 00 00 00 03 00 00 00 00  | ................
1950: 00 80 00 80 00 80 00 80 00 80 00 e0 00 00 00 00  | ................
1960: 00 01 00 02 00 04 00 04 00 08 00 1f 00 00 00 00  | ................
1970: 00 00 00 00 00 08 00 08 00 10 00 f0 00 00 00 00  | ................
1980: 00 00 00 03 00 04 00 04 00 04 00 03 00 00 00 00  | ................
1990: 00 e0 00 20 00 20 00 20 00 60 00 b0 00 00 00 00  | ... . . .`......
19a0: 00 02 00 02 00 02 00 02 00 03 00 02 00 00 00 00  | ................
19b0: 00 08 00 08 00 08 00 08 00 10 00 e0 00 00 00 00  | ................
19c0: 00 04 00 04 00 04 00 04 00 02 00 01 00 00 00 00  | ................
19d0: 00 00 00 00 00 00 00 10 00 20 00 c0 00 00 00 00  | ......... ......
19e0: 00 08 00 08 00 08 00 08 00 04 00 03 00 00 00 00  | ................
19f0: 00 20 00 20 00 20 00 20 00 60 00 b0 00 00 00 00  | . . . . .`......
1a00: 00 00 00 00 00 00 00 00 00 00 00 01 00 02 00 04  | ................
1a10: 00 00 00 00 00 00 00 00 00 00 00 c0 00 20 00 10  | ............. ..
1a20: 00 00 00 00 00 00 00 01 00 01 00 07 00 01 00 01  | ................
1a30: 00 00 00 40 00 a0 00 00 00 00 00 c0 00 00 00 00  | ...@............
1a40: 00 00 00 00 00 00 00 03 00 04 00 08 00 04 00 03  | ................
1a50: 00 00 00 00 00 00 00 90 00 68 00 20 00 40 00 80  | .........h. .@..
1a60: 00 00 00 06 00 02 00 02 00 02 00 02 00 03 00 02  | ................
1a70: 00 00 00 00 00 00 00 00 00 00 00 c0 00 20 00 10  | ............. ..
1a80: 00 00 00 00 00 00 00 00 00 00 00 01 00 00 00 00  | ................
1a90: 00 00 00 80 00 80 00 00 00 00 00 80 00 80 00 80  | ................
1aa0: 00 00 00 00 00 00 00 00 00 00 00 00 00 00 00 00  | ................
1ab0: 00 00 00 40 00 40 00 00 00 00 00 c0 00 40 00 40  | ...@.@.......@.@
1ac0: 00 00 00 0c 00 04 00 04 00 04 00 04 00 04 00 04  | ................
1ad0: 00 00 00 00 00 00 00 00 00 00 00 70 00 20 00 40  | ...........p. .@
1ae0: 00 00 00 01 00 00 00 00 00 00 00 00 00 00 00 00  | ................
1af0: 00 00 00 80 00 80 00 80 00 80 00 80 00 80 00 80  | ................
1b00: 00 04 00 07 00 04 00 04 00 02 00 01 00 00 00 00  | ................
1b10: 00 10 00 f0 00 00 00 00 00 10 00 e0 00 00 00 00  | ................
1b20: 00 01 00 01 00 01 00 01 00 01 00 07 00 00 00 00  | ................
1b30: 00 00 00 00 00 00 00 00 00 00 00 c0 00 00 00 00  | ................
1b40: 00 04 00 03 00 04 00 08 00 04 00 03 00 00 00 00  | ................
1b50: 00 00 00 c0 00 20 00 10 00 10 00 e0 00 00 00 00  | ..... ..........
1b60: 00 02 00 02 00 02 00 02 00 02 00 07 00 00 00 00  | ................
1b70: 00 10 00 10 00 10 00 10 00 10 00 38 00 00 00 00  | ...........8....
1b80: 00 00 00 00 00 00 00 00 00 00 00 01 00 00 00 00  | ................
1b90: 00 80 00 80 00 80 00 80 00 80 00 c0 00 00 00 00  | ................
1ba0: 00 00 00 00 00 00 00 00 00 00 00 00 00 02 00 01  | ................
1bb0: 00 40 00 40 00 40 00 40 00 40 00 40 00 40 00 80  | .@.@.@.@.@.@.@..
1bc0: 00 04 00 05 00 06 00 04 00 04 00 0e 00 00 00 00  | ................
1bd0: 00 80 00 00 00 80 00 40 00 20 00 38 00 00 00 00  | .......@. .8....
1be0: 00 00 00 00 00 00 00 00 00 00 00 01 00 00 00 00  | ................
1bf0: 00 80 00 80 00 80 00 80 00 80 00 c0 00 00 00 00  | ................
1c00: 00 00 00 00 00 00 00 00 00 00 00 36 00 19 00 10  | ...........6....
1c10: 00 00 00 00 00 00 00 00 00 00 00 30 00 48 00 84  | ...........0.H..
1c20: 00 00 00 00 00 00 00 00 00 00 00 0d 00 06 00 04  | ................
1c30: 00 00 00 00 00 00 00 00 00 00 00 c0 00 20 00 10  | ............. ..
1c40: 00 00 00 00 00 00 00 00 00 00 00 01 00 02 00 04  | ................
1c50: 00 00 00 00 00 00 00 00 00 00 00 c0 00 20 00 10  | ............. ..
1c60: 00 00 00 00 00 00 00 00 00 00 00 06 00 03 00 02  | ................
1c70: 00 00 00 00 00 00 00 00 00 00 00 e0 00 10 00 08  | ................
1c80: 00 00 00 00 00 00 00 00 00 00 00 03 00 04 00 08  | ................
1c90: 00 00 00 00 00 00 00 00 00 00 00 a0 00 60 00 20  | .............`. 
1ca0: 00 00 00 00 00 00 00 00 00 00 00 01 00 00 00 00  | ................
1cb0: 00 00 00 00 00 00 00 00 00 00 00 98 00 a4 00 c0  | ................
1cc0: 00 00 00 00 00 00 00 00 00 00 00 03 00 04 00 04  | ................
1cd0: 00 00 00 00 00 00 00 00 00 00 00 e0 00 10 00 00  | ................
1ce0: 00 00 00 00 00 00 00 00 00 00 00 03 00 00 00 00  | ................
1cf0: 00 00 00 80 00 80 00 80 00 80 00 e0 00 80 00 80  | ................
1d00: 00 10 00 10 00 10 00 10 00 10 00 39 00 00 00 00  | ...........9....
1d10: 00 84 00 84 00 84 00 84 00 84 00 ce 00 00 00 00  | ................
1d20: 00 04 00 04 00 04 00 04 00 04 00 0e 00 00 00 00  | ................
1d30: 00 10 00 10 00 10 00 10 00 10 00 38 00 00 00 00  | ...........8....
1d40: 00 04 00 04 00 04 00 04 00 02 00 01 00 00 00 00  | ................
1d50: 00 10 00 10 00 10 00 10 00 20 00 c0 00 00 00 00  | ......... ......
1d60: 00 02 00 02 00 02 00 02 00 03 00 02 00 02 00 07  | ................
1d70: 00 08 00 08 00 08 00 08 00 10 00 e0 00 00 00 00  | ................
1d80: 00 08 00 08 00 08 00 08 00 04 00 03 00 00 00 00  | ................
1d90: 00 20 00 20 00 20 00 20 00 60 00 a0 00 20 00 70  | . . . . .`... .p
1da0: 00 00 00 00 00 00 00 00 00 00 00 01 00 00 00 00  | ................
1db0: 00 80 00 80 00 80 00 80 00 80 00 e0 00 00 00 00  | ................
1dc0: 00 02 00 01 00 00 00 04 00 04 00 03 00 00 00 00  | ................
1dd0: 00 00 00 c0 00 20 00 10 00 10 00 e0 00 00 00 00  | ..... ..........
1de0: 00 00 00 00 00 00 00 00 00 00 00 00 00 00 00 00  | ................
1df0: 00 80 00 80 00 80 00 80 00 90 00 60 00 00 00 00  | ...........`....
1e00: 00 00 00 00 00 00 00 00 00 00 00 0c 00 04 00 04  | ................
1e10: 00 00 00 00 00 00 00 00 00 00 00 70 00 10 00 10  | ...........p....
1e20: 00 00 00 00 00 00 00 00 00 00 00 0e 00 04 00 04  | ................
1e30: 00 00 00 00 00 00 00 00 00 00 00 38 00 10 00 10  | ...........8....
1e40: 00 00 00 00 00 00 00 00 00 00 00 39 00 10 00 11  | ...........9....
1e50: 00 00 00 00 00 00 00 00 00 00 00 ce 00 84 00 44  | ...............D
1e60: 00 00 00 00 00 00 00 00 00 00 00 0e 00 04 00 02  | ................
1e70: 00 00 00 00 00 00 00 00 00 00 00 38 00 10 00 20  | ...........8... 
1e80: 00 00 00 00 00 00 00 00 00 00 00 0e 00 04 00 04  | ................
1e90: 00 00 00 00 00 00 00 00 00 00 00 38 00 10 00 10  | ...........8....
1ea0: 00 00 00 00 00 00 00 00 00 00 00 07 00 04 00 08  | ................
1eb0: 00 00 00 00 00 00 00 00 00 00 00 f0 00 20 00 40  | ............. .@
1ec0: 00 ff 00 ff 00 ff 00 ff 00 ff 00 ff 00 ff 00 ff  | ................
1ed0: 00 ff 00 ff 00 ff 00 ff 00 ff 00 ff 00 ff 00 ff  | ................
1ee0: 00 00 00 00 00 00 00 00 00 00 00 00 00 00 00 00  | ................
1ef0: 00 00 00 00 00 00 00 00 00 00 00 00 00 00 00 00  | ................
1f00: 00 04 00 04 00 04 00 04 00 02 00 01 00 00 00 00  | ................
1f10: 00 10 00 10 00 10 00 10 00 30 00 d8 00 00 00 00  | .........0......
1f20: 00 02 00 02 00 01 00 01 00 00 00 00 00 00 00 00  | ................
1f30: 00 20 00 20 00 40 00 40 00 80 00 80 00 00 00 00  | . . .@.@........
1f40: 00 09 00 0a 00 0a 00 0a 00 04 00 04 00 00 00 00  | ................
1f50: 00 48 00 28 00 28 00 28 00 10 00 10 00 00 00 00  | .H.(.(.(........
1f60: 00 01 00 00 00 01 00 02 00 04 00 0e 00 00 00 00  | ................
1f70: 00 40 00 80 00 40 00 20 00 10 00 38 00 00 00 00  | .@...@. ...8....
1f80: 00 02 00 02 00 01 00 01 00 00 00 00 00 09 00 06  | ................
1f90: 00 20 00 20 00 40 00 40 00 80 00 80 00 00 00 00  | . . .@.@........
1fa0: 00 00 00 01 00 01 00 02 00 04 00 0f 00 00 00 00  | ................
1fb0: 00 80 00 00 00 00 00 10 00 20 00 e0 00 00 00 00  | ......... ......
1fc0: 00 ff 00 ff 00 ff 00 ff 00 ff 00 ff 00 ff 00 ff  | ................
1fd0: 00 ff 00 ff 00 ff 00 ff 00 ff 00 ff 00 ff 00 ff  | ................
1fe0: 00 00 00 00 00 00 00 00 00 00 00 00 00 00 00 00  | ................
1ff0: 00 00 00 00 00 00 00 00 00 00 00 00 00 00 00 00  | ................
2000: 00 00 00 3d 00 43 00 81 00 80 00 80 00 60 00 1c  | ...=.C.......`..
2010: 00 00 00 3f 00 10 00 10 00 10 00 10 00 10 00 1f  | ...?............
2020: 00 00 00 f7 00 11 00 11 00 01 00 01 00 41 00 c1  | .............A..
2030: 00 00 00 c0 00 00 00 00 00 00 00 00 00 00 00 00  | ................
2040: 00 00 00 7f 00 20 00 20 00 20 00 20 00 20 00 3f  | ..... . . . . .?
2050: 00 00 00 e0 00 23 00 24 00 04 00 08 00 88 00 88  | .....#.$........
2060: 00 00 00 f2 00 0a 00 06 00 02 00 00 00 00 00 00  | ................
2070: 00 00 00 7f 00 44 00 84 00 84 00 04 00 04 00 04  | .....D..........
2080: 00 00 00 c0 00 40 00 20 00 20 00 00 00 00 00 00  | .....@. . ......
2090: 00 00 00 00 00 00 00 00 00 00 00 00 00 00 00 00  | ................
20a0: 00 00 00 1f 00 31 00 21 00 01 00 01 00 01 00 01  | .....1.!........
20b0: 00 00 00 f8 00 8c 00 84 00 80 00 80 00 80 00 81  | ................
20c0: 00 00 00 00 00 00 00 00 00 00 00 70 00 88 00 8c  | ...........p....
20d0: 00 00 00 00 00 00 00 00 00 00 00 3e 00 63 00 60  | ...........>.c.`
20e0: 00 00 00 00 00 0c 00 0c 00 1c 00 3f 00 0c 00 0c  | ...........?....
20f0: 00 00 00 00 00 00 00 00 00 00 00 00 00 00 00 00  | ................
2100: 00 03 00 00 00 80 00 80 00 c1 00 be 00 00 00 00  | ................
2110: 00 10 00 90 00 90 00 90 00 10 00 3f 00 00 00 00  | ...........?....
2120: 00 41 00 01 00 01 00 11 00 11 00 f7 00 00 00 00  | .A..............
2130: 00 00 00 00 00 00 00 01 00 02 00 fe 00 00 00 00  | ................
2140: 00 20 00 20 00 20 00 20 00 20 00 7f 00 00 00 00  | . . . . . ......
2150: 00 88 00 08 00 04 00 24 00 23 00 e0 00 00 00 00  | .......$.#......
2160: 00 00 00 02 00 02 00 02 00 04 00 f8 00 00 00 00  | ................
2170: 00 04 00 04 00 04 00 04 00 04 00 1f 00 00 00 00  | ................
2180: 00 00 00 00 00 00 00 00 00 00 00 00 00 00 00 00  | ................
2190: 00 00 00 00 00 00 00 00 00 00 00 00 00 00 00 00  | ................
21a0: 00 01 00 01 00 01 00 01 00 01 00 07 00 00 00 00  | ................
21b0: 00 81 00 81 00 81 00 81 00 80 00 e0 00 00 00 00  | ................
21c0: 00 8c 00 fc 00 80 00 84 00 8c 00 78 00 00 00 00  | ...........x....
21d0: 00 38 00 1e 00 07 00 43 00 63 00 3e 00 00 00 00  | .8.....C.c.>....
21e0: 00 0c 00 0c 00 0c 00 0c 00 0d 00 07 00 00 00 00  | ................
21f0: 00 00 00 00 00 00 00 80 00 80 00 00 00 00 00 00  | ................
2200: 00 00 00 3d 00 43 00 81 00 80 00 80 00 60 00 1c  | ...=.C.......`..
2210: 00 00 00 1f 00 11 00 21 00 21 00 01 00 01 00 01  | .......!.!......
2220: 00 00 00 f0 00 10 00 08 00 08 00 00 00 00 00 00  | ................
2230: 00 00 00 08 00 08 00 14 00 14 00 22 00 22 00 41  | ...........".".A
2240: 00 00 00 0f 00 02 00 02 00 02 00 02 00 02 00 03  | ................
2250: 00 00 00 f0 00 08 00 04 00 04 00 04 00 08 00 f0  | ................
2260: 00 00 00 7f 00 44 00 84 00 84 00 04 00 04 00 04  | .....D..........
2270: 00 00 00 c0 00 40 00 20 00 20 00 00 00 00 00 00  | .....@. . ......
2280: 00 00 00 00 00 00 00 00 00 00 00 00 00 00 00 00  | ................
2290: 00 00 00 78 00 18 00 1c 00 1c 00 1e 00 16 00 17  | ...x............
22a0: 00 00 00 0f 00 0e 00 16 00 16 00 16 00 26 00 26  | .............&.&
22b0: 00 00 00 00 00 00 00 00 00 00 00 07 00 08 00 18  | ................
22c0: 00 00 00 00 00 00 00 00 00 00 00 07 00 83 00 c3  | ................
22d0: 00 00 00 00 00 00 00 00 00 00 00 70 00 c8 00 8c  | ...........p....
22e0: 00 00 00 00 00 00 00 00 00 00 00 73 00 30 00 30  | ...........s.0.0
22f0: 00 00 00 00 00 00 00 00 00 00 00 c0 00 c0 00 c0  | ................
2300: 00 03 00 00 00 80 00 80 00 c1 00 be 00 00 00 00  | ................
2310: 00 01 00 81 00 81 00 81 00 01 00 07 00 00 00 00  | ................
2320: 00 00 00 00 00 00 00 01 00 01 00 c3 00 00 00 00  | ................
2330: 00 41 00 ff 00 80 00 00 00 00 00 80 00 00 00 00  | .A..............
2340: 00 02 00 82 00 82 00 42 00 42 00 ef 00 00 00 00  | .......B.B......
2350: 00 40 00 20 00 10 00 10 00 08 00 8e 00 00 00 00  | .@. ............
2360: 00 04 00 04 00 04 00 04 00 04 00 1f 00 00 00 00  | ................
2370: 00 00 00 00 00 00 00 00 00 00 00 00 00 00 00 00  | ................
2380: 00 00 00 00 00 00 00 00 00 00 00 00 00 00 00 00  | ................
2390: 00 13 00 13 00 11 00 11 00 10 00 7c 00 00 00 00  | ...........|....
23a0: 00 26 00 46 00 c6 00 c6 00 86 00 9f 00 00 00 00  | .&.F............
23b0: 00 18 00 1f 00 18 00 18 00 08 00 07 00 00 00 00  | ................
23c0: 00 c3 00 c3 00 03 00 43 00 c3 00 87 00 00 00 00  | .......C........
23d0: 00 0c 00 0c 00 0c 00 0c 00 0c 00 8e 00 00 00 00  | ................
23e0: 00 30 00 30 00 30 00 31 00 13 00 0e 00 00 00 00  | .0.0.0.1........
23f0: 00 c0 00 c0 00 c0 00 c0 00 c0 00 e0 00 00 00 00  | ................
2400: 00 00 00 ff 00 40 00 40 00 40 00 40 00 40 00 7f  | .....@.@.@.@.@..
2410: 00 00 00 0f 00 c2 00 22 00 22 00 22 00 c2 00 02  | ......."."."....
2420: 00 00 00 8f 00 02 00 02 00 02 00 02 00 02 00 02  | ................
2430: 00 00 00 9f 00 11 00 21 00 21 00 01 00 01 00 01  | .......!.!......
2440: 00 00 00 f1 00 11 00 0a 00 0a 00 00 00 00 00 00  | ................
2450: 00 00 00 ff 00 11 00 10 00 10 00 10 00 10 00 10  | ................
2460: 00 00 00 07 00 08 00 90 00 90 00 20 00 20 00 20  | ........... . . 
2470: 00 00 00 c3 00 20 00 10 00 10 00 08 00 08 00 08  | ..... ..........
2480: 00 00 00 c3 00 c0 00 a0 00 a0 00 90 00 90 00 88  | ................
2490: 00 00 00 e0 00 80 00 8c 00 8c 00 80 00 80 00 80  | ................
24a0: 00 00 00 00 00 00 00 00 00 00 00 00 00 00 00 00  | ................
24b0: 00 00 00 00 00 00 00 00 00 00 00 00 00 00 00 00  | ................
24c0: 00 00 00 00 00 00 00 00 00 00 00 00 00 00 00 00  | ................
24d0: 00 00 00 00 00 00 00 00 00 00 00 00 00 00 00 00  | ................
24e0: 00 00 00 00 00 00 00 00 00 00 00 00 00 00 00 00  | ................
24f0: 00 00 00 00 00 00 00 00 00 00 00 00 00 00 00 00  | ................
2500: 00 40 00 40 00 40 00 40 00 40 00 ff 00 00 00 00  | .@.@.@.@.@......
2510: 00 c2 00 22 00 22 00 22 00 c1 00 00 00 00 00 00  | ..."."."........
2520: 00 02 00 02 00 02 00 02 00 04 00 f8 00 00 00 00  | ................
2530: 00 01 00 01 00 01 00 01 00 01 00 07 00 00 00 00  | ................
2540: 00 00 00 00 00 00 00 00 00 00 00 c0 00 00 00 00  | ................
2550: 00 10 00 10 00 10 00 10 00 10 00 7c 00 00 00 00  | ...........|....
2560: 00 20 00 20 00 10 00 10 00 08 00 07 00 00 00 00  | . . ............
2570: 00 08 00 08 00 10 00 10 00 20 00 c3 00 00 00 00  | ......... ......
2580: 00 84 00 84 00 82 00 82 00 81 00 e0 00 00 00 00  | ................
2590: 00 80 00 80 00 8c 00 8c 00 80 00 80 00 00 00 00  | ................
25a0: 00 00 00 00 00 00 00 00 00 00 00 00 00 00 00 00  | ................
25b0: 00 00 00 00 00 00 00 00 00 00 00 00 00 00 00 00  | ................
25c0: 00 00 00 00 00 00 00 00 00 00 00 00 00 00 00 00  | ................
25d0: 00 00 00 00 00 00 00 00 00 00 00 00 00 00 00 00  | ................
25e0: 00 00 00 00 00 00 00 00 00 00 00 00 00 00 00 00  | ................
25f0: 00 00 00 00 00 00 00 00 00 00 00 00 00 00 00 00  | ................
2600: 00 00 00 0f 00 30 00 40 00 40 00 80 00 80 00 80  | .....0.@.@......
2610: 00 00 00 2c 00 a4 00 64 00 24 00 05 00 06 00 04  | ...,...d.$......
2620: 00 00 00 00 00 00 00 00 00 00 00 81 00 42 00 24  | .............B.$
2630: 00 00 00 00 00 00 00 00 00 00 00 c1 00 22 00 14  | ............."..
2640: 00 00 00 00 00 00 00 00 00 00 00 c3 00 24 00 14  | .............$..
2650: 00 00 00 00 00 00 00 00 00 00 00 e1 00 12 00 04  | ................
2660: 00 00 00 00 00 00 00 00 00 00 00 c0 00 20 00 10  | ............. ..
2670: 00 00 00 7f 00 44 00 84 00 84 00 04 00 04 00 04  | .....D..........
2680: 00 00 00 c0 00 40 00 20 00 20 00 03 00 04 00 08  | .....@. . ......
2690: 00 00 00 00 00 00 00 00 00 00 00 87 00 48 00 28  | .............H.(
26a0: 00 00 00 02 00 02 00 02 00 02 00 cf 00 22 00 02  | ............."..
26b0: 00 00 00 00 00 00 00 00 00 00 00 80 00 00 00 00  | ................
26c0: 00 00 00 00 00 00 00 00 00 00 00 00 00 00 00 00  | ................
26d0: 00 00 00 00 00 00 00 00 00 00 00 00 00 00 00 00  | ................
26e0: 00 00 00 00 00 00 00 00 00 00 00 00 00 00 00 00  | ................
26f0: 00 00 00 00 00 00 00 00 00 00 00 00 00 00 00 00  | ................
2700: 00 80 00 80 00 40 00 40 00 30 00 0f 00 00 00 00  | .....@.@.0......
2710: 00 04 00 24 00 24 00 24 00 44 00 8e 00 00 00 00  | ...$.$.$.D......
2720: 00 24 00 24 00 24 00 24 00 22 00 71 00 00 00 00  | .$.$.$.$.".q....
2730: 00 14 00 14 00 14 00 14 00 22 00 c1 00 00 00 00  | ........."......
2740: 00 12 00 11 00 10 00 14 00 24 00 c3 00 00 00 00  | .........$......
2750: 00 04 00 c7 00 24 00 14 00 12 00 e1 00 00 00 00  | .....$..........
2760: 00 10 00 f0 00 00 00 00 00 10 00 e0 00 00 00 00  | ................
2770: 00 04 00 04 00 04 00 04 00 04 00 1f 00 00 00 00  | ................
2780: 00 08 00 0f 00 08 00 08 00 04 00 03 00 00 00 00  | ................
2790: 00 24 00 e3 00 00 00 08 00 28 00 c7 00 00 00 00  | .$.......(......
27a0: 00 02 00 82 00 42 00 22 00 22 00 c1 00 00 00 00  | .....B."."......
27b0: 00 00 00 00 00 00 00 00 00 40 00 80 00 00 00 00  | .........@......
27c0: 00 00 00 00 00 00 00 00 00 00 00 00 00 00 00 00  | ................
27d0: 00 00 00 00 00 00 00 00 00 00 00 00 00 00 00 00  | ................
27e0: 00 00 00 00 00 00 00 00 00 00 00 00 00 00 00 00  | ................
27f0: 00 00 00 00 00 00 00 00 00 00 00 00 00 00 00 00  | ................
2800: 00 00 00 ff 00 40 00 40 00 40 00 40 00 40 00 7f  | .....@.@.@.@.@..
2810: 00 00 00 00 00 c0 00 20 00 20 00 23 00 c4 00 08  | ....... . .#....
2820: 00 00 00 00 00 00 00 03 00 04 00 88 00 44 00 23  | .............D.#
2830: 00 00 00 01 00 01 00 90 00 68 00 23 00 41 00 81  | .........h.#.A..
2840: 00 00 00 00 00 00 00 00 00 00 00 37 00 18 00 10  | ...........7....
2850: 00 00 00 00 00 00 00 00 00 00 00 00 00 80 00 40  | ...............@
2860: 00 00 00 00 00 00 00 00 00 00 00 00 00 00 00 00  | ................
2870: 00 00 00 7f 00 44 00 84 00 84 00 04 00 04 00 04  | .....D..........
2880: 00 00 00 c0 00 40 00 20 00 20 00 03 00 04 00 08  | .....@. . ......
2890: 00 00 00 00 00 00 00 00 00 00 00 87 00 48 00 28  | .............H.(
28a0: 00 00 00 02 00 02 00 02 00 02 00 cf 00 22 00 02  | ............."..
28b0: 00 00 00 00 00 00 00 00 00 00 00 80 00 00 00 00  | ................
28c0: 00 00 00 00 00 00 00 00 00 00 00 00 00 00 00 00  | ................
28d0: 00 00 00 00 00 00 00 00 00 00 00 00 00 00 00 00  | ................
28e0: 00 00 00 00 00 00 00 00 00 00 00 00 00 00 00 00  | ................
28f0: 00 00 00 00 00 00 00 00 00 00 00 00 00 00 00 00  | ................
2900: 00 40 00 40 00 40 00 40 00 40 00 ff 00 00 00 00  | .@.@.@.@.@......
2910: 00 c8 00 2f 00 28 00 28 00 c4 00 03 00 00 00 00  | .../.(.(........
2920: 00 24 00 e3 00 04 00 08 00 24 00 c3 00 00 00 00  | .$.......$......
2930: 00 01 00 c1 00 21 00 11 00 11 00 e3 00 00 00 00  | .....!..........
2940: 00 10 00 10 00 10 00 10 00 10 00 b8 00 00 00 00  | ................
2950: 00 40 00 40 00 40 00 40 00 40 00 e0 00 00 00 00  | .@.@.@.@.@......
2960: 00 00 00 00 00 00 00 00 00 00 00 00 00 00 00 00  | ................
2970: 00 04 00 04 00 04 00 04 00 04 00 1f 00 00 00 00  | ................
2980: 00 08 00 0f 00 08 00 08 00 04 00 03 00 00 00 00  | ................
2990: 00 24 00 e3 00 00 00 08 00 28 00 c7 00 00 00 00  | .$.......(......
29a0: 00 02 00 82 00 42 00 22 00 22 00 c1 00 00 00 00  | .....B."."......
29b0: 00 00 00 00 00 00 00 00 00 40 00 80 00 00 00 00  | .........@......
29c0: 00 00 00 00 00 00 00 00 00 00 00 00 00 00 00 00  | ................
29d0: 00 00 00 00 00 00 00 00 00 00 00 00 00 00 00 00  | ................
29e0: 00 00 00 00 00 00 00 00 00 00 00 00 00 00 00 00  | ................
29f0: 00 00 00 00 00 00 00 00 00 00 00 00 00 00 00 00  | ................
2a00: 00 00 00 00 00 00 00 00 00 00 00 00 00 00 00 00  | ................
2a10: 00 00 00 00 00 00 00 00 00 00 00 00 00 00 00 00  | ................
2a20: 00 00 00 00 00 00 00 00 00 00 00 00 00 00 00 00  | ................
2a30: 00 00 00 00 00 00 00 00 00 00 00 00 00 00 00 00  | ................
2a40: 00 00 00 00 00 00 00 00 00 00 00 00 00 00 00 00  | ................
2a50: 00 00 00 00 00 00 00 00 00 00 00 00 00 00 00 00  | ................
2a60: 00 00 00 00 00 00 00 00 00 00 00 00 00 00 00 00  | ................
2a70: 00 00 00 00 00 00 00 00 00 00 00 00 00 00 00 00  | ................
2a80: 00 00 00 00 00 00 00 00 00 00 00 00 00 00 00 00  | ................
2a90: 00 00 00 00 00 00 00 00 00 00 00 00 00 00 00 00  | ................
2aa0: 00 00 00 00 00 00 00 00 00 00 00 00 00 00 00 00  | ................
2ab0: 00 00 00 00 00 00 00 00 00 00 00 00 00 00 00 00  | ................
2ac0: 00 00 00 00 00 00 00 00 00 00 00 00 00 00 00 00  | ................
2ad0: 00 00 00 00 00 00 00 00 00 00 00 00 00 00 00 00  | ................
2ae0: 00 00 00 00 00 00 00 00 00 00 00 00 00 00 00 00  | ................
2af0: 00 00 00 00 00 00 00 00 00 00 00 00 00 00 00 00  | ................
2b00: 00 00 00 00 00 00 00 00 00 00 00 01 00 03 00 07  | ................
2b10: 00 00 00 00 00 1f 00 7f 00 ff 00 ff 00 fc 00 e0  | ................
2b20: 00 00 00 00 00 ff 00 ff 00 ff 00 ff 00 00 00 00  | ................
2b30: 00 00 00 00 00 ff 00 ff 00 ff 00 ff 00 00 00 00  | ................
2b40: 00 00 00 00 00 ff 00 ff 00 ff 00 ff 00 00 00 00  | ................
2b50: 00 00 00 00 00 ff 00 ff 00 ff 00 ff 00 00 00 00  | ................
2b60: 00 00 00 00 00 ff 00 ff 00 ff 00 ff 00 00 00 00  | ................
2b70: 00 00 00 00 00 ff 00 ff 00 ff 00 ff 00 00 00 00  | ................
2b80: 00 00 00 00 00 ff 00 ff 00 ff 00 ff 00 00 00 00  | ................
2b90: 00 00 00 00 00 ff 00 ff 00 ff 00 ff 00 00 00 00  | ................
2ba0: 00 00 00 00 00 ff 00 ff 00 ff 00 ff 00 00 00 00  | ................
2bb0: 00 00 00 00 00 ff 00 ff 00 ff 00 ff 00 00 00 00  | ................
2bc0: 00 00 00 00 00 ff 00 ff 00 ff 00 ff 00 00 00 00  | ................
2bd0: 00 00 00 00 00 ff 00 ff 00 ff 00 ff 00 01 00 00  | ................
2be0: 00 00 00 00 00 c0 00 f0 00 f8 00 fc 00 fe 00 3f  | ...............?
2bf0: 00 00 00 00 00 00 00 00 00 00 00 00 00 00 00 00  | ................
2c00: 00 0f 00 0f 00 1f 00 1e 00 3e 00 3c 00 3c 00 3c  | .........>.<.<.<
2c10: 00 c0 00 80 00 00 00 00 00 00 00 00 00 00 00 00  | ................
2c20: 00 f0 00 f8 00 f8 00 fc 00 fc 00 f6 00 f6 00 f3  | ................
2c30: 00 3c 00 3c 00 3c 00 3c 00 3c 00 3c 00 3c 00 3c  | .<.<.<.<.<.<.<.<
2c40: 00 f0 00 f0 00 f0 00 00 00 00 00 f3 00 f3 00 f3  | ................
2c50: 00 00 00 00 00 00 00 00 00 00 00 cf 00 df 00 e3  | ................
2c60: 00 00 00 00 00 07 00 07 00 1f 00 9f 00 c7 00 e7  | ................
2c70: 00 00 00 00 00 80 00 80 00 e0 00 e3 00 8e 00 9c  | ................
2c80: 00 00 00 00 00 00 00 00 00 00 00 c1 00 71 00 39  | .............q.9
2c90: 00 00 00 00 00 00 00 00 00 00 00 e7 00 ef 00 f1  | ................
2ca0: 00 00 00 00 00 00 00 00 00 00 00 c0 00 e1 00 f3  | ................
2cb0: 00 07 00 07 00 07 00 07 00 07 00 f7 00 ef 00 87  | ................
2cc0: 00 80 00 80 00 80 00 80 00 80 00 83 00 8e 00 9c  | ................
2cd0: 00 00 00 00 00 00 00 00 00 00 00 c0 00 70 00 38  | .............p.8
2ce0: 00 1f 00 0f 00 07 00 03 00 03 00 01 00 01 00 01  | ................
2cf0: 00 80 00 80 00 c0 00 c0 00 e0 00 e0 00 e0 00 e0  | ................
2d00: 00 3c 00 3c 00 3e 00 3e 00 1f 00 1f 00 0f 00 0f  | .<.<.>.>........
2d10: 00 00 00 00 00 00 00 00 00 00 00 00 00 80 00 c0  | ................
2d20: 00 f3 00 f1 00 f1 00 f0 00 f0 00 f0 00 f0 00 f0  | ................
2d30: 00 3c 00 bc 00 bc 00 fc 00 fc 00 7c 00 7c 00 3c  | .<.........|.|.<
2d40: 00 f3 00 f3 00 f3 00 f3 00 f3 00 f3 00 f3 00 f3  | ................
2d50: 00 e1 00 c1 00 c1 00 c1 00 c1 00 c1 00 c1 00 c1  | ................
2d60: 00 e7 00 e7 00 e7 00 e7 00 e7 00 e7 00 e7 00 e7  | ................
2d70: 00 bc 00 bc 00 bf 00 bc 00 bc 00 9c 00 8e 00 83  | ................
2d80: 00 3d 00 3d 00 fd 00 01 00 3d 00 39 00 71 00 e1  | .=.=.....=.9.q..
2d90: 00 f0 00 e0 00 e0 00 e0 00 e0 00 e0 00 e0 00 e0  | ................
2da0: 00 f7 00 f7 00 f7 00 f7 00 f7 00 f3 00 f1 00 f0  | ................
2db0: 00 87 00 87 00 87 00 87 00 87 00 87 00 cf 00 f7  | ................
2dc0: 00 bc 00 bc 00 bc 00 bc 00 bc 00 9c 00 8e 00 87  | ................
2dd0: 00 3c 00 3c 00 3c 00 3c 00 3c 00 38 00 70 00 e0  | .<.<.<.<.<.8.p..
2de0: 00 01 00 01 00 03 00 03 00 07 00 07 00 0f 00 1f  | ................
2df0: 00 e0 00 e0 00 e0 00 e0 00 c0 00 c0 00 80 00 80  | ................
2e00: 00 07 00 03 00 01 00 00 00 00 00 00 00 00 00 00  | ................
2e10: 00 e0 00 fc 00 ff 00 ff 00 7f 00 1f 00 00 00 00  | ................
2e20: 00 00 00 00 00 ff 00 ff 00 ff 00 ff 00 00 00 00  | ................
2e30: 00 00 00 00 00 ff 00 ff 00 ff 00 ff 00 00 00 00  | ................
2e40: 00 00 00 00 00 ff 00 ff 00 ff 00 ff 00 00 00 00  | ................
2e50: 00 00 00 00 00 ff 00 ff 00 ff 00 ff 00 00 00 00  | ................
2e60: 00 00 00 00 00 ff 00 ff 00 ff 00 ff 00 00 00 00  | ................
2e70: 00 00 00 00 00 ff 00 ff 00 ff 00 ff 00 00 00 00  | ................
2e80: 00 00 00 00 00 ff 00 ff 00 ff 00 ff 00 00 00 00  | ................
2e90: 00 00 00 00 00 ff 00 ff 00 ff 00 ff 00 00 00 00  | ................
2ea0: 00 00 00 00 00 ff 00 ff 00 ff 00 ff 00 00 00 00  | ................
2eb0: 00 00 00 00 00 ff 00 ff 00 ff 00 ff 00 00 00 00  | ................
2ec0: 00 00 00 00 00 ff 00 ff 00 ff 00 ff 00 00 00 00  | ................
2ed0: 00 00 00 01 00 ff 00 ff 00 ff 00 ff 00 00 00 00  | ................
2ee0: 00 3f 00 fe 00 fc 00 f8 00 f0 00 c0 00 00 00 00  | .?..............
2ef0: 00 00 00 00 00 00 00 00 00 00 00 00 00 00 00 00  | ................
2f00: 00 00 00 00 00 00 00 00 00 00 00 00 00 00 00 00  | ................
2f10: 00 00 00 00 00 00 00 00 00 00 00 00 00 00 00 00  | ................
2f20: 00 00 00 00 00 00 00 00 00 00 00 00 00 00 00 00  | ................
2f30: 00 00 00 00 00 00 00 00 00 00 00 00 00 00 00 00  | ................
2f40: 00 00 00 00 00 00 00 00 00 00 00 00 00 00 00 00  | ................
2f50: 00 00 00 00 00 00 00 00 00 00 00 00 00 00 00 00  | ................
2f60: 00 00 00 00 00 00 00 00 00 00 00 00 00 00 00 00  | ................
2f70: 00 00 00 00 00 00 00 00 00 00 00 00 00 00 00 00  | ................
2f80: 00 00 00 00 00 00 00 00 00 00 00 00 00 00 00 00  | ................
2f90: 00 00 00 00 00 00 00 00 00 00 00 00 00 00 00 00  | ................
2fa0: 00 00 00 00 00 00 00 00 00 00 00 00 00 00 00 00  | ................
2fb0: 00 00 00 00 00 00 00 00 00 00 00 00 00 00 00 00  | ................
2fc0: 00 00 00 00 00 00 00 00 00 00 00 00 00 00 00 00  | ................
2fd0: 00 00 00 00 00 00 00 00 00 00 00 00 00 00 00 00  | ................
2fe0: 00 00 00 00 00 00 00 00 00 00 00 00 00 00 00 00  | ................
2ff0: 00 00 00 00 00 00 00 00 00 00 00 00 00 00 00 00  | ................
3000: 00 00 00 1f 00 08 00 08 00 08 00 08 00 08 00 0f  | ................
3010: 00 00 00 f8 00 08 00 08 00 00 00 00 00 20 00 e0  | ............. ..
3020: 00 00 00 c0 00 40 00 40 00 40 00 40 00 41 00 42  | .....@.@.@.@.A.B
3030: 00 00 00 00 00 00 00 00 00 00 00 e0 00 10 00 08  | ................
3040: 00 00 00 00 00 00 00 00 00 00 00 1c 00 22 00 41  | .............".A
3050: 00 00 00 04 00 04 00 04 00 04 00 1f 00 04 00 04  | ................
3060: 00 00 00 00 00 00 00 00 00 00 00 06 00 02 00 03  | ................
3070: 00 00 00 00 00 00 00 00 00 00 00 60 00 91 00 02  | ...........`....
3080: 00 00 00 00 00 00 00 00 00 00 00 e1 00 10 00 08  | ................
3090: 00 00 00 00 00 00 00 00 00 00 00 b8 00 c4 00 82  | ................
30a0: 00 00 00 08 00 08 00 00 00 00 00 18 00 08 00 08  | ................
30b0: 00 00 00 00 00 00 00 00 00 00 00 0e 00 11 00 20  | ............... 
30c0: 00 00 00 00 00 00 00 00 00 00 00 03 00 04 00 84  | ................
30d0: 00 00 00 00 00 00 00 00 00 00 00 e0 00 10 00 00  | ................
30e0: 00 00 00 00 00 00 00 00 00 00 00 00 00 00 00 00  | ................
30f0: 00 00 00 00 00 00 00 00 00 00 00 00 00 00 00 00  | ................
3100: 00 08 00 08 00 08 00 08 00 08 00 1f 00 00 00 00  | ................
3110: 00 20 00 00 00 00 00 08 00 08 00 f8 00 00 00 00  | . ..............
3120: 00 42 00 43 00 42 00 42 00 41 00 e0 00 00 00 00  | .B.C.B.B.A......
3130: 00 08 00 f8 00 00 00 00 00 08 00 f0 00 00 00 00  | ................
3140: 00 40 00 40 00 40 00 41 00 22 00 1c 00 00 00 00  | .@.@.@.A."......
3150: 00 04 00 04 00 04 00 04 00 04 00 03 00 00 00 00  | ................
3160: 00 02 00 02 00 02 00 02 00 82 00 07 00 00 00 00  | ................
3170: 00 02 00 02 00 02 00 02 00 01 00 80 00 00 00 00  | ................
3180: 00 08 00 08 00 08 00 08 00 10 00 e1 00 00 00 00  | ................
3190: 00 82 00 82 00 82 00 82 00 82 00 c7 00 00 00 00  | ................
31a0: 00 08 00 08 00 08 00 08 00 08 00 1c 00 00 00 00  | ................
31b0: 00 20 00 20 00 20 00 20 00 11 00 0e 00 00 00 00  | . . . . ........
31c0: 00 02 00 01 00 00 00 84 00 04 00 03 00 00 00 00  | ................
31d0: 00 00 00 c0 00 20 00 10 00 10 00 e0 00 00 00 00  | ..... ..........
31e0: 00 00 00 00 00 00 00 00 00 00 00 00 00 00 00 00  | ................
31f0: 00 00 00 00 00 00 00 00 00 00 00 00 00 00 00 00  | ................
3200: 00 00 00 01 00 06 00 08 00 08 00 10 00 10 00 10  | ................
3210: 00 00 00 e4 00 14 00 0c 00 04 00 00 00 00 00 00  | ................
3220: 00 00 00 60 00 20 00 20 00 20 00 2c 00 32 00 21  | ...`. . . .,.2.!
3230: 00 00 00 00 00 00 00 00 00 00 00 03 00 04 00 08  | ................
3240: 00 00 00 00 00 00 00 00 00 00 00 81 00 40 00 40  | .............@.@
3250: 00 00 00 00 00 00 00 00 00 00 00 98 00 a4 00 c0  | ................
3260: 00 00 00 00 00 00 00 00 00 00 00 0e 00 11 00 21  | ...............!
3270: 00 00 00 00 00 00 00 00 00 00 00 01 00 02 00 04  | ................
3280: 00 00 00 00 00 00 00 00 00 00 00 c0 00 20 00 10  | ............. ..
3290: 00 00 00 20 00 20 00 20 00 20 00 f8 00 20 00 20  | ... . . . ... . 
32a0: 00 00 00 00 00 00 00 00 00 00 00 0e 00 11 00 20  | ............... 
32b0: 00 00 00 00 00 00 00 00 00 00 00 06 00 02 00 83  | ................
32c0: 00 00 00 00 00 00 00 00 00 00 00 60 00 90 00 00  | ...........`....
32d0: 00 00 00 00 00 00 00 00 00 00 00 00 00 00 00 00  | ................
32e0: 00 00 00 00 00 00 00 00 00 00 00 00 00 00 00 00  | ................
32f0: 00 00 00 00 00 00 00 00 00 00 00 00 00 00 00 00  | ................
3300: 00 10 00 10 00 08 00 08 00 06 00 01 00 00 00 00  | ................
3310: 00 00 00 04 00 04 00 04 00 08 00 f0 00 00 00 00  | ................
3320: 00 21 00 21 00 21 00 21 00 21 00 73 00 00 00 00  | .!.!.!.!.!.s....
3330: 00 01 00 06 00 08 00 08 00 08 00 87 00 00 00 00  | ................
3340: 00 c0 00 40 00 40 00 40 00 c0 00 61 00 00 00 00  | ...@.@.@...a....
3350: 00 80 00 80 00 80 00 80 00 80 00 e0 00 00 00 00  | ................
3360: 00 07 00 19 00 21 00 21 00 23 00 1d 00 00 00 00  | .....!.!.#......
3370: 00 04 00 04 00 04 00 04 00 02 00 81 00 00 00 00  | ................
3380: 00 00 00 00 00 00 00 10 00 20 00 c0 00 00 00 00  | ......... ......
3390: 00 20 00 20 00 20 00 20 00 24 00 18 00 00 00 00  | . . . . .$......
33a0: 00 20 00 3f 00 20 00 20 00 10 00 0f 00 00 00 00  | . .?. . ........
33b0: 00 82 00 82 00 02 00 02 00 82 00 07 00 00 00 00  | ................
33c0: 00 00 00 00 00 00 00 00 00 00 00 80 00 00 00 00  | ................
33d0: 00 00 00 00 00 00 00 00 00 00 00 00 00 00 00 00  | ................
33e0: 00 00 00 00 00 00 00 00 00 00 00 00 00 00 00 00  | ................
33f0: 00 00 00 00 00 00 00 00 00 00 00 00 00 00 00 00  | ................
3400: 00 00 00 01 00 06 00 08 00 08 00 10 00 10 00 10  | ................
3410: 00 00 00 e4 00 14 00 0c 00 04 00 00 00 00 00 00  | ................
3420: 00 00 00 00 00 00 00 00 00 00 00 1c 00 22 00 41  | .............".A
3430: 00 00 00 00 00 00 00 00 00 00 00 1b 00 0c 00 08  | ................
3440: 00 00 00 00 00 00 00 00 00 00 00 80 00 40 00 20  | .............@. 
3450: 00 00 00 20 00 20 00 20 00 20 00 f8 00 20 00 20  | ... . . . ... . 
3460: 00 00 00 00 00 00 00 00 00 00 00 19 00 0a 00 0c  | ................
3470: 00 00 00 00 00 00 00 00 00 00 00 80 00 41 00 02  | .............A..
3480: 00 00 00 00 00 00 00 00 00 00 00 e0 00 10 00 08  | ................
3490: 00 00 00 30 00 10 00 10 00 10 00 10 00 10 00 10  | ...0............
34a0: 00 00 00 18 00 08 00 08 00 08 00 08 00 08 00 08  | ................
34b0: 00 00 00 00 00 00 00 00 00 00 00 07 00 08 00 10  | ................
34c0: 00 00 00 00 00 00 00 00 00 00 00 01 00 80 00 40  | ...............@
34d0: 00 00 00 00 00 00 00 00 00 00 00 98 00 a4 00 c0  | ................
34e0: 00 00 00 00 00 00 00 00 00 00 00 00 00 00 00 00  | ................
34f0: 00 00 00 00 00 00 00 00 00 00 00 00 00 00 00 00  | ................
3500: 00 10 00 10 00 08 00 08 00 06 00 01 00 00 00 00  | ................
3510: 00 00 00 04 00 04 00 04 00 08 00 f0 00 00 00 00  | ................
3520: 00 41 00 41 00 41 00 41 00 22 00 1c 00 00 00 00  | .A.A.A.A."......
3530: 00 08 00 08 00 08 00 08 00 08 00 1c 00 00 00 00  | ................
3540: 00 20 00 20 00 20 00 20 00 20 00 70 00 00 00 00  | . . . . . .p....
3550: 00 20 00 20 00 20 00 20 00 24 00 18 00 00 00 00  | . . . . .$......
3560: 00 08 00 08 00 08 00 08 00 08 00 1e 00 00 00 00  | ................
3570: 00 02 00 02 00 02 00 02 00 01 00 00 00 00 00 00  | ................
3580: 00 08 00 08 00 08 00 08 00 10 00 e0 00 00 00 00  | ................
3590: 00 10 00 10 00 10 00 10 00 10 00 38 00 00 00 00  | ...........8....
35a0: 00 08 00 08 00 08 00 08 00 08 00 1c 00 00 00 00  | ................
35b0: 00 10 00 1f 00 10 00 10 00 08 00 07 00 00 00 00  | ................
35c0: 00 40 00 c0 00 00 00 00 00 40 00 81 00 00 00 00  | .@.......@......
35d0: 00 80 00 80 00 80 00 80 00 80 00 e0 00 00 00 00  | ................
35e0: 00 00 00 00 00 00 00 00 00 00 00 00 00 00 00 00  | ................
35f0: 00 00 00 00 00 00 00 00 00 00 00 00 00 00 00 00  | ................
3600: 00 00 00 03 00 04 00 08 00 08 00 08 00 06 00 01  | ................
3610: 00 00 00 d0 00 30 00 10 00 00 00 00 00 00 00 c0  | .....0..........
3620: 00 00 00 00 00 00 00 00 00 00 00 01 00 02 00 04  | ................
3630: 00 00 00 00 00 00 00 00 00 00 00 c0 00 20 00 10  | ............. ..
3640: 00 00 00 00 00 00 00 00 00 00 00 0c 00 04 00 04  | ................
3650: 00 00 00 00 00 00 00 00 00 00 00 70 00 10 00 10  | ...........p....
3660: 00 00 00 00 00 00 00 00 00 00 00 0d 00 06 00 04  | ................
3670: 00 00 00 00 00 00 00 00 00 00 00 c0 00 20 00 10  | ............. ..
3680: 00 00 00 00 00 00 00 00 00 00 00 03 00 04 00 08  | ................
3690: 00 00 00 e0 00 20 00 20 00 20 00 a0 00 60 00 20  | ..... . . ...`. 
36a0: 00 00 00 00 00 00 00 00 00 00 00 00 00 00 00 00  | ................
36b0: 00 00 00 00 00 00 00 00 00 00 00 00 00 00 00 00  | ................
36c0: 00 00 00 00 00 00 00 00 00 00 00 00 00 00 00 00  | ................
36d0: 00 00 00 00 00 00 00 00 00 00 00 00 00 00 00 00  | ................
36e0: 00 00 00 00 00 00 00 00 00 00 00 00 00 00 00 00  | ................
36f0: 00 00 00 00 00 00 00 00 00 00 00 00 00 00 00 00  | ................
3700: 00 00 00 00 00 08 00 08 00 0c 00 0b 00 00 00 00  | ................
3710: 00 30 00 08 00 08 00 08 00 10 00 e0 00 00 00 00  | .0..............
3720: 00 04 00 04 00 04 00 04 00 02 00 01 00 00 00 00  | ................
3730: 00 10 00 10 00 10 00 10 00 20 00 c0 00 00 00 00  | ......... ......
3740: 00 04 00 04 00 04 00 04 00 02 00 01 00 00 00 00  | ................
3750: 00 10 00 10 00 10 00 10 00 30 00 d8 00 00 00 00  | .........0......
3760: 00 04 00 04 00 04 00 04 00 04 00 0e 00 00 00 00  | ................
3770: 00 10 00 10 00 10 00 10 00 10 00 38 00 00 00 00  | ...........8....
3780: 00 08 00 08 00 08 00 08 00 04 00 03 00 00 00 00  | ................
3790: 00 20 00 20 00 20 00 20 00 60 00 b0 00 00 00 00  | . . . . .`......
37a0: 00 00 00 00 00 00 00 00 00 00 00 00 00 00 00 00  | ................
37b0: 00 00 00 00 00 00 00 00 00 00 00 00 00 00 00 00  | ................
37c0: 00 00 00 00 00 00 00 00 00 00 00 00 00 00 00 00  | ................
37d0: 00 00 00 00 00 00 00 00 00 00 00 00 00 00 00 00  | ................
37e0: 00 00 00 00 00 00 00 00 00 00 00 00 00 00 00 00  | ................
37f0: 00 00 00 00 00 00 00 00 00 00 00 00 00 00 00 00  | ................
3800: 00 00 00 01 00 06 00 08 00 08 00 10 00 10 00 10  | ................
3810: 00 00 00 e4 00 14 00 0c 00 04 00 00 00 00 00 00  | ................
3820: 00 00 00 00 00 00 00 00 00 00 00 01 00 02 00 04  | ................
3830: 00 00 00 00 00 00 00 00 00 00 00 c0 00 20 00 10  | ............. ..
3840: 00 00 00 01 00 00 00 00 00 00 00 00 00 00 00 00  | ................
3850: 00 00 00 80 00 80 00 80 00 80 00 80 00 80 00 80  | ................
3860: 00 00 00 00 00 00 00 00 00 00 00 01 00 02 00 04  | ................
3870: 00 00 00 00 00 00 00 00 00 00 00 c0 00 20 00 10  | ............. ..
3880: 00 00 00 00 00 00 00 00 00 00 00 01 00 00 00 00  | ................
3890: 00 00 00 00 00 00 00 00 00 00 00 98 00 a4 00 c0  | ................
38a0: 00 00 00 00 00 00 00 00 00 00 00 00 00 00 00 00  | ................
38b0: 00 00 00 00 00 00 00 00 00 00 00 00 00 00 00 00  | ................
38c0: 00 00 00 00 00 00 00 00 00 00 00 00 00 00 00 00  | ................
38d0: 00 00 00 00 00 00 00 00 00 00 00 00 00 00 00 00  | ................
38e0: 00 00 00 00 00 00 00 00 00 00 00 00 00 00 00 00  | ................
38f0: 00 00 00 00 00 00 00 00 00 00 00 00 00 00 00 00  | ................
3900: 00 10 00 10 00 08 00 08 00 06 00 01 00 00 00 00  | ................
3910: 00 00 00 04 00 04 00 04 00 08 00 f0 00 00 00 00  | ................
3920: 00 04 00 04 00 04 00 04 00 02 00 01 00 00 00 00  | ................
3930: 00 10 00 10 00 10 00 10 00 20 00 c0 00 00 00 00  | ......... ......
3940: 00 00 00 00 00 00 00 00 00 00 00 01 00 00 00 00  | ................
3950: 00 80 00 80 00 80 00 80 00 80 00 c0 00 00 00 00  | ................
3960: 00 04 00 04 00 04 00 04 00 02 00 01 00 00 00 00  | ................
3970: 00 10 00 10 00 10 00 10 00 20 00 c0 00 00 00 00  | ......... ......
3980: 00 00 00 00 00 00 00 00 00 00 00 01 00 00 00 00  | ................
3990: 00 80 00 80 00 80 00 80 00 80 00 e0 00 00 00 00  | ................
39a0: 00 00 00 00 00 00 00 00 00 00 00 00 00 00 00 00  | ................
39b0: 00 00 00 00 00 00 00 00 00 00 00 00 00 00 00 00  | ................
39c0: 00 00 00 00 00 00 00 00 00 00 00 00 00 00 00 00  | ................
39d0: 00 00 00 00 00 00 00 00 00 00 00 00 00 00 00 00  | ................
39e0: 00 00 00 00 00 00 00 00 00 00 00 00 00 00 00 00  | ................
39f0: 00 00 00 00 00 00 00 00 00 00 00 00 00 00 00 00  | ................
3a00: 00 00 00 0f 00 08 00 10 00 10 00 00 00 00 00 00  | ................
3a10: 00 00 00 f8 00 88 00 84 00 84 00 80 00 80 00 80  | ................
3a20: 00 00 00 00 00 00 00 00 00 00 00 01 00 02 00 04  | ................
3a30: 00 00 00 00 00 00 00 00 00 00 00 c0 00 20 00 10  | ............. ..
3a40: 00 00 00 00 00 00 00 00 00 00 00 03 00 04 00 04  | ................
3a50: 00 00 00 00 00 00 00 00 00 00 00 e0 00 10 00 00  | ................
3a60: 00 00 00 00 00 00 00 00 00 00 00 03 00 00 00 00  | ................
3a70: 00 00 00 80 00 80 00 80 00 80 00 e0 00 80 00 80  | ................
3a80: 00 00 00 00 00 00 00 00 00 00 00 00 00 00 00 00  | ................
3a90: 00 00 00 00 00 00 00 00 00 00 00 00 00 00 00 00  | ................
3aa0: 07 00 0f 01 1f 07 7f 0f ff 6f ff 7c ff 7f ff 7c  | .........o.|...|
3ab0: f0 00 f8 e0 ff f0 ff f7 ff 7f ff ff fe ff ff 3e  | ...............>
3ac0: 00 00 00 00 fe 00 ff fc ff fe fd fe 02 fc fc 00  | ................
3ad0: 00 00 00 00 00 00 00 00 00 00 00 00 00 00 00 00  | ................
3ae0: 00 00 00 00 00 00 00 00 00 00 00 00 00 00 00 00  | ................
3af0: 00 00 00 00 00 00 00 00 00 00 00 00 00 00 00 00  | ................
3b00: 00 00 00 00 00 00 00 00 00 00 00 03 00 00 00 00  | ................
3b10: 00 80 00 80 00 80 00 80 00 80 00 e0 00 00 00 00  | ................
3b20: 00 04 00 07 00 04 00 04 00 02 00 01 00 00 00 00  | ................
3b30: 00 10 00 f0 00 00 00 00 00 10 00 e0 00 00 00 00  | ................
3b40: 00 02 00 01 00 00 00 04 00 04 00 03 00 00 00 00  | ................
3b50: 00 00 00 c0 00 20 00 10 00 10 00 e0 00 00 00 00  | ..... ..........
3b60: 00 00 00 00 00 00 00 00 00 00 00 00 00 00 00 00  | ................
3b70: 00 80 00 80 00 80 00 80 00 90 00 60 00 00 00 00  | ...........`....
3b80: 00 00 00 00 00 00 00 00 00 00 00 00 00 00 00 00  | ................
3b90: 00 00 00 00 00 00 00 00 00 00 00 00 00 00 00 00  | ................
3ba0: ff 7f 87 7c 83 7f 91 6f 78 07 04 03 03 00 00 00  | ...|...ox.......
3bb0: ff ff fe ff fd 7e f2 fc 04 f8 08 f0 f0 00 00 00  | .....~..........
3bc0: 80 00 80 00 00 00 00 00 00 00 00 00 00 00 00 00  | ................
3bd0: 00 00 00 00 00 00 00 00 00 00 00 00 00 00 00 00  | ................
3be0: 00 00 00 00 00 00 00 00 00 00 00 00 00 00 00 00  | ................
3bf0: 00 00 00 00 00 00 00 00 00 00 00 00 00 00 00 00  | ................
3c00: 00 00 00 00 00 00 00 00 00 00 00 00 00 00 00 00  | ................
3c10: 00 00 00 00 00 00 00 00 00 00 00 00 00 00 00 00  | ................
3c20: 00 00 00 00 00 00 00 00 00 00 00 00 00 00 00 00  | ................
3c30: 00 00 00 00 00 00 00 00 00 00 00 00 00 00 00 00  | ................
3c40: 00 00 00 00 00 00 00 00 00 00 00 00 00 00 00 00  | ................
3c50: 00 00 00 1e 00 23 00 41 00 60 00 70 00 3e 00 0f  | .....#.A.`.p.>..
3c60: 00 00 00 80 00 80 00 80 00 80 00 1c 00 0c 00 0c  | ................
3c70: 00 00 00 00 00 00 00 00 00 00 00 f7 00 33 00 33  | .............3.3
3c80: 00 00 00 00 00 00 00 00 00 00 00 60 00 90 00 19  | ...........`....
3c90: 00 00 00 00 00 00 00 00 00 00 00 71 00 88 00 8c  | ...........q....
3ca0: 00 00 00 00 00 00 00 00 00 00 00 cc 00 de 00 e2  | ................
3cb0: 00 00 00 e0 00 60 00 70 00 78 00 5c 00 4e 00 47  | .....`.p.x.\.N.G
3cc0: 00 00 00 77 00 23 00 23 00 23 00 23 00 23 00 23  | ...w.#.#.#.#.#.#
3cd0: 00 00 00 fe 00 06 00 02 00 00 00 08 00 08 00 f8  | ................
3ce0: 00 00 00 3d 00 47 00 83 00 c1 00 e0 00 7c 00 1e  | ...=.G.......|..
3cf0: 00 00 00 00 00 00 00 00 00 00 00 00 00 00 00 00  | ................
3d00: 00 00 00 00 00 00 00 00 00 00 00 00 00 00 00 00  | ................
3d10: 00 00 00 00 00 00 00 00 00 00 00 00 00 00 00 00  | ................
3d20: 00 00 00 00 00 00 00 00 00 00 00 00 00 00 00 00  | ................
3d30: 00 00 00 00 00 00 00 00 00 00 00 00 00 00 00 00  | ................
3d40: 00 00 00 00 00 00 00 00 00 00 00 00 00 00 00 00  | ................
3d50: 00 03 00 00 00 40 00 60 00 70 00 5f 00 00 00 00  | .....@.`.p._....
3d60: 00 8c 00 cc 00 4c 00 4c 00 84 00 03 00 00 00 00  | .....L.L........
3d70: 00 33 00 33 00 33 00 73 00 f3 00 b3 00 03 00 07  | .3.3.3.s........
3d80: 00 19 00 19 00 19 00 19 00 90 00 60 00 00 00 80  | ...........`....
3d90: 00 8c 00 fc 00 80 00 84 00 8c 00 79 00 00 00 00  | ...........y....
3da0: 00 c0 00 c0 00 c0 00 c0 00 c0 00 e0 00 00 00 00  | ................
3db0: 00 43 00 41 00 40 00 40 00 40 00 e0 00 00 00 00  | .C.A.@.@.@......
3dc0: 00 a3 00 e3 00 e3 00 63 00 63 00 27 00 00 00 00  | .......c.c.'....
3dd0: 00 08 00 08 00 00 00 02 00 06 00 fe 00 00 00 00  | ................
3de0: 00 07 00 01 00 80 00 c0 00 e1 00 be 00 00 00 00  | ................
3df0: 00 00 00 80 00 80 00 80 00 00 00 00 00 00 00 00  | ................
3e00: 00 00 00 00 00 00 00 01 00 01 00 02 00 02 00 04  | ................
3e10: 00 00 00 80 00 80 00 40 00 40 00 20 00 20 00 10  | .......@.@. . ..
3e20: 00 00 00 00 00 00 00 00 00 00 00 1c 00 22 00 41  | .............".A
3e30: 00 00 00 00 00 00 00 00 00 00 00 0e 00 11 00 20  | ............... 
3e40: 00 00 00 00 00 00 00 00 00 00 00 07 00 08 00 90  | ................
3e50: 00 00 00 00 00 00 00 00 00 00 00 07 00 88 00 48  | ...............H
3e60: 00 00 00 00 00 00 00 00 00 00 00 c3 00 24 00 04  | .............$..
3e70: 00 00 00 00 00 00 00 00 00 00 00 e0 00 11 00 02  | ................
3e80: 00 00 00 00 00 00 00 00 00 00 00 e1 00 10 00 08  | ................
3e90: 00 00 00 00 00 00 00 00 00 00 00 98 00 a4 00 c0  | ................
3ea0: 00 00 00 40 00 40 00 00 00 00 00 c1 00 42 00 44  | ...@.@.......B.D
3eb0: 00 00 00 00 00 00 00 00 00 00 00 c1 00 22 00 12  | ............."..
3ec0: 00 00 00 00 00 00 00 00 00 00 00 f0 00 08 00 00  | ................
3ed0: 00 00 00 00 00 00 00 00 00 00 00 00 00 00 00 00  | ................
3ee0: 00 00 00 00 00 00 00 00 00 00 00 00 00 00 00 00  | ................
3ef0: 00 00 00 00 00 00 00 00 00 00 00 00 00 00 00 00  | ................
3f00: 00 04 00 0f 00 08 00 10 00 10 00 38 00 00 00 00  | ...........8....
3f10: 00 10 00 f8 00 08 00 04 00 04 00 0e 00 00 00 00  | ................
3f20: 00 40 00 40 00 40 00 41 00 22 00 1c 00 00 00 00  | .@.@.@.A."......
3f30: 00 20 00 20 00 20 00 20 00 11 00 0e 00 00 00 00  | . . . . ........
3f40: 00 10 00 1f 00 10 00 90 00 08 00 07 00 00 00 00  | ................
3f50: 00 44 00 c3 00 00 00 08 00 48 00 87 00 00 00 00  | .D.......H......
3f60: 00 02 00 81 00 40 00 24 00 24 00 c3 00 00 00 00  | .....@.$.$......
3f70: 00 02 00 c2 00 22 00 12 00 11 00 e0 00 00 00 00  | ....."..........
3f80: 00 08 00 08 00 08 00 08 00 10 00 e1 00 00 00 00  | ................
3f90: 00 80 00 80 00 80 00 80 00 80 00 e0 00 00 00 00  | ................
3fa0: 00 44 00 47 00 44 00 44 00 42 00 e1 00 00 00 00  | .D.G.D.D.B......
3fb0: 00 11 00 f0 00 00 00 02 00 12 00 e1 00 00 00 00  | ................
3fc0: 00 00 00 e0 00 10 00 08 00 08 00 f0 00 00 00 00  | ................
3fd0: 00 00 00 00 00 00 00 00 00 00 00 00 00 00 00 00  | ................
3fe0: 00 00 00 00 00 00 00 00 00 00 00 00 00 00 00 00  | ................
3ff0: 00 00 00 00 00 00 00 00 00 00 00 00 00 00 00 00  | ................
4000: 00 00 00 00 00 00 00 00 00 00 00 00 00 00 00 00  | ................
4010: 00 00 00 00 00 00 00 00 00 00 00 00 00 00 00 00  | ................
4020: 00 00 00 00 00 00 00 00 00 00 00 00 00 00 00 00  | ................
4030: 00 00 00 00 00 00 00 00 00 00 00 00 00 00 00 00  | ................
4040: 00 00 00 00 00 00 00 00 00 00 00 00 00 00 00 00  | ................
4050: 00 00 00 00 00 00 00 00 00 00 00 00 00 00 00 00  | ................
4060: 00 00 00 00 00 00 00 00 00 00 00 00 00 00 00 00  | ................
4070: 00 00 00 00 00 00 00 00 00 00 00 00 00 00 00 00  | ................
4080: 00 00 00 00 00 00 00 00 00 00 00 00 00 00 00 00  | ................
4090: 00 00 00 00 00 00 00 00 00 00 00 00 00 00 00 00  | ................
40a0: 00 00 00 00 00 00 00 00 00 00 00 00 00 00 00 00  | ................
40b0: 00 00 00 00 00 00 00 00 00 00 00 00 00 00 00 00  | ................
40c0: 00 00 00 00 00 00 00 00 00 00 00 00 00 00 00 00  | ................
40d0: 00 00 00 00 00 00 00 00 00 00 00 00 00 00 00 00  | ................
40e0: 00 00 00 00 00 00 00 00 00 00 00 00 00 00 00 00  | ................
40f0: 00 00 00 00 00 00 00 00 00 00 00 00 00 00 00 00  | ................
4100: 00 00 00 00 00 00 00 00 00 00 00 00 00 00 00 00  | ................
4110: 00 00 00 00 00 00 00 00 00 00 00 00 00 00 00 00  | ................
4120: 00 00 00 00 00 00 00 00 00 00 00 00 00 00 00 00  | ................
4130: 00 00 00 00 00 00 00 00 00 00 00 00 00 00 00 00  | ................
4140: 00 00 00 00 00 00 00 00 00 00 00 00 00 00 00 00  | ................
4150: 00 00 00 00 00 00 00 00 00 00 00 00 00 00 00 00  | ................
4160: 00 00 00 00 00 00 00 00 00 00 00 00 00 00 00 00  | ................
4170: 00 00 00 00 00 00 00 00 00 00 00 00 00 00 00 00  | ................
4180: 00 00 00 00 00 00 00 00 00 00 00 00 00 00 00 00  | ................
4190: 00 00 00 00 00 00 00 00 00 00 00 00 00 00 00 00  | ................
41a0: 00 00 00 00 00 00 00 00 00 00 00 00 00 00 00 00  | ................
41b0: 00 00 00 00 00 00 00 00 00 00 00 00 00 00 00 00  | ................
41c0: 00 00 00 00 00 00 00 00 00 00 00 00 00 00 00 00  | ................
41d0: 00 00 00 00 00 00 00 00 00 00 00 00 00 00 00 00  | ................
41e0: 00 00 00 00 00 00 00 00 00 00 00 00 00 00 00 00  | ................
41f0: 00 00 00 00 00 00 00 00 00 00 00 00 00 00 00 00  | ................
4200: 00 00 00 00 00 00 00 00 00 00 00 00 00 00 00 00  | ................
4210: 00 00 00 00 00 00 00 00 00 00 00 00 00 00 00 00  | ................
4220: 00 00 00 00 00 00 00 00 00 00 00 00 00 00 00 00  | ................
4230: 00 00 00 00 00 00 00 00 00 00 00 00 00 00 00 00  | ................
4240: 00 00 00 00 00 00 00 00 00 00 00 00 00 00 00 00  | ................
4250: 00 00 00 00 00 00 00 00 00 00 00 00 00 00 00 00  | ................
4260: 00 00 00 00 00 00 00 00 00 00 00 00 00 00 00 00  | ................
4270: 00 00 00 00 00 00 00 00 00 00 00 00 00 00 00 00  | ................
4280: 00 00 00 00 00 00 00 00 00 00 00 00 00 00 00 00  | ................
4290: 00 00 00 00 00 00 00 00 00 00 00 00 00 00 00 00  | ................
42a0: 00 00 00 00 00 00 00 00 00 00 00 00 00 00 00 00  | ................
42b0: 00 00 00 00 00 00 00 00 00 00 00 00 00 00 00 00  | ................
42c0: 00 00 00 00 00 00 00 00 00 00 00 00 00 00 00 00  | ................
42d0: 00 00 00 00 00 00 00 00 00 00 00 00 00 00 00 00  | ................
42e0: 00 00 00 00 00 00 00 00 00 00 00 00 00 00 00 00  | ................
42f0: 00 00 00 00 00 00 00 00 00 00 00 00 00 00 00 00  | ................
4300: 00 00 00 00 00 00 00 00 00 00 00 00 00 00 00 00  | ................
4310: 00 00 00 00 00 00 00 00 00 00 00 00 00 00 00 00  | ................
4320: 00 00 00 00 00 00 00 00 00 00 00 00 00 00 00 00  | ................
4330: 00 00 00 00 00 00 00 00 00 00 00 00 00 00 00 00  | ................
4340: 00 00 00 00 00 00 00 00 00 00 00 00 00 00 00 00  | ................
4350: 00 00 00 00 00 00 00 00 00 00 00 00 00 00 00 00  | ................
4360: 00 00 00 00 00 00 00 00 00 00 00 00 00 00 00 00  | ................
4370: 00 00 00 00 00 00 00 00 00 00 00 00 00 00 00 00  | ................
4380: 00 00 00 00 00 00 00 00 00 00 00 00 00 00 00 00  | ................
4390: 00 00 00 00 00 00 00 00 00 00 00 00 00 00 00 00  | ................
43a0: 00 00 00 00 00 00 00 00 00 00 00 00 00 00 00 00  | ................
43b0: 00 00 00 00 00 00 00 00 00 00 00 00 00 00 00 00  | ................
43c0: 00 00 00 00 00 00 00 00 00 00 00 00 00 00 00 00  | ................
43d0: 00 00 00 00 00 00 00 00 00 00 00 00 00 00 00 00  | ................
43e0: 00 00 00 00 00 00 00 00 00 00 00 00 00 00 00 00  | ................
43f0: 00 00 00 00 00 00 00 00 00 00 00 00 00 00 00 00  | ................
4400: 00 00 00 00 00 00 00 00 00 00 00 00 00 00 00 00  | ................
4410: 00 00 00 00 00 00 00 00 00 00 00 00 00 00 00 00  | ................
4420: 00 00 00 00 00 00 00 00 00 00 00 00 00 00 00 00  | ................
4430: 00 00 00 00 00 00 00 00 00 00 00 00 00 00 00 00  | ................
4440: 00 00 00 00 00 00 00 00 00 00 00 00 00 00 00 00  | ................
4450: 00 00 00 00 00 00 00 00 00 00 00 00 00 00 00 00  | ................
4460: 00 00 00 00 00 00 00 00 00 00 00 00 00 00 00 00  | ................
4470: 00 00 00 00 00 00 00 00 00 00 00 00 00 00 00 00  | ................
4480: 00 00 00 00 00 00 00 00 00 00 00 00 00 00 00 00  | ................
4490: 00 00 00 00 00 00 00 00 00 00 00 00 00 00 00 00  | ................
44a0: 00 00 00 00 00 00 00 00 00 00 00 00 00 00 00 00  | ................
44b0: 00 00 00 00 00 00 00 00 00 00 00 00 00 00 00 00  | ................
44c0: 00 00 00 00 00 00 00 00 00 00 00 00 00 00 00 00  | ................
44d0: 00 00 00 00 00 00 00 00 00 00 00 00 00 00 00 00  | ................
44e0: 00 00 00 00 00 00 00 00 00 00 00 00 00 00 00 00  | ................
44f0: 00 00 00 00 00 00 00 00 00 00 00 00 00 00 00 00  | ................
4500: 00 00 00 00 00 00 00 00 00 00 00 00 00 00 00 00  | ................
4510: 00 00 00 00 00 00 00 00 00 00 00 00 00 00 00 00  | ................
4520: 00 00 00 00 00 00 00 00 00 00 00 00 00 00 00 00  | ................
4530: 00 00 00 00 00 00 00 00 00 00 00 00 00 00 00 00  | ................
4540: 00 00 00 00 00 00 00 00 00 00 00 00 00 00 00 00  | ................
4550: 00 00 00 00 00 00 00 00 00 00 00 00 00 00 00 00  | ................
4560: 00 00 00 00 00 00 00 00 00 00 00 00 00 00 00 00  | ................
4570: 00 00 00 00 00 00 00 00 00 00 00 00 00 00 00 00  | ................
4580: 00 00 00 00 00 00 00 00 00 00 00 00 00 00 00 00  | ................
4590: 00 00 00 00 00 00 00 00 00 00 00 00 00 00 00 00  | ................
45a0: 00 00 00 00 00 00 00 00 00 00 00 00 00 00 00 00  | ................
45b0: 00 00 00 00 00 00 00 00 00 00 00 00 00 00 00 00  | ................
45c0: 00 00 00 00 00 00 00 00 00 00 00 00 00 00 00 00  | ................
45d0: 00 00 00 00 00 00 00 00 00 00 00 00 00 00 00 00  | ................
45e0: 00 00 00 00 00 00 00 00 00 00 00 00 00 00 00 00  | ................
45f0: 00 00 00 00 00 00 00 00 00 00 00 00 00 00 00 00  | ................
4600: 00 00 00 00 00 00 00 00 00 00 00 00 00 00 00 00  | ................
4610: 00 00 00 00 00 00 00 00 00 00 00 00 00 00 00 00  | ................
4620: 00 00 00 00 00 00 00 00 00 00 00 00 00 00 00 00  | ................
4630: 00 00 00 00 00 00 00 00 00 00 00 00 00 00 00 00  | ................
4640: 00 00 00 00 00 00 00 00 00 00 00 00 00 00 00 00  | ................
4650: 00 00 00 00 00 00 00 00 00 00 00 00 00 00 00 00  | ................
4660: 00 00 00 00 00 00 00 00 00 00 00 00 00 00 00 00  | ................
4670: 00 00 00 00 00 00 00 00 00 00 00 00 00 00 00 00  | ................
4680: 00 00 00 00 00 00 00 00 00 00 00 00 00 00 00 00  | ................
4690: 00 00 00 00 00 00 00 00 00 00 00 00 00 00 00 00  | ................
46a0: 00 00 00 00 00 00 00 00 00 00 00 00 00 00 00 00  | ................
46b0: 00 00 00 00 00 00 00 00 00 00 00 00 00 00 00 00  | ................
46c0: 00 00 00 00 00 00 00 00 00 00 00 00 00 00 00 00  | ................
46d0: 00 00 00 00 00 00 00 00 00 00 00 00 00 00 00 00  | ................
46e0: 00 00 00 00 00 00 00 00 00 00 00 00 00 00 00 00  | ................
46f0: 00 00 00 00 00 00 00 00 00 00 00 00 00 00 00 00  | ................
4700: 00 00 00 00 00 00 00 00 00 00 00 00 00 00 00 00  | ................
4710: 00 00 00 00 00 00 00 00 00 00 00 00 00 00 00 00  | ................
4720: 00 00 00 00 00 00 00 00 00 00 00 00 00 00 00 00  | ................
4730: 00 00 00 00 00 00 00 00 00 00 00 00 00 00 00 00  | ................
4740: 00 00 00 00 00 00 00 00 00 00 00 00 00 00 00 00  | ................
4750: 00 00 00 00 00 00 00 00 00 00 00 00 00 00 00 00  | ................
4760: 00 00 00 00 00 00 00 00 00 00 00 00 00 00 00 00  | ................
4770: 00 00 00 00 00 00 00 00 00 00 00 00 00 00 00 00  | ................
4780: 00 00 00 00 00 00 00 00 00 00 00 00 00 00 00 00  | ................
4790: 00 00 00 00 00 00 00 00 00 00 00 00 00 00 00 00  | ................
47a0: 00 00 00 00 00 00 00 00 00 00 00 00 00 00 00 00  | ................
47b0: 00 00 00 00 00 00 00 00 00 00 00 00 00 00 00 00  | ................
47c0: 00 00 00 00 00 00 00 00 00 00 00 00 00 00 00 00  | ................
47d0: 00 00 00 00 00 00 00 00 00 00 00 00 00 00 00 00  | ................
47e0: 00 00 00 00 00 00 00 00 00 00 00 00 00 00 00 00  | ................
47f0: 00 00 00 00 00 00 00 00 00 00 00 00 00 00 00 00  | ................
4800: 00 00 00 00 00 00 00 00 00 00 00 00 00 00 00 00  | ................
4810: 00 00 00 00 00 00 00 00 00 00 00 00 00 00 00 00  | ................
4820: 00 00 00 00 00 00 00 00 00 00 00 00 00 00 00 00  | ................
4830: 00 00 00 00 00 00 00 00 00 00 00 00 00 00 00 00  | ................
4840: 00 00 00 00 00 00 00 00 00 00 00 00 00 00 00 00  | ................
4850: 00 00 00 00 00 00 00 00 00 00 00 00 00 00 00 00  | ................
4860: 00 00 00 00 00 00 00 00 00 00 00 00 00 00 00 00  | ................
4870: 00 00 00 00 00 00 00 00 00 00 00 00 00 00 00 00  | ................
4880: 00 00 00 00 00 00 00 00 00 00 00 00 00 00 00 00  | ................
4890: 00 00 00 00 00 00 00 00 00 00 00 00 00 00 00 00  | ................
48a0: 00 00 00 00 00 00 00 00 00 00 00 00 00 00 00 00  | ................
48b0: 00 00 00 00 00 00 00 00 00 00 00 00 00 00 00 00  | ................
48c0: 00 00 00 00 00 00 00 00 00 00 00 00 00 00 00 00  | ................
48d0: 00 00 00 00 00 00 00 00 00 00 00 00 00 00 00 00  | ................
48e0: 00 00 00 00 00 00 00 00 00 00 00 00 00 00 00 00  | ................
48f0: 00 00 00 00 00 00 00 00 00 00 00 00 00 00 00 00  | ................
4900: 00 00 00 00 00 00 00 00 00 00 00 00 00 00 00 00  | ................
4910: 00 00 00 00 00 00 00 00 00 00 00 00 00 00 00 00  | ................
4920: 00 00 00 00 00 00 00 00 00 00 00 00 00 00 00 00  | ................
4930: 00 00 00 00 00 00 00 00 00 00 00 00 00 00 00 00  | ................
4940: 00 00 00 00 00 00 00 00 00 00 00 00 00 00 00 00  | ................
4950: 00 00 00 00 00 00 00 00 00 00 00 00 00 00 00 00  | ................
4960: 00 00 00 00 00 00 00 00 00 00 00 00 00 00 00 00  | ................
4970: 00 00 00 00 00 00 00 00 00 00 00 00 00 00 00 00  | ................
4980: 00 00 00 00 00 00 00 00 00 00 00 00 00 00 00 00  | ................
4990: 00 00 00 00 00 00 00 00 00 00 00 00 00 00 00 00  | ................
49a0: 00 00 00 00 00 00 00 00 00 00 00 00 00 00 00 00  | ................
49b0: 00 00 00 00 00 00 00 00 00 00 00 00 00 00 00 00  | ................
49c0: 00 00 00 00 00 00 00 00 00 00 00 00 00 00 00 00  | ................
49d0: 00 00 00 00 00 00 00 00 00 00 00 00 00 00 00 00  | ................
49e0: 00 00 00 00 00 00 00 00 00 00 00 00 00 00 00 00  | ................
49f0: 00 00 00 00 00 00 00 00 00 00 00 00 00 00 00 00  | ................
4a00: 00 00 00 00 00 00 00 00 00 00 00 00 00 00 00 00  | ................
4a10: 00 00 00 00 00 00 00 00 00 00 00 00 00 00 00 00  | ................
4a20: 00 00 00 00 00 00 00 00 00 00 00 00 00 00 00 00  | ................
4a30: 00 00 00 00 00 00 00 00 00 00 00 00 00 00 00 00  | ................
4a40: 00 00 00 00 00 00 00 00 00 00 00 00 00 00 00 00  | ................
4a50: 00 00 00 00 00 00 00 00 00 00 00 00 00 00 00 00  | ................
4a60: 00 00 00 00 00 00 00 00 00 00 00 00 00 00 00 00  | ................
4a70: 00 00 00 00 00 00 00 00 00 00 00 00 00 00 00 00  | ................
4a80: 00 00 00 00 00 00 00 00 00 00 00 00 00 00 00 00  | ................
4a90: 00 00 00 00 00 00 00 00 00 00 00 00 00 00 00 00  | ................
4aa0: 00 00 00 00 00 00 00 00 00 00 00 00 00 00 00 00  | ................
4ab0: 00 00 00 00 00 00 00 00 00 00 00 00 00 00 00 00  | ................
4ac0: 00 00 00 00 00 00 00 00 00 00 00 00 00 00 00 00  | ................
4ad0: 00 00 00 00 00 00 00 00 00 00 00 00 00 00 00 00  | ................
4ae0: 00 00 00 00 00 00 00 00 00 00 00 00 00 00 00 00  | ................
4af0: 00 00 00 00 00 00 00 00 00 00 00 00 00 00 00 00  | ................
4b00: 00 00 00 00 00 00 00 00 00 00 00 00 00 00 00 00  | ................
4b10: 00 00 00 00 00 00 00 00 00 00 00 00 00 00 00 00  | ................
4b20: 00 00 00 00 00 00 00 00 00 00 00 00 00 00 00 00  | ................
4b30: 00 00 00 00 00 00 00 00 00 00 00 00 00 00 00 00  | ................
4b40: 00 00 00 00 00 00 00 00 00 00 00 00 00 00 00 00  | ................
4b50: 00 00 00 00 00 00 00 00 00 00 00 00 00 00 00 00  | ................
4b60: 00 00 00 00 00 00 00 00 00 00 00 00 00 00 00 00  | ................
4b70: 00 00 00 00 00 00 00 00 00 00 00 00 00 00 00 00  | ................
4b80: 00 00 00 00 00 00 00 00 00 00 00 00 00 00 00 00  | ................
4b90: 00 00 00 00 00 00 00 00 00 00 00 00 00 00 00 00  | ................
4ba0: 00 00 00 00 00 00 00 00 00 00 00 00 00 00 00 00  | ................
4bb0: 00 00 00 00 00 00 00 00 00 00 00 00 00 00 00 00  | ................
4bc0: 00 00 00 00 00 00 00 00 00 00 00 00 00 00 00 00  | ................
4bd0: 00 00 00 00 00 00 00 00 00 00 00 00 00 00 00 00  | ................
4be0: 00 00 00 00 00 00 00 00 00 00 00 00 00 00 00 00  | ................
4bf0: 00 00 00 00 00 00 00 00 00 00 00 00 00 00 00 00  | ................
4c00: 00 00 00 00 00 00 00 00 00 00 00 00 00 00 00 00  | ................
4c10: 00 00 00 00 00 00 00 00 00 00 00 00 00 00 00 00  | ................
4c20: 00 00 00 00 00 00 00 00 00 00 00 00 00 00 00 00  | ................
4c30: 00 00 00 00 00 00 00 00 00 00 00 00 00 00 00 00  | ................
4c40: 00 00 00 00 00 00 00 00 00 00 00 00 00 00 00 00  | ................
4c50: 00 00 00 00 00 00 00 00 00 00 00 00 00 00 00 00  | ................
4c60: 00 00 00 00 00 00 00 00 00 00 00 00 00 00 00 00  | ................
4c70: 00 00 00 00 00 00 00 00 00 00 00 00 00 00 00 00  | ................
4c80: 00 00 00 00 00 00 00 00 00 00 00 00 00 00 00 00  | ................
4c90: 00 00 00 00 00 00 00 00 00 00 00 00 00 00 00 00  | ................
4ca0: 00 00 00 00 00 00 00 00 00 00 00 00 00 00 00 00  | ................
4cb0: 00 00 00 00 00 00 00 00 00 00 00 00 00 00 00 00  | ................
4cc0: 00 00 00 00 00 00 00 00 00 00 00 00 00 00 00 00  | ................
4cd0: 00 00 00 00 00 00 00 00 00 00 00 00 00 00 00 00  | ................
4ce0: 00 00 00 00 00 00 00 00 00 00 00 00 00 00 00 00  | ................
4cf0: 00 00 00 00 00 00 00 00 00 00 00 00 00 00 00 00  | ................
4d00: 00 00 00 00 00 00 00 00 00 00 00 00 00 00 00 00  | ................
4d10: 00 00 00 00 00 00 00 00 00 00 00 00 00 00 00 00  | ................
4d20: 00 00 00 00 00 00 00 00 00 00 00 00 00 00 00 00  | ................
4d30: 00 00 00 00 00 00 00 00 00 00 00 00 00 00 00 00  | ................
4d40: 00 00 00 00 00 00 00 00 00 00 00 00 00 00 00 00  | ................
4d50: 00 00 00 00 00 00 00 00 00 00 00 00 00 00 00 00  | ................
4d60: 00 00 00 00 00 00 00 00 00 00 00 00 00 00 00 00  | ................
4d70: 00 00 00 00 00 00 00 00 00 00 00 00 00 00 00 00  | ................
4d80: 00 00 00 00 00 00 00 00 00 00 00 00 00 00 00 00  | ................
4d90: 00 00 00 00 00 00 00 00 00 00 00 00 00 00 00 00  | ................
4da0: 00 00 00 00 00 00 00 00 00 00 00 00 00 00 00 00  | ................
4db0: 00 00 00 00 00 00 00 00 00 00 00 00 00 00 00 00  | ................
4dc0: 00 00 00 00 00 00 00 00 00 00 00 00 00 00 00 00  | ................
4dd0: 00 00 00 00 00 00 00 00 00 00 00 00 00 00 00 00  | ................
4de0: 00 00 00 00 00 00 00 00 00 00 00 00 00 00 00 00  | ................
4df0: 00 00 00 00 00 00 00 00 00 00 00 00 00 00 00 00  | ................
4e00: 00 00 00 00 00 00 00 00 00 00 00 00 00 00 00 00  | ................
4e10: 00 00 00 00 00 00 00 00 00 00 00 00 00 00 00 00  | ................
4e20: 00 00 00 00 00 00 00 00 00 00 00 00 00 00 00 00  | ................
4e30: 00 00 00 00 00 00 00 00 00 00 00 00 00 00 00 00  | ................
4e40: 00 00 00 00 00 00 00 00 00 00 00 00 00 00 00 00  | ................
4e50: 00 00 00 00 00 00 00 00 00 00 00 00 00 00 00 00  | ................
4e60: 00 00 00 00 00 00 00 00 00 00 00 00 00 00 00 00  | ................
4e70: 00 00 00 00 00 00 00 00 00 00 00 00 00 00 00 00  | ................
4e80: 00 00 00 00 00 00 00 00 00 00 00 00 00 00 00 00  | ................
4e90: 00 00 00 00 00 00 00 00 00 00 00 00 00 00 00 00  | ................
4ea0: 00 00 00 00 00 00 00 00 00 00 00 00 00 00 00 00  | ................
4eb0: 00 00 00 00 00 00 00 00 00 00 00 00 00 00 00 00  | ................
4ec0: 00 00 00 00 00 00 00 00 00 00 00 00 00 00 00 00  | ................
4ed0: 00 00 00 00 00 00 00 00 00 00 00 00 00 00 00 00  | ................
4ee0: 00 00 00 00 00 00 00 00 00 00 00 00 00 00 00 00  | ................
4ef0: 00 00 00 00 00 00 00 00 00 00 00 00 00 00 00 00  | ................
4f00: 00 00 00 00 00 00 00 00 00 00 00 00 00 00 00 00  | ................
4f10: 00 00 00 00 00 00 00 00 00 00 00 00 00 00 00 00  | ................
4f20: 00 00 00 00 00 00 00 00 00 00 00 00 00 00 00 00  | ................
4f30: 00 00 00 00 00 00 00 00 00 00 00 00 00 00 00 00  | ................
4f40: 00 00 00 00 00 00 00 00 00 00 00 00 00 00 00 00  | ................
4f50: 00 00 00 00 00 00 00 00 00 00 00 00 00 00 00 00  | ................
4f60: 00 00 00 00 00 00 00 00 00 00 00 00 00 00 00 00  | ................
4f70: 00 00 00 00 00 00 00 00 00 00 00 00 00 00 00 00  | ................
4f80: 00 00 00 00 00 00 00 00 00 00 00 00 00 00 00 00  | ................
4f90: 00 00 00 00 00 00 00 00 00 00 00 00 00 00 00 00  | ................
4fa0: 00 00 00 00 00 00 00 00 00 00 00 00 00 00 00 00  | ................
4fb0: 00 00 00 00 00 00 00 00 00 00 00 00 00 00 00 00  | ................
4fc0: 00 00 00 00 00 00 00 00 00 00 00 00 00 00 00 00  | ................
4fd0: 00 00 00 00 00 00 00 00 00 00 00 00 00 00 00 00  | ................
4fe0: 00 00 00 00 00 00 00 00 00 00 00 00 00 00 00 00  | ................
4ff0: 00 00 00 00 00 00 00 00 00 00 00 00 00 00 00 00  | ................
5000: 00 00 00 00 00 00 00 00 00 00 00 00 00 00 00 00  | ................
5010: 00 00 00 00 00 00 00 00 00 00 00 00 00 00 00 00  | ................
5020: 00 00 00 00 00 00 00 00 00 00 00 00 00 00 00 00  | ................
5030: 00 00 00 00 00 00 00 00 00 00 00 00 00 00 00 00  | ................
5040: 00 00 00 00 00 00 00 00 00 00 00 00 00 00 00 00  | ................
5050: 00 00 00 00 00 00 00 00 00 00 00 00 00 00 00 00  | ................
5060: 00 00 00 00 00 00 00 00 00 00 00 00 00 00 00 00  | ................
5070: 00 00 00 00 00 00 00 00 00 00 00 00 00 00 00 00  | ................
5080: 00 00 00 00 00 00 00 00 00 00 00 00 00 00 00 00  | ................
5090: 00 00 00 00 00 00 00 00 00 00 00 00 00 00 00 00  | ................
50a0: 00 00 00 00 00 00 00 00 00 00 00 00 00 00 00 00  | ................
50b0: 00 00 00 00 00 00 00 00 00 00 00 00 00 00 00 00  | ................
50c0: 00 00 00 00 00 00 00 00 00 00 00 00 00 00 00 00  | ................
50d0: 00 00 00 00 00 00 00 00 00 00 00 00 00 00 00 00  | ................
50e0: 00 00 00 00 00 00 00 00 00 00 00 00 00 00 00 00  | ................
50f0: 00 00 00 00 00 00 00 00 00 00 00 00 00 00 00 00  | ................
5100: 00 00 00 00 00 00 00 00 00 00 00 00 00 00 00 00  | ................
5110: 00 00 00 00 00 00 00 00 00 00 00 00 00 00 00 00  | ................
5120: 00 00 00 00 00 00 00 00 00 00 00 00 00 00 00 00  | ................
5130: 00 00 00 00 00 00 00 00 00 00 00 00 00 00 00 00  | ................
5140: 00 00 00 00 00 00 00 00 00 00 00 00 00 00 00 00  | ................
5150: 00 00 00 00 00 00 00 00 00 00 00 00 00 00 00 00  | ................
5160: 00 00 00 00 00 00 00 00 00 00 00 00 00 00 00 00  | ................
5170: 00 00 00 00 00 00 00 00 00 00 00 00 00 00 00 00  | ................
5180: 00 00 00 00 00 00 00 00 00 00 00 00 00 00 00 00  | ................
5190: 00 00 00 00 00 00 00 00 00 00 00 00 00 00 00 00  | ................
51a0: 00 00 00 00 00 00 00 00 00 00 00 00 00 00 00 00  | ................
51b0: 00 00 00 00 00 00 00 00 00 00 00 00 00 00 00 00  | ................
51c0: 00 00 00 00 00 00 00 00 00 00 00 00 00 00 00 00  | ................
51d0: 00 00 00 00 00 00 00 00 00 00 00 00 00 00 00 00  | ................
51e0: 00 00 00 00 00 00 00 00 00 00 00 00 00 00 00 00  | ................
51f0: 00 00 00 00 00 00 00 00 00 00 00 00 00 00 00 00  | ................
5200: 00 00 00 00 00 00 00 00 00 00 00 00 00 00 00 00  | ................
5210: 00 00 00 00 00 00 00 00 00 00 00 00 00 00 00 00  | ................
5220: 00 00 00 00 00 00 00 00 00 00 00 00 00 00 00 00  | ................
5230: 00 00 00 00 00 00 00 00 00 00 00 00 00 00 00 00  | ................
5240: 00 00 00 00 00 00 00 00 00 00 00 00 00 00 00 00  | ................
5250: 00 00 00 00 00 00 00 00 00 00 00 00 00 00 00 00  | ................
5260: 00 00 00 00 00 00 00 00 00 00 00 00 00 00 00 00  | ................
5270: 00 00 00 00 00 00 00 00 00 00 00 00 00 00 00 00  | ................
5280: 00 00 00 00 00 00 00 00 00 00 00 00 00 00 00 00  | ................
5290: 00 00 00 00 00 00 00 00 00 00 00 00 00 00 00 00  | ................
52a0: 00 00 00 00 00 00 00 00 00 00 00 00 00 00 00 00  | ................
52b0: 00 00 00 00 00 00 00 00 00 00 00 00 00 00 00 00  | ................
52c0: 00 00 00 00 00 00 00 00 00 00 00 00 00 00 00 00  | ................
52d0: 00 00 00 00 00 00 00 00 00 00 00 00 00 00 00 00  | ................
52e0: 00 00 00 00 00 00 00 00 00 00 00 00 00 00 00 00  | ................
52f0: 00 00 00 00 00 00 00 00 00 00 00 00 00 00 00 00  | ................
5300: 00 00 00 00 00 00 00 00 00 00 00 00 00 00 00 00  | ................
5310: 00 00 00 00 00 00 00 00 00 00 00 00 00 00 00 00  | ................
5320: 00 00 00 00 00 00 00 00 00 00 00 00 00 00 00 00  | ................
5330: 00 00 00 00 00 00 00 00 00 00 00 00 00 00 00 00  | ................
5340: 00 00 00 00 00 00 00 00 00 00 00 00 00 00 00 00  | ................
5350: 00 00 00 00 00 00 00 00 00 00 00 00 00 00 00 00  | ................
5360: 00 00 00 00 00 00 00 00 00 00 00 00 00 00 00 00  | ................
5370: 00 00 00 00 00 00 00 00 00 00 00 00 00 00 00 00  | ................
5380: 00 00 00 00 00 00 00 00 00 00 00 00 00 00 00 00  | ................
5390: 00 00 00 00 00 00 00 00 00 00 00 00 00 00 00 00  | ................
53a0: 00 00 00 00 00 00 00 00 00 00 00 00 00 00 00 00  | ................
53b0: 00 00 00 00 00 00 00 00 00 00 00 00 00 00 00 00  | ................
53c0: 00 00 00 00 00 00 00 00 00 00 00 00 00 00 00 00  | ................
53d0: 00 00 00 00 00 00 00 00 00 00 00 00 00 00 00 00  | ................
53e0: 00 00 00 00 00 00 00 00 00 00 00 00 00 00 00 00  | ................
53f0: 00 00 00 00 00 00 00 00 00 00 00 00 00 00 00 00  | ................
5400: 00 00 00 00 00 00 00 00 00 00 00 00 00 00 00 00  | ................
5410: 00 00 00 00 00 00 00 00 00 00 00 00 00 00 00 00  | ................
5420: 00 00 00 00 00 00 00 00 00 00 00 00 00 00 00 00  | ................
5430: 00 00 00 00 00 00 00 00 00 00 00 00 00 00 00 00  | ................
5440: 00 00 00 00 00 00 00 00 00 00 00 00 00 00 00 00  | ................
5450: 00 00 00 00 00 00 00 00 00 00 00 00 00 00 00 00  | ................
5460: 00 00 00 00 00 00 00 00 00 00 00 00 00 00 00 00  | ................
5470: 00 00 00 00 00 00 00 00 00 00 00 00 00 00 00 00  | ................
5480: 00 00 00 00 00 00 00 00 00 00 00 00 00 00 00 00  | ................
5490: 00 00 00 00 00 00 00 00 00 00 00 00 00 00 00 00  | ................
54a0: 00 00 00 00 00 00 00 00 00 00 00 00 00 00 00 00  | ................
54b0: 00 00 00 00 00 00 00 00 00 00 00 00 00 00 00 00  | ................
54c0: 00 00 00 00 00 00 00 00 00 00 00 00 00 00 00 00  | ................
54d0: 00 00 00 00 00 00 00 00 00 00 00 00 00 00 00 00  | ................
54e0: 00 00 00 00 00 00 00 00 00 00 00 00 00 00 00 00  | ................
54f0: 00 00 00 00 00 00 00 00 00 00 00 00 00 00 00 00  | ................
5500: 00 00 00 00 00 00 00 00 00 00 00 00 00 00 00 00  | ................
5510: 00 00 00 00 00 00 00 00 00 00 00 00 00 00 00 00  | ................
5520: 00 00 00 00 00 00 00 00 00 00 00 00 00 00 00 00  | ................
5530: 00 00 00 00 00 00 00 00 00 00 00 00 00 00 00 00  | ................
5540: 00 00 00 00 00 00 00 00 00 00 00 00 00 00 00 00  | ................
5550: 00 00 00 00 00 00 00 00 00 00 00 00 00 00 00 00  | ................
5560: 00 00 00 00 00 00 00 00 00 00 00 00 00 00 00 00  | ................
5570: 00 00 00 00 00 00 00 00 00 00 00 00 00 00 00 00  | ................
5580: 00 00 00 00 00 00 00 00 00 00 00 00 00 00 00 00  | ................
5590: 00 00 00 00 00 00 00 00 00 00 00 00 00 00 00 00  | ................
55a0: 00 00 00 00 00 00 00 00 00 00 00 00 00 00 00 00  | ................
55b0: 00 00 00 00 00 00 00 00 00 00 00 00 00 00 00 00  | ................
55c0: 00 00 00 00 00 00 00 00 00 00 00 00 00 00 00 00  | ................
55d0: 00 00 00 00 00 00 00 00 00 00 00 00 00 00 00 00  | ................
55e0: 00 00 00 00 00 00 00 00 00 00 00 00 00 00 00 00  | ................
55f0: 00 00 00 00 00 00 00 00 00 00 00 00 00 00 00 00  | ................
5600: 00 00 00 00 00 00 00 00 00 00 00 00 00 00 00 00  | ................
5610: 00 00 00 00 00 00 00 00 00 00 00 00 00 00 00 00  | ................
5620: 00 00 00 00 00 00 00 00 00 00 00 00 00 00 00 00  | ................
5630: 00 00 00 00 00 00 00 00 00 00 00 00 00 00 00 00  | ................
5640: 00 00 00 00 00 00 00 00 00 00 00 00 00 00 00 00  | ................
5650: 00 00 00 00 00 00 00 00 00 00 00 00 00 00 00 00  | ................
5660: 00 00 00 00 00 00 00 00 00 00 00 00 00 00 00 00  | ................
5670: 00 00 00 00 00 00 00 00 00 00 00 00 00 00 00 00  | ................
5680: 00 00 00 00 00 00 00 00 00 00 00 00 00 00 00 00  | ................
5690: 00 00 00 00 00 00 00 00 00 00 00 00 00 00 00 00  | ................
56a0: 00 00 00 00 00 00 00 00 00 00 00 00 00 00 00 00  | ................
56b0: 00 00 00 00 00 00 00 00 00 00 00 00 00 00 00 00  | ................
56c0: 00 00 00 00 00 00 00 00 00 00 00 00 00 00 00 00  | ................
56d0: 00 00 00 00 00 00 00 00 00 00 00 00 00 00 00 00  | ................
56e0: 00 00 00 00 00 00 00 00 00 00 00 00 00 00 00 00  | ................
56f0: 00 00 00 00 00 00 00 00 00 00 00 00 00 00 00 00  | ................
5700: 00 00 00 00 00 00 00 00 00 00 00 00 00 00 00 00  | ................
5710: 00 00 00 00 00 00 00 00 00 00 00 00 00 00 00 00  | ................
5720: 00 00 00 00 00 00 00 00 00 00 00 00 00 00 00 00  | ................
5730: 00 00 00 00 00 00 00 00 00 00 00 00 00 00 00 00  | ................
5740: 00 00 00 00 00 00 00 00 00 00 00 00 00 00 00 00  | ................
5750: 00 00 00 00 00 00 00 00 00 00 00 00 00 00 00 00  | ................
5760: 00 00 00 00 00 00 00 00 00 00 00 00 00 00 00 00  | ................
5770: 00 00 00 00 00 00 00 00 00 00 00 00 00 00 00 00  | ................
5780: 00 00 00 00 00 00 00 00 00 00 00 00 00 00 00 00  | ................
5790: 00 00 00 00 00 00 00 00 00 00 00 00 00 00 00 00  | ................
57a0: 00 00 00 00 00 00 00 00 00 00 00 00 00 00 00 00  | ................
57b0: 00 00 00 00 00 00 00 00 00 00 00 00 00 00 00 00  | ................
57c0: 00 00 00 00 00 00 00 00 00 00 00 00 00 00 00 00  | ................
57d0: 00 00 00 00 00 00 00 00 00 00 00 00 00 00 00 00  | ................
57e0: 00 00 00 00 00 00 00 00 00 00 00 00 00 00 00 00  | ................
57f0: 00 00 00 00 00 00 00 00 00 00 00 00 00 00 00 00  | ................
5800: 00 00 00 00 00 00 00 00 00 00 00 00 00 00 00 00  | ................
5810: 00 00 00 00 00 00 00 00 00 00 00 00 00 00 00 00  | ................
5820: 00 00 00 00 00 00 00 00 00 00 00 00 00 00 00 00  | ................
5830: 00 00 00 00 00 00 00 00 00 00 00 00 00 00 00 00  | ................
5840: 00 00 00 00 00 00 00 00 00 00 00 00 00 00 00 00  | ................
5850: 00 00 00 00 00 00 00 00 00 00 00 00 00 00 00 00  | ................
5860: 00 00 00 00 00 00 00 00 00 00 00 00 00 00 00 00  | ................
5870: 00 00 00 00 00 00 00 00 00 00 00 00 00 00 00 00  | ................
5880: 00 00 00 00 00 00 00 00 00 00 00 00 00 00 00 00  | ................
5890: 00 00 00 00 00 00 00 00 00 00 00 00 00 00 00 00  | ................
58a0: 00 00 00 00 00 00 00 00 00 00 00 00 00 00 00 00  | ................
58b0: 00 00 00 00 00 00 00 00 00 00 00 00 00 00 00 00  | ................
58c0: 00 00 00 00 00 00 00 00 00 00 00 00 00 00 00 00  | ................
58d0: 00 00 00 00 00 00 00 00 00 00 00 00 00 00 00 00  | ................
58e0: 00 00 00 00 00 00 00 00 00 00 00 00 00 00 00 00  | ................
58f0: 00 00 00 00 00 00 00 00 00 00 00 00 00 00 00 00  | ................
5900: 00 00 00 00 00 00 00 00 00 00 00 00 00 00 00 00  | ................
5910: 00 00 00 00 00 00 00 00 00 00 00 00 00 00 00 00  | ................
5920: 00 00 00 00 00 00 00 00 00 00 00 00 00 00 00 00  | ................
5930: 00 00 00 00 00 00 00 00 00 00 00 00 00 00 00 00  | ................
5940: 00 00 00 00 00 00 00 00 00 00 00 00 00 00 00 00  | ................
5950: 00 00 00 00 00 00 00 00 00 00 00 00 00 00 00 00  | ................
5960: 00 00 00 00 00 00 00 00 00 00 00 00 00 00 00 00  | ................
5970: 00 00 00 00 00 00 00 00 00 00 00 00 00 00 00 00  | ................
5980: 00 00 00 00 00 00 00 00 00 00 00 00 00 00 00 00  | ................
5990: 00 00 00 00 00 00 00 00 00 00 00 00 00 00 00 00  | ................
59a0: 00 00 00 00 00 00 00 00 00 00 00 00 00 00 00 00  | ................
59b0: 00 00 00 00 00 00 00 00 00 00 00 00 00 00 00 00  | ................
59c0: 00 00 00 00 00 00 00 00 00 00 00 00 00 00 00 00  | ................
59d0: 00 00 00 00 00 00 00 00 00 00 00 00 00 00 00 00  | ................
59e0: 00 00 00 00 00 00 00 00 00 00 00 00 00 00 00 00  | ................
59f0: 00 00 00 00 00 00 00 00 00 00 00 00 00 00 00 00  | ................
5a00: 00 00 00 00 00 00 00 00 00 00 00 00 00 00 00 00  | ................
5a10: 00 00 00 00 00 00 00 00 00 00 00 00 00 00 00 00  | ................
5a20: 00 00 00 00 00 00 00 00 00 00 00 00 00 00 00 00  | ................
5a30: 00 00 00 00 00 00 00 00 00 00 00 00 00 00 00 00  | ................
5a40: 00 00 00 00 00 00 00 00 00 00 00 00 00 00 00 00  | ................
5a50: 00 00 00 00 00 00 00 00 00 00 00 00 00 00 00 00  | ................
5a60: 00 00 00 00 00 00 00 00 00 00 00 00 00 00 00 00  | ................
5a70: 00 00 00 00 00 00 00 00 00 00 00 00 00 00 00 00  | ................
5a80: 00 00 00 00 00 00 00 00 00 00 00 00 00 00 00 00  | ................
5a90: 00 00 00 00 00 00 00 00 00 00 00 00 00 00 00 00  | ................
5aa0: 00 00 00 00 00 00 00 00 00 00 00 00 00 00 00 00  | ................
5ab0: 00 00 00 00 00 00 00 00 00 00 00 00 00 00 00 00  | ................
5ac0: 00 00 00 00 00 00 00 00 00 00 00 00 00 00 00 00  | ................
5ad0: 00 00 00 00 00 00 00 00 00 00 00 00 00 00 00 00  | ................
5ae0: 00 00 00 00 00 00 00 00 00 00 00 00 00 00 00 00  | ................
5af0: 00 00 00 00 00 00 00 00 00 00 00 00 00 00 00 00  | ................
5b00: 00 00 00 00 00 00 00 00 00 00 00 00 00 00 00 00  | ................
5b10: 00 00 00 00 00 00 00 00 00 00 00 00 00 00 00 00  | ................
5b20: 00 00 00 00 00 00 00 00 00 00 00 00 00 00 00 00  | ................
5b30: 00 00 00 00 00 00 00 00 00 00 00 00 00 00 00 00  | ................
5b40: 00 00 00 00 00 00 00 00 00 00 00 00 00 00 00 00  | ................
5b50: 00 00 00 00 00 00 00 00 00 00 00 00 00 00 00 00  | ................
5b60: 00 00 00 00 00 00 00 00 00 00 00 00 00 00 00 00  | ................
5b70: 00 00 00 00 00 00 00 00 00 00 00 00 00 00 00 00  | ................
5b80: 00 00 00 00 00 00 00 00 00 00 00 00 00 00 00 00  | ................
5b90: 00 00 00 00 00 00 00 00 00 00 00 00 00 00 00 00  | ................
5ba0: 00 00 00 00 00 00 00 00 00 00 00 00 00 00 00 00  | ................
5bb0: 00 00 00 00 00 00 00 00 00 00 00 00 00 00 00 00  | ................
5bc0: 00 00 00 00 00 00 00 00 00 00 00 00 00 00 00 00  | ................
5bd0: 00 00 00 00 00 00 00 00 00 00 00 00 00 00 00 00  | ................
5be0: 00 00 00 00 00 00 00 00 00 00 00 00 00 00 00 00  | ................
5bf0: 00 00 00 00 00 00 00 00 00 00 00 00 00 00 00 00  | ................
5c00: 00 00 00 00 00 00 00 00 00 00 00 00 00 00 00 00  | ................
5c10: 00 00 00 00 00 00 00 00 00 00 00 00 00 00 00 00  | ................
5c20: 00 00 00 00 00 00 00 00 00 00 00 00 00 00 00 00  | ................
5c30: 00 00 00 00 00 00 00 00 00 00 00 00 00 00 00 00  | ................
5c40: 00 00 00 00 00 00 00 00 00 00 00 00 00 00 00 00  | ................
5c50: 00 00 00 00 00 00 00 00 00 00 00 00 00 00 00 00  | ................
5c60: 00 00 00 00 00 00 00 00 00 00 00 00 00 00 00 00  | ................
5c70: 00 00 00 00 00 00 00 00 00 00 00 00 00 00 00 00  | ................
5c80: 00 00 00 00 00 00 00 00 00 00 00 00 00 00 00 00  | ................
5c90: 00 00 00 00 00 00 00 00 00 00 00 00 00 00 00 00  | ................
5ca0: 00 00 00 00 00 00 00 00 00 00 00 00 00 00 00 00  | ................
5cb0: 00 00 00 00 00 00 00 00 00 00 00 00 00 00 00 00  | ................
5cc0: 00 00 00 00 00 00 00 00 00 00 00 00 00 00 00 00  | ................
5cd0: 00 00 00 00 00 00 00 00 00 00 00 00 00 00 00 00  | ................
5ce0: 00 00 00 00 00 00 00 00 00 00 00 00 00 00 00 00  | ................
5cf0: 00 00 00 00 00 00 00 00 00 00 00 00 00 00 00 00  | ................
5d00: 00 00 00 00 00 00 00 00 00 00 00 00 00 00 00 00  | ................
5d10: 00 00 00 00 00 00 00 00 00 00 00 00 00 00 00 00  | ................
5d20: 00 00 00 00 00 00 00 00 00 00 00 00 00 00 00 00  | ................
5d30: 00 00 00 00 00 00 00 00 00 00 00 00 00 00 00 00  | ................
5d40: 00 00 00 00 00 00 00 00 00 00 00 00 00 00 00 00  | ................
5d50: 00 00 00 00 00 00 00 00 00 00 00 00 00 00 00 00  | ................
5d60: 00 00 00 00 00 00 00 00 00 00 00 00 00 00 00 00  | ................
5d70: 00 00 00 00 00 00 00 00 00 00 00 00 00 00 00 00  | ................
5d80: 00 00 00 00 00 00 00 00 00 00 00 00 00 00 00 00  | ................
5d90: 00 00 00 00 00 00 00 00 00 00 00 00 00 00 00 00  | ................
5da0: 00 00 00 00 00 00 00 00 00 00 00 00 00 00 00 00  | ................
5db0: 00 00 00 00 00 00 00 00 00 00 00 00 00 00 00 00  | ................
5dc0: 00 00 00 00 00 00 00 00 00 00 00 00 00 00 00 00  | ................
5dd0: 00 00 00 00 00 00 00 00 00 00 00 00 00 00 00 00  | ................
5de0: 00 00 00 00 00 00 00 00 00 00 00 00 00 00 00 00  | ................
5df0: 00 00 00 00 00 00 00 00 00 00 00 00 00 00 00 00  | ................
5e00: 00 00 00 00 00 00 00 00 00 00 00 00 00 00 00 00  | ................
5e10: 00 00 00 00 00 00 00 00 00 00 00 00 00 00 00 00  | ................
5e20: 00 00 00 00 00 00 00 00 00 00 00 00 00 00 00 00  | ................
5e30: 00 00 00 00 00 00 00 00 00 00 00 00 00 00 00 00  | ................
5e40: 00 00 00 00 00 00 00 00 00 00 00 00 00 00 00 00  | ................
5e50: 00 00 00 00 00 00 00 00 00 00 00 00 00 00 00 00  | ................
5e60: 00 00 00 00 00 00 00 00 00 00 00 00 00 00 00 00  | ................
5e70: 00 00 00 00 00 00 00 00 00 00 00 00 00 00 00 00  | ................
5e80: 00 00 00 00 00 00 00 00 00 00 00 00 00 00 00 00  | ................
5e90: 00 00 00 00 00 00 00 00 00 00 00 00 00 00 00 00  | ................
5ea0: 00 00 00 00 00 00 00 00 00 00 00 00 00 00 00 00  | ................
5eb0: 00 00 00 00 00 00 00 00 00 00 00 00 00 00 00 00  | ................
5ec0: 00 00 00 00 00 00 00 00 00 00 00 00 00 00 00 00  | ................
5ed0: 00 00 00 00 00 00 00 00 00 00 00 00 00 00 00 00  | ................
5ee0: 00 00 00 00 00 00 00 00 00 00 00 00 00 00 00 00  | ................
5ef0: 00 00 00 00 00 00 00 00 00 00 00 00 00 00 00 00  | ................
5f00: 00 00 00 00 00 00 00 00 00 00 00 00 00 00 00 00  | ................
5f10: 00 00 00 00 00 00 00 00 00 00 00 00 00 00 00 00  | ................
5f20: 00 00 00 00 00 00 00 00 00 00 00 00 00 00 00 00  | ................
5f30: 00 00 00 00 00 00 00 00 00 00 00 00 00 00 00 00  | ................
5f40: 00 00 00 00 00 00 00 00 00 00 00 00 00 00 00 00  | ................
5f50: 00 00 00 00 00 00 00 00 00 00 00 00 00 00 00 00  | ................
5f60: 00 00 00 00 00 00 00 00 00 00 00 00 00 00 00 00  | ................
5f70: 00 00 00 00 00 00 00 00 00 00 00 00 00 00 00 00  | ................
5f80: 00 00 00 00 00 00 00 00 00 00 00 00 00 00 00 00  | ................
5f90: 00 00 00 00 00 00 00 00 00 00 00 00 00 00 00 00  | ................
5fa0: 00 00 00 00 00 00 00 00 00 00 00 00 00 00 00 00  | ................
5fb0: 00 00 00 00 00 00 00 00 00 00 00 00 00 00 00 00  | ................
5fc0: 00 00 00 00 00 00 00 00 00 00 00 00 00 00 00 00  | ................
5fd0: 00 00 00 00 00 00 00 00 00 00 00 00 00 00 00 00  | ................
5fe0: 00 00 00 00 00 00 00 00 00 00 00 00 00 00 00 00  | ................
5ff0: 00 00 00 00 00 00 00 00 00 00 00 00 00 00 00 00  | ................
6000: 00 00 00 00 00 00 00 00 00 00 00 00 00 00 00 00  | ................
6010: 00 00 00 00 00 00 00 00 00 00 00 00 00 00 00 00  | ................
6020: 00 00 00 00 00 00 00 00 00 00 00 00 00 00 00 00  | ................
6030: 00 00 00 00 00 00 00 00 00 00 00 00 00 00 00 00  | ................
6040: 00 00 00 00 00 00 00 00 00 00 00 00 00 00 00 00  | ................
6050: 00 00 00 00 00 00 00 00 00 00 00 00 00 00 00 00  | ................
6060: 00 00 00 00 00 00 00 00 00 00 00 00 00 00 00 00  | ................
6070: 00 00 00 00 00 00 00 00 00 00 00 00 00 00 00 00  | ................
6080: 00 00 00 00 00 00 00 00 00 00 00 00 00 00 00 00  | ................
6090: 00 00 00 00 00 00 00 00 00 00 00 00 00 00 00 00  | ................
60a0: 00 00 00 00 00 00 00 00 00 00 00 00 00 00 00 00  | ................
60b0: 00 00 00 00 00 00 00 00 00 00 00 00 00 00 00 00  | ................
60c0: 00 00 00 00 00 00 00 00 00 00 00 00 00 00 00 00  | ................
60d0: 00 00 00 00 00 00 00 00 00 00 00 00 00 00 00 00  | ................
60e0: 00 00 00 00 00 00 00 00 00 00 00 00 00 00 00 00  | ................
60f0: 00 00 00 00 00 00 00 00 00 00 00 00 00 00 00 00  | ................
6100: 00 00 00 00 00 00 00 00 00 00 00 00 00 00 00 00  | ................
6110: 00 00 00 00 00 00 00 00 00 00 00 00 00 00 00 00  | ................
6120: 00 00 00 00 00 00 00 00 00 00 00 00 00 00 00 00  | ................
6130: 00 00 00 00 00 00 00 00 00 00 00 00 00 00 00 00  | ................
6140: 00 00 00 00 00 00 00 00 00 00 00 00 00 00 00 00  | ................
6150: 00 00 00 00 00 00 00 00 00 00 00 00 00 00 00 00  | ................
6160: 00 00 00 00 00 00 00 00 00 00 00 00 00 00 00 00  | ................
6170: 00 00 00 00 00 00 00 00 00 00 00 00 00 00 00 00  | ................
6180: 00 00 00 00 00 00 00 00 00 00 00 00 00 00 00 00  | ................
6190: 00 00 00 00 00 00 00 00 00 00 00 00 00 00 00 00  | ................
61a0: 00 00 00 00 00 00 00 00 00 00 00 00 00 00 00 00  | ................
61b0: 00 00 00 00 00 00 00 00 00 00 00 00 00 00 00 00  | ................
61c0: 00 00 00 00 00 00 00 00 00 00 00 00 00 00 00 00  | ................
61d0: 00 00 00 00 00 00 00 00 00 00 00 00 00 00 00 00  | ................
61e0: 00 00 00 00 00 00 00 00 00 00 00 00 00 00 00 00  | ................
61f0: 00 00 00 00 00 00 00 00 00 00 00 00 00 00 00 00  | ................
6200: 00 00 00 00 00 00 00 00 00 00 00 00 00 00 00 00  | ................
6210: 00 00 00 00 00 00 00 00 00 00 00 00 00 00 00 00  | ................
6220: 00 00 00 00 00 00 00 00 00 00 00 00 00 00 00 00  | ................
6230: 00 00 00 00 00 00 00 00 00 00 00 00 00 00 00 00  | ................
6240: 00 00 00 00 00 00 00 00 00 00 00 00 00 00 00 00  | ................
6250: 00 00 00 00 00 00 00 00 00 00 00 00 00 00 00 00  | ................
6260: 00 00 00 00 00 00 00 00 00 00 00 00 00 00 00 00  | ................
6270: 00 00 00 00 00 00 00 00 00 00 00 00 00 00 00 00  | ................
6280: 00 00 00 00 00 00 00 00 00 00 00 00 00 00 00 00  | ................
6290: 00 00 00 00 00 00 00 00 00 00 00 00 00 00 00 00  | ................
62a0: 00 00 00 00 00 00 00 00 00 00 00 00 00 00 00 00  | ................
62b0: 00 00 00 00 00 00 00 00 00 00 00 00 00 00 00 00  | ................
62c0: 00 00 00 00 00 00 00 00 00 00 00 00 00 00 00 00  | ................
62d0: 00 00 00 00 00 00 00 00 00 00 00 00 00 00 00 00  | ................
62e0: 00 00 00 00 00 00 00 00 00 00 00 00 00 00 00 00  | ................
62f0: 00 00 00 00 00 00 00 00 00 00 00 00 00 00 00 00  | ................
6300: 00 00 00 00 00 00 00 00 00 00 00 00 00 00 00 00  | ................
6310: 00 00 00 00 00 00 00 00 00 00 00 00 00 00 00 00  | ................
6320: 00 00 00 00 00 00 00 00 00 00 00 00 00 00 00 00  | ................
6330: 00 00 00 00 00 00 00 00 00 00 00 00 00 00 00 00  | ................
6340: 00 00 00 00 00 00 00 00 00 00 00 00 00 00 00 00  | ................
6350: 00 00 00 00 00 00 00 00 00 00 00 00 00 00 00 00  | ................
6360: 00 00 00 00 00 00 00 00 00 00 00 00 00 00 00 00  | ................
6370: 00 00 00 00 00 00 00 00 00 00 00 00 00 00 00 00  | ................
6380: 00 00 00 00 00 00 00 00 00 00 00 00 00 00 00 00  | ................
6390: 00 00 00 00 00 00 00 00 00 00 00 00 00 00 00 00  | ................
63a0: 00 00 00 00 00 00 00 00 00 00 00 00 00 00 00 00  | ................
63b0: 00 00 00 00 00 00 00 00 00 00 00 00 00 00 00 00  | ................
63c0: 00 00 00 00 00 00 00 00 00 00 00 00 00 00 00 00  | ................
63d0: 00 00 00 00 00 00 00 00 00 00 00 00 00 00 00 00  | ................
63e0: 00 00 00 00 00 00 00 00 00 00 00 00 00 00 00 00  | ................
63f0: 00 00 00 00 00 00 00 00 00 00 00 00 00 00 00 00  | ................
6400: 00 00 00 00 00 00 00 00 00 00 00 00 00 00 00 00  | ................
6410: 00 00 00 00 00 00 00 00 00 00 00 00 00 00 00 00  | ................
6420: 00 00 00 00 00 00 00 00 00 00 00 00 00 00 00 00  | ................
6430: 00 00 00 00 00 00 00 00 00 00 00 00 00 00 00 00  | ................
6440: 00 00 00 00 00 00 00 00 00 00 00 00 00 00 00 00  | ................
6450: 00 00 00 00 00 00 00 00 00 00 00 00 00 00 00 00  | ................
6460: 00 00 00 00 00 00 00 00 00 00 00 00 00 00 00 00  | ................
6470: 00 00 00 00 00 00 00 00 00 00 00 00 00 00 00 00  | ................
6480: 00 00 00 00 00 00 00 00 00 00 00 00 00 00 00 00  | ................
6490: 00 00 00 00 00 00 00 00 00 00 00 00 00 00 00 00  | ................
64a0: 00 00 00 00 00 00 00 00 00 00 00 00 00 00 00 00  | ................
64b0: 00 00 00 00 00 00 00 00 00 00 00 00 00 00 00 00  | ................
64c0: 00 00 00 00 00 00 00 00 00 00 00 00 00 00 00 00  | ................
64d0: 00 00 00 00 00 00 00 00 00 00 00 00 00 00 00 00  | ................
64e0: 00 00 00 00 00 00 00 00 00 00 00 00 00 00 00 00  | ................
64f0: 00 00 00 00 00 00 00 00 00 00 00 00 00 00 00 00  | ................
6500: 00 00 00 00 00 00 00 00 00 00 00 00 00 00 00 00  | ................
6510: 00 00 00 00 00 00 00 00 00 00 00 00 00 00 00 00  | ................
6520: 00 00 00 00 00 00 00 00 00 00 00 00 00 00 00 00  | ................
6530: 00 00 00 00 00 00 00 00 00 00 00 00 00 00 00 00  | ................
6540: 00 00 00 00 00 00 00 00 00 00 00 00 00 00 00 00  | ................
6550: 00 00 00 00 00 00 00 00 00 00 00 00 00 00 00 00  | ................
6560: 00 00 00 00 00 00 00 00 00 00 00 00 00 00 00 00  | ................
6570: 00 00 00 00 00 00 00 00 00 00 00 00 00 00 00 00  | ................
6580: 00 00 00 00 00 00 00 00 00 00 00 00 00 00 00 00  | ................
6590: 00 00 00 00 00 00 00 00 00 00 00 00 00 00 00 00  | ................
65a0: 00 00 00 00 00 00 00 00 00 00 00 00 00 00 00 00  | ................
65b0: 00 00 00 00 00 00 00 00 00 00 00 00 00 00 00 00  | ................
65c0: 00 00 00 00 00 00 00 00 00 00 00 00 00 00 00 00  | ................
65d0: 00 00 00 00 00 00 00 00 00 00 00 00 00 00 00 00  | ................
65e0: 00 00 00 00 00 00 00 00 00 00 00 00 00 00 00 00  | ................
65f0: 00 00 00 00 00 00 00 00 00 00 00 00 00 00 00 00  | ................
6600: 00 00 00 00 00 00 00 00 00 00 00 00 00 00 00 00  | ................
6610: 00 00 00 00 00 00 00 00 00 00 00 00 00 00 00 00  | ................
6620: 00 00 00 00 00 00 00 00 00 00 00 00 00 00 00 00  | ................
6630: 00 00 00 00 00 00 00 00 00 00 00 00 00 00 00 00  | ................
6640: 00 00 00 00 00 00 00 00 00 00 00 00 00 00 00 00  | ................
6650: 00 00 00 00 00 00 00 00 00 00 00 00 00 00 00 00  | ................
6660: 00 00 00 00 00 00 00 00 00 00 00 00 00 00 00 00  | ................
6670: 00 00 00 00 00 00 00 00 00 00 00 00 00 00 00 00  | ................
6680: 00 00 00 00 00 00 00 00 00 00 00 00 00 00 00 00  | ................
6690: 00 00 00 00 00 00 00 00 00 00 00 00 00 00 00 00  | ................
66a0: 00 00 00 00 00 00 00 00 00 00 00 00 00 00 00 00  | ................
66b0: 00 00 00 00 00 00 00 00 00 00 00 00 00 00 00 00  | ................
66c0: 00 00 00 00 00 00 00 00 00 00 00 00 00 00 00 00  | ................
66d0: 00 00 00 00 00 00 00 00 00 00 00 00 00 00 00 00  | ................
66e0: 00 00 00 00 00 00 00 00 00 00 00 00 00 00 00 00  | ................
66f0: 00 00 00 00 00 00 00 00 00 00 00 00 00 00 00 00  | ................
6700: 00 00 00 00 00 00 00 00 00 00 00 00 00 00 00 00  | ................
6710: 00 00 00 00 00 00 00 00 00 00 00 00 00 00 00 00  | ................
6720: 00 00 00 00 00 00 00 00 00 00 00 00 00 00 00 00  | ................
6730: 00 00 00 00 00 00 00 00 00 00 00 00 00 00 00 00  | ................
6740: 00 00 00 00 00 00 00 00 00 00 00 00 00 00 00 00  | ................
6750: 00 00 00 00 00 00 00 00 00 00 00 00 00 00 00 00  | ................
6760: 00 00 00 00 00 00 00 00 00 00 00 00 00 00 00 00  | ................
6770: 00 00 00 00 00 00 00 00 00 00 00 00 00 00 00 00  | ................
6780: 00 00 00 00 00 00 00 00 00 00 00 00 00 00 00 00  | ................
6790: 00 00 00 00 00 00 00 00 00 00 00 00 00 00 00 00  | ................
67a0: 00 00 00 00 00 00 00 00 00 00 00 00 00 00 00 00  | ................
67b0: 00 00 00 00 00 00 00 00 00 00 00 00 00 00 00 00  | ................
67c0: 00 00 00 00 00 00 00 00 00 00 00 00 00 00 00 00  | ................
67d0: 00 00 00 00 00 00 00 00 00 00 00 00 00 00 00 00  | ................
67e0: 00 00 00 00 00 00 00 00 00 00 00 00 00 00 00 00  | ................
67f0: 00 00 00 00 00 00 00 00 00 00 00 00 00 00 00 00  | ................
6800: 00 00 00 00 00 00 00 00 00 00 00 00 00 00 00 00  | ................
6810: 00 00 00 00 00 00 00 00 00 00 00 00 00 00 00 00  | ................
6820: 00 00 00 00 00 00 00 00 00 00 00 00 00 00 00 00  | ................
6830: 00 00 00 00 00 00 00 00 00 00 00 00 00 00 00 00  | ................
6840: 00 00 00 00 00 00 00 00 00 00 00 00 00 00 00 00  | ................
6850: 00 00 00 00 00 00 00 00 00 00 00 00 00 00 00 00  | ................
6860: 00 00 00 00 00 00 00 00 00 00 00 00 00 00 00 00  | ................
6870: 00 00 00 00 00 00 00 00 00 00 00 00 00 00 00 00  | ................
6880: 00 00 00 00 00 00 00 00 00 00 00 00 00 00 00 00  | ................
6890: 00 00 00 00 00 00 00 00 00 00 00 00 00 00 00 00  | ................
68a0: 00 00 00 00 00 00 00 00 00 00 00 00 00 00 00 00  | ................
68b0: 00 00 00 00 00 00 00 00 00 00 00 00 00 00 00 00  | ................
68c0: 00 00 00 00 00 00 00 00 00 00 00 00 00 00 00 00  | ................
68d0: 00 00 00 00 00 00 00 00 00 00 00 00 00 00 00 00  | ................
68e0: 00 00 00 00 00 00 00 00 00 00 00 00 00 00 00 00  | ................
68f0: 00 00 00 00 00 00 00 00 00 00 00 00 00 00 00 00  | ................
6900: 00 00 00 00 00 00 00 00 00 00 00 00 00 00 00 00  | ................
6910: 00 00 00 00 00 00 00 00 00 00 00 00 00 00 00 00  | ................
6920: 00 00 00 00 00 00 00 00 00 00 00 00 00 00 00 00  | ................
6930: 00 00 00 00 00 00 00 00 00 00 00 00 00 00 00 00  | ................
6940: 00 00 00 00 00 00 00 00 00 00 00 00 00 00 00 00  | ................
6950: 00 00 00 00 00 00 00 00 00 00 00 00 00 00 00 00  | ................
6960: 00 00 00 00 00 00 00 00 00 00 00 00 00 00 00 00  | ................
6970: 00 00 00 00 00 00 00 00 00 00 00 00 00 00 00 00  | ................
6980: 00 00 00 00 00 00 00 00 00 00 00 00 00 00 00 00  | ................
6990: 00 00 00 00 00 00 00 00 00 00 00 00 00 00 00 00  | ................
69a0: 00 00 00 00 00 00 00 00 00 00 00 00 00 00 00 00  | ................
69b0: 00 00 00 00 00 00 00 00 00 00 00 00 00 00 00 00  | ................
69c0: 00 00 00 00 00 00 00 00 00 00 00 00 00 00 00 00  | ................
69d0: 00 00 00 00 00 00 00 00 00 00 00 00 00 00 00 00  | ................
69e0: 00 00 00 00 00 00 00 00 00 00 00 00 00 00 00 00  | ................
69f0: 00 00 00 00 00 00 00 00 00 00 00 00 00 00 00 00  | ................
6a00: 00 00 00 00 00 00 00 00 00 00 00 00 00 00 00 00  | ................
6a10: 00 00 00 00 00 00 00 00 00 00 00 00 00 00 00 00  | ................
6a20: 00 00 00 00 00 00 00 00 00 00 00 00 00 00 00 00  | ................
6a30: 00 00 00 00 00 00 00 00 00 00 00 00 00 00 00 00  | ................
6a40: 00 00 00 00 00 00 00 00 00 00 00 00 00 00 00 00  | ................
6a50: 00 00 00 00 00 00 00 00 00 00 00 00 00 00 00 00  | ................
6a60: 00 00 00 00 00 00 00 00 00 00 00 00 00 00 00 00  | ................
6a70: 00 00 00 00 00 00 00 00 00 00 00 00 00 00 00 00  | ................
6a80: 00 00 00 00 00 00 00 00 00 00 00 00 00 00 00 00  | ................
6a90: 00 00 00 00 00 00 00 00 00 00 00 00 00 00 00 00  | ................
6aa0: 00 00 00 00 00 00 00 00 00 00 00 00 00 00 00 00  | ................
6ab0: 00 00 00 00 00 00 00 00 00 00 00 00 00 00 00 00  | ................
6ac0: 00 00 00 00 00 00 00 00 00 00 00 00 00 00 00 00  | ................
6ad0: 00 00 00 00 00 00 00 00 00 00 00 00 00 00 00 00  | ................
6ae0: 00 00 00 00 00 00 00 00 00 00 00 00 00 00 00 00  | ................
6af0: 00 00 00 00 00 00 00 00 00 00 00 00 00 00 00 00  | ................
6b00: 00 00 00 00 00 00 00 00 00 00 00 00 00 00 00 00  | ................
6b10: 00 00 00 00 00 00 00 00 00 00 00 00 00 00 00 00  | ................
6b20: 00 00 00 00 00 00 00 00 00 00 00 00 00 00 00 00  | ................
6b30: 00 00 00 00 00 00 00 00 00 00 00 00 00 00 00 00  | ................
6b40: 00 00 00 00 00 00 00 00 00 00 00 00 00 00 00 00  | ................
6b50: 00 00 00 00 00 00 00 00 00 00 00 00 00 00 00 00  | ................
6b60: 00 00 00 00 00 00 00 00 00 00 00 00 00 00 00 00  | ................
6b70: 00 00 00 00 00 00 00 00 00 00 00 00 00 00 00 00  | ................
6b80: 00 00 00 00 00 00 00 00 00 00 00 00 00 00 00 00  | ................
6b90: 00 00 00 00 00 00 00 00 00 00 00 00 00 00 00 00  | ................
6ba0: 00 00 00 00 00 00 00 00 00 00 00 00 00 00 00 00  | ................
6bb0: 00 00 00 00 00 00 00 00 00 00 00 00 00 00 00 00  | ................
6bc0: 00 00 00 00 00 00 00 00 00 00 00 00 00 00 00 00  | ................
6bd0: 00 00 00 00 00 00 00 00 00 00 00 00 00 00 00 00  | ................
6be0: 00 00 00 00 00 00 00 00 00 00 00 00 00 00 00 00  | ................
6bf0: 00 00 00 00 00 00 00 00 00 00 00 00 00 00 00 00  | ................
6c00: 00 00 00 00 00 00 00 00 00 00 00 00 00 00 00 00  | ................
6c10: 00 00 00 00 00 00 00 00 00 00 00 00 00 00 00 00  | ................
6c20: 00 00 00 00 00 00 00 00 00 00 00 00 00 00 00 00  | ................
6c30: 00 00 00 00 00 00 00 00 00 00 00 00 00 00 00 00  | ................
6c40: 00 00 00 00 00 00 00 00 00 00 00 00 00 00 00 00  | ................
6c50: 00 00 00 00 00 00 00 00 00 00 00 00 00 00 00 00  | ................
6c60: 00 00 00 00 00 00 00 00 00 00 00 00 00 00 00 00  | ................
6c70: 00 00 00 00 00 00 00 00 00 00 00 00 00 00 00 00  | ................
6c80: 00 00 00 00 00 00 00 00 00 00 00 00 00 00 00 00  | ................
6c90: 00 00 00 00 00 00 00 00 00 00 00 00 00 00 00 00  | ................
6ca0: 00 00 00 00 00 00 00 00 00 00 00 00 00 00 00 00  | ................
6cb0: 00 00 00 00 00 00 00 00 00 00 00 00 00 00 00 00  | ................
6cc0: 00 00 00 00 00 00 00 00 00 00 00 00 00 00 00 00  | ................
6cd0: 00 00 00 00 00 00 00 00 00 00 00 00 00 00 00 00  | ................
6ce0: 00 00 00 00 00 00 00 00 00 00 00 00 00 00 00 00  | ................
6cf0: 00 00 00 00 00 00 00 00 00 00 00 00 00 00 00 00  | ................
6d00: 00 00 00 00 00 00 00 00 00 00 00 00 00 00 00 00  | ................
6d10: 00 00 00 00 00 00 00 00 00 00 00 00 00 00 00 00  | ................
6d20: 00 00 00 00 00 00 00 00 00 00 00 00 00 00 00 00  | ................
6d30: 00 00 00 00 00 00 00 00 00 00 00 00 00 00 00 00  | ................
6d40: 00 00 00 00 00 00 00 00 00 00 00 00 00 00 00 00  | ................
6d50: 00 00 00 00 00 00 00 00 00 00 00 00 00 00 00 00  | ................
6d60: 00 00 00 00 00 00 00 00 00 00 00 00 00 00 00 00  | ................
6d70: 00 00 00 00 00 00 00 00 00 00 00 00 00 00 00 00  | ................
6d80: 00 00 00 00 00 00 00 00 00 00 00 00 00 00 00 00  | ................
6d90: 00 00 00 00 00 00 00 00 00 00 00 00 00 00 00 00  | ................
6da0: 00 00 00 00 00 00 00 00 00 00 00 00 00 00 00 00  | ................
6db0: 00 00 00 00 00 00 00 00 00 00 00 00 00 00 00 00  | ................
6dc0: 00 00 00 00 00 00 00 00 00 00 00 00 00 00 00 00  | ................
6dd0: 00 00 00 00 00 00 00 00 00 00 00 00 00 00 00 00  | ................
6de0: 00 00 00 00 00 00 00 00 00 00 00 00 00 00 00 00  | ................
6df0: 00 00 00 00 00 00 00 00 00 00 00 00 00 00 00 00  | ................
6e00: 00 00 00 00 00 00 00 00 00 00 00 00 00 00 00 00  | ................
6e10: 00 00 00 00 00 00 00 00 00 00 00 00 00 00 00 00  | ................
6e20: 00 00 00 00 00 00 00 00 00 00 00 00 00 00 00 00  | ................
6e30: 00 00 00 00 00 00 00 00 00 00 00 00 00 00 00 00  | ................
6e40: 00 00 00 00 00 00 00 00 00 00 00 00 00 00 00 00  | ................
6e50: 00 00 00 00 00 00 00 00 00 00 00 00 00 00 00 00  | ................
6e60: 00 00 00 00 00 00 00 00 00 00 00 00 00 00 00 00  | ................
6e70: 00 00 00 00 00 00 00 00 00 00 00 00 00 00 00 00  | ................
6e80: 00 00 00 00 00 00 00 00 00 00 00 00 00 00 00 00  | ................
6e90: 00 00 00 00 00 00 00 00 00 00 00 00 00 00 00 00  | ................
6ea0: 00 00 00 00 00 00 00 00 00 00 00 00 00 00 00 00  | ................
6eb0: 00 00 00 00 00 00 00 00 00 00 00 00 00 00 00 00  | ................
6ec0: 00 00 00 00 00 00 00 00 00 00 00 00 00 00 00 00  | ................
6ed0: 00 00 00 00 00 00 00 00 00 00 00 00 00 00 00 00  | ................
6ee0: 00 00 00 00 00 00 00 00 00 00 00 00 00 00 00 00  | ................
6ef0: 00 00 00 00 00 00 00 00 00 00 00 00 00 00 00 00  | ................
6f00: 00 00 00 00 00 00 00 00 00 00 00 00 00 00 00 00  | ................
6f10: 00 00 00 00 00 00 00 00 00 00 00 00 00 00 00 00  | ................
6f20: 00 00 00 00 00 00 00 00 00 00 00 00 00 00 00 00  | ................
6f30: 00 00 00 00 00 00 00 00 00 00 00 00 00 00 00 00  | ................
6f40: 00 00 00 00 00 00 00 00 00 00 00 00 00 00 00 00  | ................
6f50: 00 00 00 00 00 00 00 00 00 00 00 00 00 00 00 00  | ................
6f60: 00 00 00 00 00 00 00 00 00 00 00 00 00 00 00 00  | ................
6f70: 00 00 00 00 00 00 00 00 00 00 00 00 00 00 00 00  | ................
6f80: 00 00 00 00 00 00 00 00 00 00 00 00 00 00 00 00  | ................
6f90: 00 00 00 00 00 00 00 00 00 00 00 00 00 00 00 00  | ................
6fa0: 00 00 00 00 00 00 00 00 00 00 00 00 00 00 00 00  | ................
6fb0: 00 00 00 00 00 00 00 00 00 00 00 00 00 00 00 00  | ................
6fc0: 00 00 00 00 00 00 00 00 00 00 00 00 00 00 00 00  | ................
6fd0: 00 00 00 00 00 00 00 00 00 00 00 00 00 00 00 00  | ................
6fe0: 00 00 00 00 00 00 00 00 00 00 00 00 00 00 00 00  | ................
6ff0: 00 00 00 00 00 00 00 00 00 00 00 00 00 00 00 00  | ................
7000: 00 00 00 00 00 00 00 00 00 00 00 00 00 00 00 00  | ................
7010: 00 00 00 00 00 00 00 00 00 00 00 00 00 00 00 00  | ................
7020: 00 00 00 00 00 00 00 00 00 00 00 00 00 00 00 00  | ................
7030: 00 00 00 00 00 00 00 00 00 00 00 00 00 00 00 00  | ................
7040: 00 00 00 00 00 00 00 00 00 00 00 00 00 00 00 00  | ................
7050: 00 00 00 00 00 00 00 00 00 00 00 00 00 00 00 00  | ................
7060: 00 00 00 00 00 00 00 00 00 00 00 00 00 00 00 00  | ................
7070: 00 00 00 00 00 00 00 00 00 00 00 00 00 00 00 00  | ................
7080: 00 00 00 00 00 00 00 00 00 00 00 00 00 00 00 00  | ................
7090: 00 00 00 00 00 00 00 00 00 00 00 00 00 00 00 00  | ................
70a0: 00 00 00 00 00 00 00 00 00 00 00 00 00 00 00 00  | ................
70b0: 00 00 00 00 00 00 00 00 00 00 00 00 00 00 00 00  | ................
70c0: 00 00 00 00 00 00 00 00 00 00 00 00 00 00 00 00  | ................
70d0: 00 00 00 00 00 00 00 00 00 00 00 00 00 00 00 00  | ................
70e0: 00 00 00 00 00 00 00 00 00 00 00 00 00 00 00 00  | ................
70f0: 00 00 00 00 00 00 00 00 00 00 00 00 00 00 00 00  | ................
7100: 00 00 00 00 00 00 00 00 00 00 00 00 00 00 00 00  | ................
7110: 00 00 00 00 00 00 00 00 00 00 00 00 00 00 00 00  | ................
7120: 00 00 00 00 00 00 00 00 00 00 00 00 00 00 00 00  | ................
7130: 00 00 00 00 00 00 00 00 00 00 00 00 00 00 00 00  | ................
7140: 00 00 00 00 00 00 00 00 00 00 00 00 00 00 00 00  | ................
7150: 00 00 00 00 00 00 00 00 00 00 00 00 00 00 00 00  | ................
7160: 00 00 00 00 00 00 00 00 00 00 00 00 00 00 00 00  | ................
7170: 00 00 00 00 00 00 00 00 00 00 00 00 00 00 00 00  | ................
7180: 00 00 00 00 00 00 00 00 00 00 00 00 00 00 00 00  | ................
7190: 00 00 00 00 00 00 00 00 00 00 00 00 00 00 00 00  | ................
71a0: 00 00 00 00 00 00 00 00 00 00 00 00 00 00 00 00  | ................
71b0: 00 00 00 00 00 00 00 00 00 00 00 00 00 00 00 00  | ................
71c0: 00 00 00 00 00 00 00 00 00 00 00 00 00 00 00 00  | ................
71d0: 00 00 00 00 00 00 00 00 00 00 00 00 00 00 00 00  | ................
71e0: 00 00 00 00 00 00 00 00 00 00 00 00 00 00 00 00  | ................
71f0: 00 00 00 00 00 00 00 00 00 00 00 00 00 00 00 00  | ................
7200: 00 00 00 00 00 00 00 00 00 00 00 00 00 00 00 00  | ................
7210: 00 00 00 00 00 00 00 00 00 00 00 00 00 00 00 00  | ................
7220: 00 00 00 00 00 00 00 00 00 00 00 00 00 00 00 00  | ................
7230: 00 00 00 00 00 00 00 00 00 00 00 00 00 00 00 00  | ................
7240: 00 00 00 00 00 00 00 00 00 00 00 00 00 00 00 00  | ................
7250: 00 00 00 00 00 00 00 00 00 00 00 00 00 00 00 00  | ................
7260: 00 00 00 00 00 00 00 00 00 00 00 00 00 00 00 00  | ................
7270: 00 00 00 00 00 00 00 00 00 00 00 00 00 00 00 00  | ................
7280: 00 00 00 00 00 00 00 00 00 00 00 00 00 00 00 00  | ................
7290: 00 00 00 00 00 00 00 00 00 00 00 00 00 00 00 00  | ................
72a0: 00 00 00 00 00 00 00 00 00 00 00 00 00 00 00 00  | ................
72b0: 00 00 00 00 00 00 00 00 00 00 00 00 00 00 00 00  | ................
72c0: 00 00 00 00 00 00 00 00 00 00 00 00 00 00 00 00  | ................
72d0: 00 00 00 00 00 00 00 00 00 00 00 00 00 00 00 00  | ................
72e0: 00 00 00 00 00 00 00 00 00 00 00 00 00 00 00 00  | ................
72f0: 00 00 00 00 00 00 00 00 00 00 00 00 00 00 00 00  | ................
7300: 00 00 00 00 00 00 00 00 00 00 00 00 00 00 00 00  | ................
7310: 00 00 00 00 00 00 00 00 00 00 00 00 00 00 00 00  | ................
7320: 00 00 00 00 00 00 00 00 00 00 00 00 00 00 00 00  | ................
7330: 00 00 00 00 00 00 00 00 00 00 00 00 00 00 00 00  | ................
7340: 00 00 00 00 00 00 00 00 00 00 00 00 00 00 00 00  | ................
7350: 00 00 00 00 00 00 00 00 00 00 00 00 00 00 00 00  | ................
7360: 00 00 00 00 00 00 00 00 00 00 00 00 00 00 00 00  | ................
7370: 00 00 00 00 00 00 00 00 00 00 00 00 00 00 00 00  | ................
7380: 00 00 00 00 00 00 00 00 00 00 00 00 00 00 00 00  | ................
7390: 00 00 00 00 00 00 00 00 00 00 00 00 00 00 00 00  | ................
73a0: 00 00 00 00 00 00 00 00 00 00 00 00 00 00 00 00  | ................
73b0: 00 00 00 00 00 00 00 00 00 00 00 00 00 00 00 00  | ................
73c0: 00 00 00 00 00 00 00 00 00 00 00 00 00 00 00 00  | ................
73d0: 00 00 00 00 00 00 00 00 00 00 00 00 00 00 00 00  | ................
73e0: 00 00 00 00 00 00 00 00 00 00 00 00 00 00 00 00  | ................
73f0: 00 00 00 00 00 00 00 00 00 00 00 00 00 00 00 00  | ................
7400: 00 00 00 00 00 00 00 00 00 00 00 00 00 00 00 00  | ................
7410: 00 00 00 00 00 00 00 00 00 00 00 00 00 00 00 00  | ................
7420: 00 00 00 00 00 00 00 00 00 00 00 00 00 00 00 00  | ................
7430: 00 00 00 00 00 00 00 00 00 00 00 00 00 00 00 00  | ................
7440: 00 00 00 00 00 00 00 00 00 00 00 00 00 00 00 00  | ................
7450: 00 00 00 00 00 00 00 00 00 00 00 00 00 00 00 00  | ................
7460: 00 00 00 00 00 00 00 00 00 00 00 00 00 00 00 00  | ................
7470: 00 00 00 00 00 00 00 00 00 00 00 00 00 00 00 00  | ................
7480: 00 00 00 00 00 00 00 00 00 00 00 00 00 00 00 00  | ................
7490: 00 00 00 00 00 00 00 00 00 00 00 00 00 00 00 00  | ................
74a0: 00 00 00 00 00 00 00 00 00 00 00 00 00 00 00 00  | ................
74b0: 00 00 00 00 00 00 00 00 00 00 00 00 00 00 00 00  | ................
74c0: 00 00 00 00 00 00 00 00 00 00 00 00 00 00 00 00  | ................
74d0: 00 00 00 00 00 00 00 00 00 00 00 00 00 00 00 00  | ................
74e0: 00 00 00 00 00 00 00 00 00 00 00 00 00 00 00 00  | ................
74f0: 00 00 00 00 00 00 00 00 00 00 00 00 00 00 00 00  | ................
7500: 00 00 00 00 00 00 00 00 00 00 00 00 00 00 00 00  | ................
7510: 00 00 00 00 00 00 00 00 00 00 00 00 00 00 00 00  | ................
7520: 00 00 00 00 00 00 00 00 00 00 00 00 00 00 00 00  | ................
7530: 00 00 00 00 00 00 00 00 00 00 00 00 00 00 00 00  | ................
7540: 00 00 00 00 00 00 00 00 00 00 00 00 00 00 00 00  | ................
7550: 00 00 00 00 00 00 00 00 00 00 00 00 00 00 00 00  | ................
7560: 00 00 00 00 00 00 00 00 00 00 00 00 00 00 00 00  | ................
7570: 00 00 00 00 00 00 00 00 00 00 00 00 00 00 00 00  | ................
7580: 00 00 00 00 00 00 00 00 00 00 00 00 00 00 00 00  | ................
7590: 00 00 00 00 00 00 00 00 00 00 00 00 00 00 00 00  | ................
75a0: 00 00 00 00 00 00 00 00 00 00 00 00 00 00 00 00  | ................
75b0: 00 00 00 00 00 00 00 00 00 00 00 00 00 00 00 00  | ................
75c0: 00 00 00 00 00 00 00 00 00 00 00 00 00 00 00 00  | ................
75d0: 00 00 00 00 00 00 00 00 00 00 00 00 00 00 00 00  | ................
75e0: 00 00 00 00 00 00 00 00 00 00 00 00 00 00 00 00  | ................
75f0: 00 00 00 00 00 00 00 00 00 00 00 00 00 00 00 00  | ................
7600: 00 00 00 00 00 00 00 00 00 00 00 00 00 00 00 00  | ................
7610: 00 00 00 00 00 00 00 00 00 00 00 00 00 00 00 00  | ................
7620: 00 00 00 00 00 00 00 00 00 00 00 00 00 00 00 00  | ................
7630: 00 00 00 00 00 00 00 00 00 00 00 00 00 00 00 00  | ................
7640: 00 00 00 00 00 00 00 00 00 00 00 00 00 00 00 00  | ................
7650: 00 00 00 00 00 00 00 00 00 00 00 00 00 00 00 00  | ................
7660: 00 00 00 00 00 00 00 00 00 00 00 00 00 00 00 00  | ................
7670: 00 00 00 00 00 00 00 00 00 00 00 00 00 00 00 00  | ................
7680: 00 00 00 00 00 00 00 00 00 00 00 00 00 00 00 00  | ................
7690: 00 00 00 00 00 00 00 00 00 00 00 00 00 00 00 00  | ................
76a0: 00 00 00 00 00 00 00 00 00 00 00 00 00 00 00 00  | ................
76b0: 00 00 00 00 00 00 00 00 00 00 00 00 00 00 00 00  | ................
76c0: 00 00 00 00 00 00 00 00 00 00 00 00 00 00 00 00  | ................
76d0: 00 00 00 00 00 00 00 00 00 00 00 00 00 00 00 00  | ................
76e0: 00 00 00 00 00 00 00 00 00 00 00 00 00 00 00 00  | ................
76f0: 00 00 00 00 00 00 00 00 00 00 00 00 00 00 00 00  | ................
7700: 00 00 00 00 00 00 00 00 00 00 00 00 00 00 00 00  | ................
7710: 00 00 00 00 00 00 00 00 00 00 00 00 00 00 00 00  | ................
7720: 00 00 00 00 00 00 00 00 00 00 00 00 00 00 00 00  | ................
7730: 00 00 00 00 00 00 00 00 00 00 00 00 00 00 00 00  | ................
7740: 00 00 00 00 00 00 00 00 00 00 00 00 00 00 00 00  | ................
7750: 00 00 00 00 00 00 00 00 00 00 00 00 00 00 00 00  | ................
7760: 00 00 00 00 00 00 00 00 00 00 00 00 00 00 00 00  | ................
7770: 00 00 00 00 00 00 00 00 00 00 00 00 00 00 00 00  | ................
7780: 00 00 00 00 00 00 00 00 00 00 00 00 00 00 00 00  | ................
7790: 00 00 00 00 00 00 00 00 00 00 00 00 00 00 00 00  | ................
77a0: 00 00 00 00 00 00 00 00 00 00 00 00 00 00 00 00  | ................
77b0: 00 00 00 00 00 00 00 00 00 00 00 00 00 00 00 00  | ................
77c0: 00 00 00 00 00 00 00 00 00 00 00 00 00 00 00 00  | ................
77d0: 00 00 00 00 00 00 00 00 00 00 00 00 00 00 00 00  | ................
77e0: 00 00 00 00 00 00 00 00 00 00 00 00 00 00 00 00  | ................
77f0: 00 00 00 00 00 00 00 00 00 00 00 00 00 00 00 00  | ................
7800: 00 00 00 00 00 00 00 00 00 00 00 00 00 00 00 00  | ................
7810: 00 00 00 00 00 00 00 00 00 00 00 00 00 00 00 00  | ................
7820: 00 00 00 00 00 00 00 00 00 00 00 00 00 00 00 00  | ................
7830: 00 00 00 00 00 00 00 00 00 00 00 00 00 00 00 00  | ................
7840: 00 00 00 00 00 00 00 00 00 00 00 00 00 00 00 00  | ................
7850: 00 00 00 00 00 00 00 00 00 00 00 00 00 00 00 00  | ................
7860: 00 00 00 00 00 00 00 00 00 00 00 00 00 00 00 00  | ................
7870: 00 00 00 00 00 00 00 00 00 00 00 00 00 00 00 00  | ................
7880: 00 00 00 00 00 00 00 00 00 00 00 00 00 00 00 00  | ................
7890: 00 00 00 00 00 00 00 00 00 00 00 00 00 00 00 00  | ................
78a0: 00 00 00 00 00 00 00 00 00 00 00 00 00 00 00 00  | ................
78b0: 00 00 00 00 00 00 00 00 00 00 00 00 00 00 00 00  | ................
78c0: 00 00 00 00 00 00 00 00 00 00 00 00 00 00 00 00  | ................
78d0: 00 00 00 00 00 00 00 00 00 00 00 00 00 00 00 00  | ................
78e0: 00 00 00 00 00 00 00 00 00 00 00 00 00 00 00 00  | ................
78f0: 00 00 00 00 00 00 00 00 00 00 00 00 00 00 00 00  | ................
7900: 00 00 00 00 00 00 00 00 00 00 00 00 00 00 00 00  | ................
7910: 00 00 00 00 00 00 00 00 00 00 00 00 00 00 00 00  | ................
7920: 00 00 00 00 00 00 00 00 00 00 00 00 00 00 00 00  | ................
7930: 00 00 00 00 00 00 00 00 00 00 00 00 00 00 00 00  | ................
7940: 00 00 00 00 00 00 00 00 00 00 00 00 00 00 00 00  | ................
7950: 00 00 00 00 00 00 00 00 00 00 00 00 00 00 00 00  | ................
7960: 00 00 00 00 00 00 00 00 00 00 00 00 00 00 00 00  | ................
7970: 00 00 00 00 00 00 00 00 00 00 00 00 00 00 00 00  | ................
7980: 00 00 00 00 00 00 00 00 00 00 00 00 00 00 00 00  | ................
7990: 00 00 00 00 00 00 00 00 00 00 00 00 00 00 00 00  | ................
79a0: 00 00 00 00 00 00 00 00 00 00 00 00 00 00 00 00  | ................
79b0: 00 00 00 00 00 00 00 00 00 00 00 00 00 00 00 00  | ................
79c0: 00 00 00 00 00 00 00 00 00 00 00 00 00 00 00 00  | ................
79d0: 00 00 00 00 00 00 00 00 00 00 00 00 00 00 00 00  | ................
79e0: 00 00 00 00 00 00 00 00 00 00 00 00 00 00 00 00  | ................
79f0: 00 00 00 00 00 00 00 00 00 00 00 00 00 00 00 00  | ................
7a00: 00 00 00 00 00 00 00 00 00 00 00 00 00 00 00 00  | ................
7a10: 00 00 00 00 00 00 00 00 00 00 00 00 00 00 00 00  | ................
7a20: 00 00 00 00 00 00 00 00 00 00 00 00 00 00 00 00  | ................
7a30: 00 00 00 00 00 00 00 00 00 00 00 00 00 00 00 00  | ................
7a40: 00 00 00 00 00 00 00 00 00 00 00 00 00 00 00 00  | ................
7a50: 00 00 00 00 00 00 00 00 00 00 00 00 00 00 00 00  | ................
7a60: 00 00 00 00 00 00 00 00 00 00 00 00 00 00 00 00  | ................
7a70: 00 00 00 00 00 00 00 00 00 00 00 00 00 00 00 00  | ................
7a80: 00 00 00 00 00 00 00 00 00 00 00 00 00 00 00 00  | ................
7a90: 00 00 00 00 00 00 00 00 00 00 00 00 00 00 00 00  | ................
7aa0: 00 00 00 00 00 00 00 00 00 00 00 00 00 00 00 00  | ................
7ab0: 00 00 00 00 00 00 00 00 00 00 00 00 00 00 00 00  | ................
7ac0: 00 00 00 00 00 00 00 00 00 00 00 00 00 00 00 00  | ................
7ad0: 00 00 00 00 00 00 00 00 00 00 00 00 00 00 00 00  | ................
7ae0: 00 00 00 00 00 00 00 00 00 00 00 00 00 00 00 00  | ................
7af0: 00 00 00 00 00 00 00 00 00 00 00 00 00 00 00 00  | ................
7b00: 00 00 00 00 00 00 00 00 00 00 00 00 00 00 00 00  | ................
7b10: 00 00 00 00 00 00 00 00 00 00 00 00 00 00 00 00  | ................
7b20: 00 00 00 00 00 00 00 00 00 00 00 00 00 00 00 00  | ................
7b30: 00 00 00 00 00 00 00 00 00 00 00 00 00 00 00 00  | ................
7b40: 00 00 00 00 00 00 00 00 00 00 00 00 00 00 00 00  | ................
7b50: 00 00 00 00 00 00 00 00 00 00 00 00 00 00 00 00  | ................
7b60: 00 00 00 00 00 00 00 00 00 00 00 00 00 00 00 00  | ................
7b70: 00 00 00 00 00 00 00 00 00 00 00 00 00 00 00 00  | ................
7b80: 00 00 00 00 00 00 00 00 00 00 00 00 00 00 00 00  | ................
7b90: 00 00 00 00 00 00 00 00 00 00 00 00 00 00 00 00  | ................
7ba0: 00 00 00 00 00 00 00 00 00 00 00 00 00 00 00 00  | ................
7bb0: 00 00 00 00 00 00 00 00 00 00 00 00 00 00 00 00  | ................
7bc0: 00 00 00 00 00 00 00 00 00 00 00 00 00 00 00 00  | ................
7bd0: 00 00 00 00 00 00 00 00 00 00 00 00 00 00 00 00  | ................
7be0: 00 00 00 00 00 00 00 00 00 00 00 00 00 00 00 00  | ................
7bf0: 00 00 00 00 00 00 00 00 00 00 00 00 00 00 00 00  | ................
7c00: 00 00 00 00 00 00 00 00 00 00 00 00 00 00 00 00  | ................
7c10: 00 00 00 00 00 00 00 00 00 00 00 00 00 00 00 00  | ................
7c20: 00 00 00 00 00 00 00 00 00 00 00 00 00 00 00 00  | ................
7c30: 00 00 00 00 00 00 00 00 00 00 00 00 00 00 00 00  | ................
7c40: 00 00 00 00 00 00 00 00 00 00 00 00 00 00 00 00  | ................
7c50: 00 00 00 00 00 00 00 00 00 00 00 00 00 00 00 00  | ................
7c60: 00 00 00 00 00 00 00 00 00 00 00 00 00 00 00 00  | ................
7c70: 00 00 00 00 00 00 00 00 00 00 00 00 00 00 00 00  | ................
7c80: 00 00 00 00 00 00 00 00 00 00 00 00 00 00 00 00  | ................
7c90: 00 00 00 00 00 00 00 00 00 00 00 00 00 00 00 00  | ................
7ca0: 00 00 00 00 00 00 00 00 00 00 00 00 00 00 00 00  | ................
7cb0: 00 00 00 00 00 00 00 00 00 00 00 00 00 00 00 00  | ................
7cc0: 00 00 00 00 00 00 00 00 00 00 00 00 00 00 00 00  | ................
7cd0: 00 00 00 00 00 00 00 00 00 00 00 00 00 00 00 00  | ................
7ce0: 00 00 00 00 00 00 00 00 00 00 00 00 00 00 00 00  | ................
7cf0: 00 00 00 00 00 00 00 00 00 00 00 00 00 00 00 00  | ................
7d00: 00 00 00 00 00 00 00 00 00 00 00 00 00 00 00 00  | ................
7d10: 00 00 00 00 00 00 00 00 00 00 00 00 00 00 00 00  | ................
7d20: 00 00 00 00 00 00 00 00 00 00 00 00 00 00 00 00  | ................
7d30: 00 00 00 00 00 00 00 00 00 00 00 00 00 00 00 00  | ................
7d40: 00 00 00 00 00 00 00 00 00 00 00 00 00 00 00 00  | ................
7d50: 00 00 00 00 00 00 00 00 00 00 00 00 00 00 00 00  | ................
7d60: 00 00 00 00 00 00 00 00 00 00 00 00 00 00 00 00  | ................
7d70: 00 00 00 00 00 00 00 00 00 00 00 00 00 00 00 00  | ................
7d80: 00 00 00 00 00 00 00 00 00 00 00 00 00 00 00 00  | ................
7d90: 00 00 00 00 00 00 00 00 00 00 00 00 00 00 00 00  | ................
7da0: 00 00 00 00 00 00 00 00 00 00 00 00 00 00 00 00  | ................
7db0: 00 00 00 00 00 00 00 00 00 00 00 00 00 00 00 00  | ................
7dc0: 00 00 00 00 00 00 00 00 00 00 00 00 00 00 00 00  | ................
7dd0: 00 00 00 00 00 00 00 00 00 00 00 00 00 00 00 00  | ................
7de0: 00 00 00 00 00 00 00 00 00 00 00 00 00 00 00 00  | ................
7df0: 00 00 00 00 00 00 00 00 00 00 00 00 00 00 00 00  | ................
7e00: 00 00 00 00 00 00 00 00 00 00 00 00 00 00 00 00  | ................
7e10: 00 00 00 00 00 00 00 00 00 00 00 00 00 00 00 00  | ................
7e20: 00 00 00 00 00 00 00 00 00 00 00 00 00 00 00 00  | ................
7e30: 00 00 00 00 00 00 00 00 00 00 00 00 00 00 00 00  | ................
7e40: 00 00 00 00 00 00 00 00 00 00 00 00 00 00 00 00  | ................
7e50: 00 00 00 00 00 00 00 00 00 00 00 00 00 00 00 00  | ................
7e60: 00 00 00 00 00 00 00 00 00 00 00 00 00 00 00 00  | ................
7e70: 00 00 00 00 00 00 00 00 00 00 00 00 00 00 00 00  | ................
7e80: 00 00 00 00 00 00 00 00 00 00 00 00 00 00 00 00  | ................
7e90: 00 00 00 00 00 00 00 00 00 00 00 00 00 00 00 00  | ................
7ea0: 00 00 00 00 00 00 00 00 00 00 00 00 00 00 00 00  | ................
7eb0: 00 00 00 00 00 00 00 00 00 00 00 00 00 00 00 00  | ................
7ec0: 00 00 00 00 00 00 00 00 00 00 00 00 00 00 00 00  | ................
7ed0: 00 00 00 00 00 00 00 00 00 00 00 00 00 00 00 00  | ................
7ee0: 00 00 00 00 00 00 00 00 00 00 00 00 00 00 00 00  | ................
7ef0: 00 00 00 00 00 00 00 00 00 00 00 00 00 00 00 00  | ................
7f00: 00 00 00 00 00 00 00 00 00 00 00 00 00 00 00 00  | ................
7f10: 00 00 00 00 00 00 00 00 00 00 00 00 00 00 00 00  | ................
7f20: 00 00 00 00 00 00 00 00 00 00 00 00 00 00 00 00  | ................
7f30: 00 00 00 00 00 00 00 00 00 00 00 00 00 00 00 00  | ................
7f40: 00 00 00 00 00 00 00 00 00 00 00 00 00 00 00 00  | ................
7f50: 00 00 00 00 00 00 00 00 00 00 00 00 00 00 00 00  | ................
7f60: 00 00 00 00 00 00 00 00 00 00 00 00 00 00 00 00  | ................
7f70: 00 00 00 00 00 00 00 00 00 00 00 00 00 00 00 00  | ................
7f80: 00 00 00 00 00 00 00 00 00 00 00 00 00 00 00 00  | ................
7f90: 00 00 00 00 00 00 00 00 00 00 00 00 00 00 00 00  | ................
7fa0: 00 00 00 00 00 00 00 00 00 00 00 00 00 00 00 00  | ................
7fb0: 00 00 00 00 00 00 00 00 00 00 00 00 00 00 00 00  | ................
7fc0: 00 00 00 00 00 00 00 00 00 00 00 00 00 00 00 00  | ................
7fd0: 00 00 00 00 00 00 00 00 00 00 00 00 00 00 00 00  | ................
7fe0: 00 00 00 00 00 00 00 00 00 00 00 00 00 00 00 00  | ................
7ff0: 00 00 00 00 00 00 00 00 00 00 00 00 00 00 00 00  | ................
8000: 00 00 00 00 00 00 00 00 00 00 00 00 00 00 00 00  | ................
8010: 00 00 00 00 00 00 00 00 00 00 00 00 00 00 00 00  | ................
8020: 00 00 00 00 00 00 00 00 00 00 00 00 00 00 00 00  | ................
8030: 00 00 00 00 00 00 00 00 00 00 00 00 00 00 00 00  | ................
8040: 00 00 00 00 00 00 00 00 00 00 00 00 00 00 00 00  | ................
8050: 00 00 00 00 00 00 00 00 00 00 00 00 00 00 00 00  | ................
8060: 00 00 00 00 00 00 00 00 00 00 00 00 00 00 00 00  | ................
8070: 00 00 00 00 00 00 00 00 00 00 00 00 00 00 00 00  | ................
8080: 00 00 00 00 00 00 00 00 00 00 00 00 00 00 00 00  | ................
8090: 00 00 00 00 00 00 00 00 00 00 00 00 00 00 00 00  | ................
80a0: 00 00 00 00 00 00 00 00 00 00 00 00 00 00 00 00  | ................
80b0: 00 00 00 00 00 00 00 00 00 00 00 00 00 00 00 00  | ................
80c0: 00 00 00 00 00 00 00 00 00 00 00 00 00 00 00 00  | ................
80d0: 00 00 00 00 00 00 00 00 00 00 00 00 00 00 00 00  | ................
80e0: 00 00 00 00 00 00 00 00 00 00 00 00 00 00 00 00  | ................
80f0: 00 00 00 00 00 00 00 00 00 00 00 00 00 00 00 00  | ................
8100: 00 00 00 00 00 00 00 00 00 00 00 00 00 00 00 00  | ................
8110: 00 00 00 00 00 00 00 00 00 00 00 00 00 00 00 00  | ................
8120: 00 00 00 00 00 00 00 00 00 00 00 00 00 00 00 00  | ................
8130: 00 00 00 00 00 00 00 00 00 00 00 00 00 00 00 00  | ................
8140: 00 00 00 00 00 00 00 00 00 00 00 00 00 00 00 00  | ................
8150: 00 00 00 00 00 00 00 00 00 00 00 00 00 00 00 00  | ................
8160: 00 00 00 00 00 00 00 00 00 00 00 00 00 00 00 00  | ................
8170: 00 00 00 00 00 00 00 00 00 00 00 00 00 00 00 00  | ................
8180: 00 00 00 00 00 00 00 00 00 00 00 00 00 00 00 00  | ................
8190: 00 00 00 00 00 00 00 00 00 00 00 00 00 00 00 00  | ................
81a0: 00 00 00 00 00 00 00 00 00 00 00 00 00 00 00 00  | ................
81b0: 00 00 00 00 00 00 00 00 00 00 00 00 00 00 00 00  | ................
81c0: 00 00 00 00 00 00 00 00 00 00 00 00 00 00 00 00  | ................
81d0: 00 00 00 00 00 00 00 00 00 00 00 00 00 00 00 00  | ................
81e0: 00 00 00 00 00 00 00 00 00 00 00 00 00 00 00 00  | ................
81f0: 00 00 00 00 00 00 00 00 00 00 00 00 00 00 00 00  | ................
8200: 00 00 00 00 00 00 00 00 00 00 00 00 00 00 00 00  | ................
8210: 00 00 00 00 00 00 00 00 00 00 00 00 00 00 00 00  | ................
8220: 00 00 00 00 00 00 00 00 00 00 00 00 00 00 00 00  | ................
8230: 00 00 00 00 00 00 00 00 00 00 00 00 00 00 00 00  | ................
8240: 00 00 00 00 00 00 00 00 00 00 00 00 00 00 00 00  | ................
8250: 00 00 00 00 00 00 00 00 00 00 00 00 00 00 00 00  | ................
8260: 00 00 00 00 00 00 00 00 00 00 00 00 00 00 00 00  | ................
8270: 00 00 00 00 00 00 00 00 00 00 00 00 00 00 00 00  | ................
8280: 00 00 00 00 00 00 00 00 00 00 00 00 00 00 00 00  | ................
8290: 00 00 00 00 00 00 00 00 00 00 00 00 00 00 00 00  | ................
82a0: 00 00 00 00 00 00 00 00 00 00 00 00 00 00 00 00  | ................
82b0: 00 00 00 00 00 00 00 00 00 00 00 00 00 00 00 00  | ................
82c0: 00 00 00 00 00 00 00 00 00 00 00 00 00 00 00 00  | ................
82d0: 00 00 00 00 00 00 00 00 00 00 00 00 00 00 00 00  | ................
82e0: 00 00 00 00 00 00 00 00 00 00 00 00 00 00 00 00  | ................
82f0: 00 00 00 00 00 00 00 00 00 00 00 00 00 00 00 00  | ................
8300: 00 00 00 00 00 00 00 00 00 00 00 00 00 00 00 00  | ................
8310: 00 00 00 00 00 00 00 00 00 00 00 00 00 00 00 00  | ................
8320: 00 00 00 00 00 00 00 00 00 00 00 00 00 00 00 00  | ................
8330: 00 00 00 00 00 00 00 00 00 00 00 00 00 00 00 00  | ................
8340: 00 00 00 00 00 00 00 00 00 00 00 00 00 00 00 00  | ................
8350: 00 00 00 00 00 00 00 00 00 00 00 00 00 00 00 00  | ................
8360: 00 00 00 00 00 00 00 00 00 00 00 00 00 00 00 00  | ................
8370: 00 00 00 00 00 00 00 00 00 00 00 00 00 00 00 00  | ................
8380: 00 00 00 00 00 00 00 00 00 00 00 00 00 00 00 00  | ................
8390: 00 00 00 00 00 00 00 00 00 00 00 00 00 00 00 00  | ................
83a0: 00 00 00 00 00 00 00 00 00 00 00 00 00 00 00 00  | ................
83b0: 00 00 00 00 00 00 00 00 00 00 00 00 00 00 00 00  | ................
83c0: 00 00 00 00 00 00 00 00 00 00 00 00 00 00 00 00  | ................
83d0: 00 00 00 00 00 00 00 00 00 00 00 00 00 00 00 00  | ................
83e0: 00 00 00 00 00 00 00 00 00 00 00 00 00 00 00 00  | ................
83f0: 00 00 00 00 00 00 00 00 00 00 00 00 00 00 00 00  | ................
8400: 00 00 00 00 00 00 00 00 00 00 00 00 00 00 00 00  | ................
8410: 00 00 00 00 00 00 00 00 00 00 00 00 00 00 00 00  | ................
8420: 00 00 00 00 00 00 00 00 00 00 00 00 00 00 00 00  | ................
8430: 00 00 00 00 00 00 00 00 00 00 00 00 00 00 00 00  | ................
8440: 00 00 00 00 00 00 00 00 00 00 00 00 00 00 00 00  | ................
8450: 00 00 00 00 00 00 00 00 00 00 00 00 00 00 00 00  | ................
8460: 00 00 00 00 00 00 00 00 00 00 00 00 00 00 00 00  | ................
8470: 00 00 00 00 00 00 00 00 00 00 00 00 00 00 00 00  | ................
8480: 00 00 00 00 00 00 00 00 00 00 00 00 00 00 00 00  | ................
8490: 00 00 00 00 00 00 00 00 00 00 00 00 00 00 00 00  | ................
84a0: 00 00 00 00 00 00 00 00 00 00 00 00 00 00 00 00  | ................
84b0: 00 00 00 00 00 00 00 00 00 00 00 00 00 00 00 00  | ................
84c0: 00 00 00 00 00 00 00 00 00 00 00 00 00 00 00 00  | ................
84d0: 00 00 00 00 00 00 00 00 00 00 00 00 00 00 00 00  | ................
84e0: 00 00 00 00 00 00 00 00 00 00 00 00 00 00 00 00  | ................
84f0: 00 00 00 00 00 00 00 00 00 00 00 00 00 00 00 00  | ................
8500: 00 00 00 00 00 00 00 00 00 00 00 00 00 00 00 00  | ................
8510: 00 00 00 00 00 00 00 00 00 00 00 00 00 00 00 00  | ................
8520: 00 00 00 00 00 00 00 00 00 00 00 00 00 00 00 00  | ................
8530: 00 00 00 00 00 00 00 00 00 00 00 00 00 00 00 00  | ................
8540: 00 00 00 00 00 00 00 00 00 00 00 00 00 00 00 00  | ................
8550: 00 00 00 00 00 00 00 00 00 00 00 00 00 00 00 00  | ................
8560: 00 00 00 00 00 00 00 00 00 00 00 00 00 00 00 00  | ................
8570: 00 00 00 00 00 00 00 00 00 00 00 00 00 00 00 00  | ................
8580: 00 00 00 00 00 00 00 00 00 00 00 00 00 00 00 00  | ................
8590: 00 00 00 00 00 00 00 00 00 00 00 00 00 00 00 00  | ................
85a0: 00 00 00 00 00 00 00 00 00 00 00 00 00 00 00 00  | ................
85b0: 00 00 00 00 00 00 00 00 00 00 00 00 00 00 00 00  | ................
85c0: 00 00 00 00 00 00 00 00 00 00 00 00 00 00 00 00  | ................
85d0: 00 00 00 00 00 00 00 00 00 00 00 00 00 00 00 00  | ................
85e0: 00 00 00 00 00 00 00 00 00 00 00 00 00 00 00 00  | ................
85f0: 00 00 00 00 00 00 00 00 00 00 00 00 00 00 00 00  | ................
8600: 00 00 00 00 00 00 00 00 00 00 00 00 00 00 00 00  | ................
8610: 00 00 00 00 00 00 00 00 00 00 00 00 00 00 00 00  | ................
8620: 00 00 00 00 00 00 00 00 00 00 00 00 00 00 00 00  | ................
8630: 00 00 00 00 00 00 00 00 00 00 00 00 00 00 00 00  | ................
8640: 00 00 00 00 00 00 00 00 00 00 00 00 00 00 00 00  | ................
8650: 00 00 00 00 00 00 00 00 00 00 00 00 00 00 00 00  | ................
8660: 00 00 00 00 00 00 00 00 00 00 00 00 00 00 00 00  | ................
8670: 00 00 00 00 00 00 00 00 00 00 00 00 00 00 00 00  | ................
8680: 00 00 00 00 00 00 00 00 00 00 00 00 00 00 00 00  | ................
8690: 00 00 00 00 00 00 00 00 00 00 00 00 00 00 00 00  | ................
86a0: 00 00 00 00 00 00 00 00 00 00 00 00 00 00 00 00  | ................
86b0: 00 00 00 00 00 00 00 00 00 00 00 00 00 00 00 00  | ................
86c0: 00 00 00 00 00 00 00 00 00 00 00 00 00 00 00 00  | ................
86d0: 00 00 00 00 00 00 00 00 00 00 00 00 00 00 00 00  | ................
86e0: 00 00 00 00 00 00 00 00 00 00 00 00 00 00 00 00  | ................
86f0: 00 00 00 00 00 00 00 00 00 00 00 00 00 00 00 00  | ................
8700: 00 00 00 00 00 00 00 00 00 00 00 00 00 00 00 00  | ................
8710: 00 00 00 00 00 00 00 00 00 00 00 00 00 00 00 00  | ................
8720: 00 00 00 00 00 00 00 00 00 00 00 00 00 00 00 00  | ................
8730: 00 00 00 00 00 00 00 00 00 00 00 00 00 00 00 00  | ................
8740: 00 00 00 00 00 00 00 00 00 00 00 00 00 00 00 00  | ................
8750: 00 00 00 00 00 00 00 00 00 00 00 00 00 00 00 00  | ................
8760: 00 00 00 00 00 00 00 00 00 00 00 00 00 00 00 00  | ................
8770: 00 00 00 00 00 00 00 00 00 00 00 00 00 00 00 00  | ................
8780: 00 00 00 00 00 00 00 00 00 00 00 00 00 00 00 00  | ................
8790: 00 00 00 00 00 00 00 00 00 00 00 00 00 00 00 00  | ................
87a0: 00 00 00 00 00 00 00 00 00 00 00 00 00 00 00 00  | ................
87b0: 00 00 00 00 00 00 00 00 00 00 00 00 00 00 00 00  | ................
87c0: 00 00 00 00 00 00 00 00 00 00 00 00 00 00 00 00  | ................
87d0: 00 00 00 00 00 00 00 00 00 00 00 00 00 00 00 00  | ................
87e0: 00 00 00 00 00 00 00 00 00 00 00 00 00 00 00 00  | ................
87f0: 00 00 00 00 00 00 00 00 00 00 00 00 00 00 00 00  | ................
8800: 00 00 00 00 00 00 00 00 00 00 00 00 00 00 00 00  | ................
8810: 00 00 00 00 00 00 00 00 00 00 00 00 00 00 00 00  | ................
8820: 00 00 00 00 00 00 00 00 00 00 00 00 00 00 00 00  | ................
8830: 00 00 00 00 00 00 00 00 00 00 00 00 00 00 00 00  | ................
8840: 00 00 00 00 00 00 00 00 00 00 00 00 00 00 00 00  | ................
8850: 00 00 00 00 00 00 00 00 00 00 00 00 00 00 00 00  | ................
8860: 00 00 00 00 00 00 00 00 00 00 00 00 00 00 00 00  | ................
8870: 00 00 00 00 00 00 00 00 00 00 00 00 00 00 00 00  | ................
8880: 00 00 00 00 00 00 00 00 00 00 00 00 00 00 00 00  | ................
8890: 00 00 00 00 00 00 00 00 00 00 00 00 00 00 00 00  | ................
88a0: 00 00 00 00 00 00 00 00 00 00 00 00 00 00 00 00  | ................
88b0: 00 00 00 00 00 00 00 00 00 00 00 00 00 00 00 00  | ................
88c0: 00 00 00 00 00 00 00 00 00 00 00 00 00 00 00 00  | ................
88d0: 00 00 00 00 00 00 00 00 00 00 00 00 00 00 00 00  | ................
88e0: 00 00 00 00 00 00 00 00 00 00 00 00 00 00 00 00  | ................
88f0: 00 00 00 00 00 00 00 00 00 00 00 00 00 00 00 00  | ................
8900: 00 00 00 00 00 00 00 00 00 00 00 00 00 00 00 00  | ................
8910: 00 00 00 00 00 00 00 00 00 00 00 00 00 00 00 00  | ................
8920: 00 00 00 00 00 00 00 00 00 00 00 00 00 00 00 00  | ................
8930: 00 00 00 00 00 00 00 00 00 00 00 00 00 00 00 00  | ................
8940: 00 00 00 00 00 00 00 00 00 00 00 00 00 00 00 00  | ................
8950: 00 00 00 00 00 00 00 00 00 00 00 00 00 00 00 00  | ................
8960: 00 00 00 00 00 00 00 00 00 00 00 00 00 00 00 00  | ................
8970: 00 00 00 00 00 00 00 00 00 00 00 00 00 00 00 00  | ................
8980: 00 00 00 00 00 00 00 00 00 00 00 00 00 00 00 00  | ................
8990: 00 00 00 00 00 00 00 00 00 00 00 00 00 00 00 00  | ................
89a0: 00 00 00 00 00 00 00 00 00 00 00 00 00 00 00 00  | ................
89b0: 00 00 00 00 00 00 00 00 00 00 00 00 00 00 00 00  | ................
89c0: 00 00 00 00 00 00 00 00 00 00 00 00 00 00 00 00  | ................
89d0: 00 00 00 00 00 00 00 00 00 00 00 00 00 00 00 00  | ................
89e0: 00 00 00 00 00 00 00 00 00 00 00 00 00 00 00 00  | ................
89f0: 00 00 00 00 00 00 00 00 00 00 00 00 00 00 00 00  | ................
8a00: 00 00 00 00 00 00 00 00 00 00 00 00 00 00 00 00  | ................
8a10: 00 00 00 00 00 00 00 00 00 00 00 00 00 00 00 00  | ................
8a20: 00 00 00 00 00 00 00 00 00 00 00 00 00 00 00 00  | ................
8a30: 00 00 00 00 00 00 00 00 00 00 00 00 00 00 00 00  | ................
8a40: 00 00 00 00 00 00 00 00 00 00 00 00 00 00 00 00  | ................
8a50: 00 00 00 00 00 00 00 00 00 00 00 00 00 00 00 00  | ................
8a60: 00 00 00 00 00 00 00 00 00 00 00 00 00 00 00 00  | ................
8a70: 00 00 00 00 00 00 00 00 00 00 00 00 00 00 00 00  | ................
8a80: 00 00 00 00 00 00 00 00 00 00 00 00 00 00 00 00  | ................
8a90: 00 00 00 00 00 00 00 00 00 00 00 00 00 00 00 00  | ................
8aa0: 00 00 00 00 00 00 00 00 00 00 00 00 00 00 00 00  | ................
8ab0: 00 00 00 00 00 00 00 00 00 00 00 00 00 00 00 00  | ................
8ac0: 00 00 00 00 00 00 00 00 00 00 00 00 00 00 00 00  | ................
8ad0: 00 00 00 00 00 00 00 00 00 00 00 00 00 00 00 00  | ................
8ae0: 00 00 00 00 00 00 00 00 00 00 00 00 00 00 00 00  | ................
8af0: 00 00 00 00 00 00 00 00 00 00 00 00 00 00 00 00  | ................
8b00: 00 00 00 00 00 00 00 00 00 00 00 00 00 00 00 00  | ................
8b10: 00 00 00 00 00 00 00 00 00 00 00 00 00 00 00 00  | ................
8b20: 00 00 00 00 00 00 00 00 00 00 00 00 00 00 00 00  | ................
8b30: 00 00 00 00 00 00 00 00 00 00 00 00 00 00 00 00  | ................
8b40: 00 00 00 00 00 00 00 00 00 00 00 00 00 00 00 00  | ................
8b50: 00 00 00 00 00 00 00 00 00 00 00 00 00 00 00 00  | ................
8b60: 00 00 00 00 00 00 00 00 00 00 00 00 00 00 00 00  | ................
8b70: 00 00 00 00 00 00 00 00 00 00 00 00 00 00 00 00  | ................
8b80: 00 00 00 00 00 00 00 00 00 00 00 00 00 00 00 00  | ................
8b90: 00 00 00 00 00 00 00 00 00 00 00 00 00 00 00 00  | ................
8ba0: 00 00 00 00 00 00 00 00 00 00 00 00 00 00 00 00  | ................
8bb0: 00 00 00 00 00 00 00 00 00 00 00 00 00 00 00 00  | ................
8bc0: 00 00 00 00 00 00 00 00 00 00 00 00 00 00 00 00  | ................
8bd0: 00 00 00 00 00 00 00 00 00 00 00 00 00 00 00 00  | ................
8be0: 00 00 00 00 00 00 00 00 00 00 00 00 00 00 00 00  | ................
8bf0: 00 00 00 00 00 00 00 00 00 00 00 00 00 00 00 00  | ................
8c00: 00 00 00 00 00 00 00 00 00 00 00 00 00 00 00 00  | ................
8c10: 00 00 00 00 00 00 00 00 00 00 00 00 00 00 00 00  | ................
8c20: 00 00 00 00 00 00 00 00 00 00 00 00 00 00 00 00  | ................
8c30: 00 00 00 00 00 00 00 00 00 00 00 00 00 00 00 00  | ................
8c40: 00 00 00 00 00 00 00 00 00 00 00 00 00 00 00 00  | ................
8c50: 00 00 00 00 00 00 00 00 00 00 00 00 00 00 00 00  | ................
8c60: 00 00 00 00 00 00 00 00 00 00 00 00 00 00 00 00  | ................
8c70: 00 00 00 00 00 00 00 00 00 00 00 00 00 00 00 00  | ................
8c80: 00 00 00 00 00 00 00 00 00 00 00 00 00 00 00 00  | ................
8c90: 00 00 00 00 00 00 00 00 00 00 00 00 00 00 00 00  | ................
8ca0: 00 00 00 00 00 00 00 00 00 00 00 00 00 00 00 00  | ................
8cb0: 00 00 00 00 00 00 00 00 00 00 00 00 00 00 00 00  | ................
8cc0: 00 00 00 00 00 00 00 00 00 00 00 00 00 00 00 00  | ................
8cd0: 00 00 00 00 00 00 00 00 00 00 00 00 00 00 00 00  | ................
8ce0: 00 00 00 00 00 00 00 00 00 00 00 00 00 00 00 00  | ................
8cf0: 00 00 00 00 00 00 00 00 00 00 00 00 00 00 00 00  | ................
8d00: 00 00 00 00 00 00 00 00 00 00 00 00 00 00 00 00  | ................
8d10: 00 00 00 00 00 00 00 00 00 00 00 00 00 00 00 00  | ................
8d20: 00 00 00 00 00 00 00 00 00 00 00 00 00 00 00 00  | ................
8d30: 00 00 00 00 00 00 00 00 00 00 00 00 00 00 00 00  | ................
8d40: 00 00 00 00 00 00 00 00 00 00 00 00 00 00 00 00  | ................
8d50: 00 00 00 00 00 00 00 00 00 00 00 00 00 00 00 00  | ................
8d60: 00 00 00 00 00 00 00 00 00 00 00 00 00 00 00 00  | ................
8d70: 00 00 00 00 00 00 00 00 00 00 00 00 00 00 00 00  | ................
8d80: 00 00 00 00 00 00 00 00 00 00 00 00 00 00 00 00  | ................
8d90: 00 00 00 00 00 00 00 00 00 00 00 00 00 00 00 00  | ................
8da0: 00 00 00 00 00 00 00 00 00 00 00 00 00 00 00 00  | ................
8db0: 00 00 00 00 00 00 00 00 00 00 00 00 00 00 00 00  | ................
8dc0: 00 00 00 00 00 00 00 00 00 00 00 00 00 00 00 00  | ................
8dd0: 00 00 00 00 00 00 00 00 00 00 00 00 00 00 00 00  | ................
8de0: 00 00 00 00 00 00 00 00 00 00 00 00 00 00 00 00  | ................
8df0: 00 00 00 00 00 00 00 00 00 00 00 00 00 00 00 00  | ................
8e00: 00 00 00 00 00 00 00 00 00 00 00 00 00 00 00 00  | ................
8e10: 00 00 00 00 00 00 00 00 00 00 00 00 00 00 00 00  | ................
8e20: 00 00 00 00 00 00 00 00 00 00 00 00 00 00 00 00  | ................
8e30: 00 00 00 00 00 00 00 00 00 00 00 00 00 00 00 00  | ................
8e40: 00 00 00 00 00 00 00 00 00 00 00 00 00 00 00 00  | ................
8e50: 00 00 00 00 00 00 00 00 00 00 00 00 00 00 00 00  | ................
8e60: 00 00 00 00 00 00 00 00 00 00 00 00 00 00 00 00  | ................
8e70: 00 00 00 00 00 00 00 00 00 00 00 00 00 00 00 00  | ................
8e80: 00 00 00 00 00 00 00 00 00 00 00 00 00 00 00 00  | ................
8e90: 00 00 00 00 00 00 00 00 00 00 00 00 00 00 00 00  | ................
8ea0: 00 00 00 00 00 00 00 00 00 00 00 00 00 00 00 00  | ................
8eb0: 00 00 00 00 00 00 00 00 00 00 00 00 00 00 00 00  | ................
8ec0: 00 00 00 00 00 00 00 00 00 00 00 00 00 00 00 00  | ................
8ed0: 00 00 00 00 00 00 00 00 00 00 00 00 00 00 00 00  | ................
8ee0: 00 00 00 00 00 00 00 00 00 00 00 00 00 00 00 00  | ................
8ef0: 00 00 00 00 00 00 00 00 00 00 00 00 00 00 00 00  | ................
8f00: 00 00 00 00 00 00 00 00 00 00 00 00 00 00 00 00  | ................
8f10: 00 00 00 00 00 00 00 00 00 00 00 00 00 00 00 00  | ................
8f20: 00 00 00 00 00 00 00 00 00 00 00 00 00 00 00 00  | ................
8f30: 00 00 00 00 00 00 00 00 00 00 00 00 00 00 00 00  | ................
8f40: 00 00 00 00 00 00 00 00 00 00 00 00 00 00 00 00  | ................
8f50: 00 00 00 00 00 00 00 00 00 00 00 00 00 00 00 00  | ................
8f60: 00 00 00 00 00 00 00 00 00 00 00 00 00 00 00 00  | ................
8f70: 00 00 00 00 00 00 00 00 00 00 00 00 00 00 00 00  | ................
8f80: 00 00 00 00 00 00 00 00 00 00 00 00 00 00 00 00  | ................
8f90: 00 00 00 00 00 00 00 00 00 00 00 00 00 00 00 00  | ................
8fa0: 00 00 00 00 00 00 00 00 00 00 00 00 00 00 00 00  | ................
8fb0: 00 00 00 00 00 00 00 00 00 00 00 00 00 00 00 00  | ................
8fc0: 00 00 00 00 00 00 00 00 00 00 00 00 00 00 00 00  | ................
8fd0: 00 00 00 00 00 00 00 00 00 00 00 00 00 00 00 00  | ................
8fe0: 00 00 00 00 00 00 00 00 00 00 00 00 00 00 00 00  | ................
8ff0: 00 00 00 00 00 00 00 00 00 00 00 00 00 00 00 00  | ................
9000: 00 00 00 00 00 00 00 00 00 00 00 00 00 00 00 00  | ................
9010: 00 00 00 00 00 00 00 00 00 00 00 00 00 00 00 00  | ................
9020: 00 00 00 00 00 00 00 00 00 00 00 00 00 00 00 00  | ................
9030: 00 00 00 00 00 00 00 00 00 00 00 00 00 00 00 00  | ................
9040: 00 00 00 00 00 00 00 00 00 00 00 00 00 00 00 00  | ................
9050: 00 00 00 00 00 00 00 00 00 00 00 00 00 00 00 00  | ................
9060: 00 00 00 00 00 00 00 00 00 00 00 00 00 00 00 00  | ................
9070: 00 00 00 00 00 00 00 00 00 00 00 00 00 00 00 00  | ................
9080: 00 00 00 00 00 00 00 00 00 00 00 00 00 00 00 00  | ................
9090: 00 00 00 00 00 00 00 00 00 00 00 00 00 00 00 00  | ................
90a0: 00 00 00 00 00 00 00 00 00 00 00 00 00 00 00 00  | ................
90b0: 00 00 00 00 00 00 00 00 00 00 00 00 00 00 00 00  | ................
90c0: 00 00 00 00 00 00 00 00 00 00 00 00 00 00 00 00  | ................
90d0: 00 00 00 00 00 00 00 00 00 00 00 00 00 00 00 00  | ................
90e0: 00 00 00 00 00 00 00 00 00 00 00 00 00 00 00 00  | ................
90f0: 00 00 00 00 00 00 00 00 00 00 00 00 00 00 00 00  | ................
9100: 00 00 00 00 00 00 00 00 00 00 00 00 00 00 00 00  | ................
9110: 00 00 00 00 00 00 00 00 00 00 00 00 00 00 00 00  | ................
9120: 00 00 00 00 00 00 00 00 00 00 00 00 00 00 00 00  | ................
9130: 00 00 00 00 00 00 00 00 00 00 00 00 00 00 00 00  | ................
9140: 00 00 00 00 00 00 00 00 00 00 00 00 00 00 00 00  | ................
9150: 00 00 00 00 00 00 00 00 00 00 00 00 00 00 00 00  | ................
9160: 00 00 00 00 00 00 00 00 00 00 00 00 00 00 00 00  | ................
9170: 00 00 00 00 00 00 00 00 00 00 00 00 00 00 00 00  | ................
9180: 00 00 00 00 00 00 00 00 00 00 00 00 00 00 00 00  | ................
9190: 00 00 00 00 00 00 00 00 00 00 00 00 00 00 00 00  | ................
91a0: 00 00 00 00 00 00 00 00 00 00 00 00 00 00 00 00  | ................
91b0: 00 00 00 00 00 00 00 00 00 00 00 00 00 00 00 00  | ................
91c0: 00 00 00 00 00 00 00 00 00 00 00 00 00 00 00 00  | ................
91d0: 00 00 00 00 00 00 00 00 00 00 00 00 00 00 00 00  | ................
91e0: 00 00 00 00 00 00 00 00 00 00 00 00 00 00 00 00  | ................
91f0: 00 00 00 00 00 00 00 00 00 00 00 00 00 00 00 00  | ................
9200: 00 00 00 00 00 00 00 00 00 00 00 00 00 00 00 00  | ................
9210: 00 00 00 00 00 00 00 00 00 00 00 00 00 00 00 00  | ................
9220: 00 00 00 00 00 00 00 00 00 00 00 00 00 00 00 00  | ................
9230: 00 00 00 00 00 00 00 00 00 00 00 00 00 00 00 00  | ................
9240: 00 00 00 00 00 00 00 00 00 00 00 00 00 00 00 00  | ................
9250: 00 00 00 00 00 00 00 00 00 00 00 00 00 00 00 00  | ................
9260: 00 00 00 00 00 00 00 00 00 00 00 00 00 00 00 00  | ................
9270: 00 00 00 00 00 00 00 00 00 00 00 00 00 00 00 00  | ................
9280: 00 00 00 00 00 00 00 00 00 00 00 00 00 00 00 00  | ................
9290: 00 00 00 00 00 00 00 00 00 00 00 00 00 00 00 00  | ................
92a0: 00 00 00 00 00 00 00 00 00 00 00 00 00 00 00 00  | ................
92b0: 00 00 00 00 00 00 00 00 00 00 00 00 00 00 00 00  | ................
92c0: 00 00 00 00 00 00 00 00 00 00 00 00 00 00 00 00  | ................
92d0: 00 00 00 00 00 00 00 00 00 00 00 00 00 00 00 00  | ................
92e0: 00 00 00 00 00 00 00 00 00 00 00 00 00 00 00 00  | ................
92f0: 00 00 00 00 00 00 00 00 00 00 00 00 00 00 00 00  | ................
9300: 00 00 00 00 00 00 00 00 00 00 00 00 00 00 00 00  | ................
9310: 00 00 00 00 00 00 00 00 00 00 00 00 00 00 00 00  | ................
9320: 00 00 00 00 00 00 00 00 00 00 00 00 00 00 00 00  | ................
9330: 00 00 00 00 00 00 00 00 00 00 00 00 00 00 00 00  | ................
9340: 00 00 00 00 00 00 00 00 00 00 00 00 00 00 00 00  | ................
9350: 00 00 00 00 00 00 00 00 00 00 00 00 00 00 00 00  | ................
9360: 00 00 00 00 00 00 00 00 00 00 00 00 00 00 00 00  | ................
9370: 00 00 00 00 00 00 00 00 00 00 00 00 00 00 00 00  | ................
9380: 00 00 00 00 00 00 00 00 00 00 00 00 00 00 00 00  | ................
9390: 00 00 00 00 00 00 00 00 00 00 00 00 00 00 00 00  | ................
93a0: 00 00 00 00 00 00 00 00 00 00 00 00 00 00 00 00  | ................
93b0: 00 00 00 00 00 00 00 00 00 00 00 00 00 00 00 00  | ................
93c0: 00 00 00 00 00 00 00 00 00 00 00 00 00 00 00 00  | ................
93d0: 00 00 00 00 00 00 00 00 00 00 00 00 00 00 00 00  | ................
93e0: 00 00 00 00 00 00 00 00 00 00 00 00 00 00 00 00  | ................
93f0: 00 00 00 00 00 00 00 00 00 00 00 00 00 00 00 00  | ................
9400: 00 00 00 00 00 00 00 00 00 00 00 00 00 00 00 00  | ................
9410: 00 00 00 00 00 00 00 00 00 00 00 00 00 00 00 00  | ................
9420: 00 00 00 00 00 00 00 00 00 00 00 00 00 00 00 00  | ................
9430: 00 00 00 00 00 00 00 00 00 00 00 00 00 00 00 00  | ................
9440: 00 00 00 00 00 00 00 00 00 00 00 00 00 00 00 00  | ................
9450: 00 00 00 00 00 00 00 00 00 00 00 00 00 00 00 00  | ................
9460: 00 00 00 00 00 00 00 00 00 00 00 00 00 00 00 00  | ................
9470: 00 00 00 00 00 00 00 00 00 00 00 00 00 00 00 00  | ................
9480: 00 00 00 00 00 00 00 00 00 00 00 00 00 00 00 00  | ................
9490: 00 00 00 00 00 00 00 00 00 00 00 00 00 00 00 00  | ................
94a0: 00 00 00 00 00 00 00 00 00 00 00 00 00 00 00 00  | ................
94b0: 00 00 00 00 00 00 00 00 00 00 00 00 00 00 00 00  | ................
94c0: 00 00 00 00 00 00 00 00 00 00 00 00 00 00 00 00  | ................
94d0: 00 00 00 00 00 00 00 00 00 00 00 00 00 00 00 00  | ................
94e0: 00 00 00 00 00 00 00 00 00 00 00 00 00 00 00 00  | ................
94f0: 00 00 00 00 00 00 00 00 00 00 00 00 00 00 00 00  | ................
9500: 00 00 00 00 00 00 00 00 00 00 00 00 00 00 00 00  | ................
9510: 00 00 00 00 00 00 00 00 00 00 00 00 00 00 00 00  | ................
9520: 00 00 00 00 00 00 00 00 00 00 00 00 00 00 00 00  | ................
9530: 00 00 00 00 00 00 00 00 00 00 00 00 00 00 00 00  | ................
9540: 00 00 00 00 00 00 00 00 00 00 00 00 00 00 00 00  | ................
9550: 00 00 00 00 00 00 00 00 00 00 00 00 00 00 00 00  | ................
9560: 00 00 00 00 00 00 00 00 00 00 00 00 00 00 00 00  | ................
9570: 00 00 00 00 00 00 00 00 00 00 00 00 00 00 00 00  | ................
9580: 00 00 00 00 00 00 00 00 00 00 00 00 00 00 00 00  | ................
9590: 00 00 00 00 00 00 00 00 00 00 00 00 00 00 00 00  | ................
95a0: 00 00 00 00 00 00 00 00 00 00 00 00 00 00 00 00  | ................
95b0: 00 00 00 00 00 00 00 00 00 00 00 00 00 00 00 00  | ................
95c0: 00 00 00 00 00 00 00 00 00 00 00 00 00 00 00 00  | ................
95d0: 00 00 00 00 00 00 00 00 00 00 00 00 00 00 00 00  | ................
95e0: 00 00 00 00 00 00 00 00 00 00 00 00 00 00 00 00  | ................
95f0: 00 00 00 00 00 00 00 00 00 00 00 00 00 00 00 00  | ................
9600: 00 00 00 00 00 00 00 00 00 00 00 00 00 00 00 00  | ................
9610: 00 00 00 00 00 00 00 00 00 00 00 00 00 00 00 00  | ................
9620: 00 00 00 00 00 00 00 00 00 00 00 00 00 00 00 00  | ................
9630: 00 00 00 00 00 00 00 00 00 00 00 00 00 00 00 00  | ................
9640: 00 00 00 00 00 00 00 00 00 00 00 00 00 00 00 00  | ................
9650: 00 00 00 00 00 00 00 00 00 00 00 00 00 00 00 00  | ................
9660: 00 00 00 00 00 00 00 00 00 00 00 00 00 00 00 00  | ................
9670: 00 00 00 00 00 00 00 00 00 00 00 00 00 00 00 00  | ................
9680: 00 00 00 00 00 00 00 00 00 00 00 00 00 00 00 00  | ................
9690: 00 00 00 00 00 00 00 00 00 00 00 00 00 00 00 00  | ................
96a0: 00 00 00 00 00 00 00 00 00 00 00 00 00 00 00 00  | ................
96b0: 00 00 00 00 00 00 00 00 00 00 00 00 00 00 00 00  | ................
96c0: 00 00 00 00 00 00 00 00 00 00 00 00 00 00 00 00  | ................
96d0: 00 00 00 00 00 00 00 00 00 00 00 00 00 00 00 00  | ................
96e0: 00 00 00 00 00 00 00 00 00 00 00 00 00 00 00 00  | ................
96f0: 00 00 00 00 00 00 00 00 00 00 00 00 00 00 00 00  | ................
9700: 00 00 00 00 00 00 00 00 00 00 00 00 00 00 00 00  | ................
9710: 00 00 00 00 00 00 00 00 00 00 00 00 00 00 00 00  | ................
9720: 00 00 00 00 00 00 00 00 00 00 00 00 00 00 00 00  | ................
9730: 00 00 00 00 00 00 00 00 00 00 00 00 00 00 00 00  | ................
9740: 00 00 00 00 00 00 00 00 00 00 00 00 00 00 00 00  | ................
9750: 00 00 00 00 00 00 00 00 00 00 00 00 00 00 00 00  | ................
9760: 00 00 00 00 00 00 00 00 00 00 00 00 00 00 00 00  | ................
9770: 00 00 00 00 00 00 00 00 00 00 00 00 00 00 00 00  | ................
9780: 00 00 00 00 00 00 00 00 00 00 00 00 00 00 00 00  | ................
9790: 00 00 00 00 00 00 00 00 00 00 00 00 00 00 00 00  | ................
97a0: 00 00 00 00 00 00 00 00 00 00 00 00 00 00 00 00  | ................
97b0: 00 00 00 00 00 00 00 00 00 00 00 00 00 00 00 00  | ................
97c0: 00 00 00 00 00 00 00 00 00 00 00 00 00 00 00 00  | ................
97d0: 00 00 00 00 00 00 00 00 00 00 00 00 00 00 00 00  | ................
97e0: 00 00 00 00 00 00 00 00 00 00 00 00 00 00 00 00  | ................
97f0: 00 00 00 00 00 00 00 00 00 00 00 00 00 00 00 00  | ................
9800: 00 00 00 00 00 00 00 00 00 00 00 00 00 00 00 00  | ................
9810: 00 00 00 00 00 00 00 00 00 00 00 00 00 00 00 00  | ................
9820: 00 00 00 00 00 00 00 00 00 00 00 00 00 00 00 00  | ................
9830: 00 00 00 00 00 00 00 00 00 00 00 00 00 00 00 00  | ................
9840: 00 00 00 00 00 00 00 00 00 00 00 00 00 00 00 00  | ................
9850: 00 00 00 00 00 00 00 00 00 00 00 00 00 00 00 00  | ................
9860: 00 00 00 00 00 00 00 00 00 00 00 00 00 00 00 00  | ................
9870: 00 00 00 00 00 00 00 00 00 00 00 00 00 00 00 00  | ................
9880: 00 00 00 00 00 00 00 00 00 00 00 00 00 00 00 00  | ................
9890: 00 00 00 00 00 00 00 00 00 00 00 00 00 00 00 00  | ................
98a0: 00 00 00 00 00 00 00 00 00 00 00 00 00 00 00 00  | ................
98b0: 00 00 00 00 00 00 00 00 00 00 00 00 00 00 00 00  | ................
98c0: 00 00 00 00 00 00 00 00 00 00 00 00 00 00 00 00  | ................
98d0: 00 00 00 00 00 00 00 00 00 00 00 00 00 00 00 00  | ................
98e0: 00 00 00 00 00 00 00 00 00 00 00 00 00 00 00 00  | ................
98f0: 00 00 00 00 00 00 00 00 00 00 00 00 00 00 00 00  | ................
9900: 00 00 00 00 00 00 00 00 00 00 00 00 00 00 00 00  | ................
9910: 00 00 00 00 00 00 00 00 00 00 00 00 00 00 00 00  | ................
9920: 00 00 00 00 00 00 00 00 00 00 00 00 00 00 00 00  | ................
9930: 00 00 00 00 00 00 00 00 00 00 00 00 00 00 00 00  | ................
9940: 00 00 00 00 00 00 00 00 00 00 00 00 00 00 00 00  | ................
9950: 00 00 00 00 00 00 00 00 00 00 00 00 00 00 00 00  | ................
9960: 00 00 00 00 00 00 00 00 00 00 00 00 00 00 00 00  | ................
9970: 00 00 00 00 00 00 00 00 00 00 00 00 00 00 00 00  | ................
9980: 00 00 00 00 00 00 00 00 00 00 00 00 00 00 00 00  | ................
9990: 00 00 00 00 00 00 00 00 00 00 00 00 00 00 00 00  | ................
99a0: 00 00 00 00 00 00 00 00 00 00 00 00 00 00 00 00  | ................
99b0: 00 00 00 00 00 00 00 00 00 00 00 00 00 00 00 00  | ................
99c0: 00 00 00 00 00 00 00 00 00 00 00 00 00 00 00 00  | ................
99d0: 00 00 00 00 00 00 00 00 00 00 00 00 00 00 00 00  | ................
99e0: 00 00 00 00 00 00 00 00 00 00 00 00 00 00 00 00  | ................
99f0: 00 00 00 00 00 00 00 00 00 00 00 00 00 00 00 00  | ................
9a00: 00 00 00 00 00 00 00 00 00 00 00 00 00 00 00 00  | ................
9a10: 00 00 00 00 00 00 00 00 00 00 00 00 00 00 00 00  | ................
9a20: 00 00 00 00 00 00 00 00 00 00 00 00 00 00 00 00  | ................
9a30: 00 00 00 00 00 00 00 00 00 00 00 00 00 00 00 00  | ................
9a40: 00 00 00 00 00 00 00 00 00 00 00 00 00 00 00 00  | ................
9a50: 00 00 00 00 00 00 00 00 00 00 00 00 00 00 00 00  | ................
9a60: 00 00 00 00 00 00 00 00 00 00 00 00 00 00 00 00  | ................
9a70: 00 00 00 00 00 00 00 00 00 00 00 00 00 00 00 00  | ................
9a80: 00 00 00 00 00 00 00 00 00 00 00 00 00 00 00 00  | ................
9a90: 00 00 00 00 00 00 00 00 00 00 00 00 00 00 00 00  | ................
9aa0: 00 00 00 00 00 00 00 00 00 00 00 00 00 00 00 00  | ................
9ab0: 00 00 00 00 00 00 00 00 00 00 00 00 00 00 00 00  | ................
9ac0: 00 00 00 00 00 00 00 00 00 00 00 00 00 00 00 00  | ................
9ad0: 00 00 00 00 00 00 00 00 00 00 00 00 00 00 00 00  | ................
9ae0: 00 00 00 00 00 00 00 00 00 00 00 00 00 00 00 00  | ................
9af0: 00 00 00 00 00 00 00 00 00 00 00 00 00 00 00 00  | ................
9b00: 00 00 00 00 00 00 00 00 00 00 00 00 00 00 00 00  | ................
9b10: 00 00 00 00 00 00 00 00 00 00 00 00 00 00 00 00  | ................
9b20: 00 00 00 00 00 00 00 00 00 00 00 00 00 00 00 00  | ................
9b30: 00 00 00 00 00 00 00 00 00 00 00 00 00 00 00 00  | ................
9b40: 00 00 00 00 00 00 00 00 00 00 00 00 00 00 00 00  | ................
9b50: 00 00 00 00 00 00 00 00 00 00 00 00 00 00 00 00  | ................
9b60: 00 00 00 00 00 00 00 00 00 00 00 00 00 00 00 00  | ................
9b70: 00 00 00 00 00 00 00 00 00 00 00 00 00 00 00 00  | ................
9b80: 00 00 00 00 00 00 00 00 00 00 00 00 00 00 00 00  | ................
9b90: 00 00 00 00 00 00 00 00 00 00 00 00 00 00 00 00  | ................
9ba0: 00 00 00 00 00 00 00 00 00 00 00 00 00 00 00 00  | ................
9bb0: 00 00 00 00 00 00 00 00 00 00 00 00 00 00 00 00  | ................
9bc0: 00 00 00 00 00 00 00 00 00 00 00 00 00 00 00 00  | ................
9bd0: 00 00 00 00 00 00 00 00 00 00 00 00 00 00 00 00  | ................
9be0: 00 00 00 00 00 00 00 00 00 00 00 00 00 00 00 00  | ................
9bf0: 00 00 00 00 00 00 00 00 00 00 00 00 00 00 00 00  | ................
9c00: 00 00 00 00 00 00 00 00 00 00 00 00 00 00 00 00  | ................
9c10: 00 00 00 00 00 00 00 00 00 00 00 00 00 00 00 00  | ................
9c20: 00 00 00 00 00 00 00 00 00 00 00 00 00 00 00 00  | ................
9c30: 00 00 00 00 00 00 00 00 00 00 00 00 00 00 00 00  | ................
9c40: 00 00 00 00 00 00 00 00 00 00 00 00 00 00 00 00  | ................
9c50: 00 00 00 00 00 00 00 00 00 00 00 00 00 00 00 00  | ................
9c60: 00 00 00 00 00 00 00 00 00 00 00 00 00 00 00 00  | ................
9c70: 00 00 00 00 00 00 00 00 00 00 00 00 00 00 00 00  | ................
9c80: 00 00 00 00 00 00 00 00 00 00 00 00 00 00 00 00  | ................
9c90: 00 00 00 00 00 00 00 00 00 00 00 00 00 00 00 00  | ................
9ca0: 00 00 00 00 00 00 00 00 00 00 00 00 00 00 00 00  | ................
9cb0: 00 00 00 00 00 00 00 00 00 00 00 00 00 00 00 00  | ................
9cc0: 00 00 00 00 00 00 00 00 00 00 00 00 00 00 00 00  | ................
9cd0: 00 00 00 00 00 00 00 00 00 00 00 00 00 00 00 00  | ................
9ce0: 00 00 00 00 00 00 00 00 00 00 00 00 00 00 00 00  | ................
9cf0: 00 00 00 00 00 00 00 00 00 00 00 00 00 00 00 00  | ................
9d00: 00 00 00 00 00 00 00 00 00 00 00 00 00 00 00 00  | ................
9d10: 00 00 00 00 00 00 00 00 00 00 00 00 00 00 00 00  | ................
9d20: 00 00 00 00 00 00 00 00 00 00 00 00 00 00 00 00  | ................
9d30: 00 00 00 00 00 00 00 00 00 00 00 00 00 00 00 00  | ................
9d40: 00 00 00 00 00 00 00 00 00 00 00 00 00 00 00 00  | ................
9d50: 00 00 00 00 00 00 00 00 00 00 00 00 00 00 00 00  | ................
9d60: 00 00 00 00 00 00 00 00 00 00 00 00 00 00 00 00  | ................
9d70: 00 00 00 00 00 00 00 00 00 00 00 00 00 00 00 00  | ................
9d80: 00 00 00 00 00 00 00 00 00 00 00 00 00 00 00 00  | ................
9d90: 00 00 00 00 00 00 00 00 00 00 00 00 00 00 00 00  | ................
9da0: 00 00 00 00 00 00 00 00 00 00 00 00 00 00 00 00  | ................
9db0: 00 00 00 00 00 00 00 00 00 00 00 00 00 00 00 00  | ................
9dc0: 00 00 00 00 00 00 00 00 00 00 00 00 00 00 00 00  | ................
9dd0: 00 00 00 00 00 00 00 00 00 00 00 00 00 00 00 00  | ................
9de0: 00 00 00 00 00 00 00 00 00 00 00 00 00 00 00 00  | ................
9df0: 00 00 00 00 00 00 00 00 00 00 00 00 00 00 00 00  | ................
9e00: 00 00 00 00 00 00 00 00 00 00 00 00 00 00 00 00  | ................
9e10: 00 00 00 00 00 00 00 00 00 00 00 00 00 00 00 00  | ................
9e20: 00 00 00 00 00 00 00 00 00 00 00 00 00 00 00 00  | ................
9e30: 00 00 00 00 00 00 00 00 00 00 00 00 00 00 00 00  | ................
9e40: 00 00 00 00 00 00 00 00 00 00 00 00 00 00 00 00  | ................
9e50: 00 00 00 00 00 00 00 00 00 00 00 00 00 00 00 00  | ................
9e60: 00 00 00 00 00 00 00 00 00 00 00 00 00 00 00 00  | ................
9e70: 00 00 00 00 00 00 00 00 00 00 00 00 00 00 00 00  | ................
9e80: 00 00 00 00 00 00 00 00 00 00 00 00 00 00 00 00  | ................
9e90: 00 00 00 00 00 00 00 00 00 00 00 00 00 00 00 00  | ................
9ea0: 00 00 00 00 00 00 00 00 00 00 00 00 00 00 00 00  | ................
9eb0: 00 00 00 00 00 00 00 00 00 00 00 00 00 00 00 00  | ................
9ec0: 00 00 00 00 00 00 00 00 00 00 00 00 00 00 00 00  | ................
9ed0: 00 00 00 00 00 00 00 00 00 00 00 00 00 00 00 00  | ................
9ee0: 00 00 00 00 00 00 00 00 00 00 00 00 00 00 00 00  | ................
9ef0: 00 00 00 00 00 00 00 00 00 00 00 00 00 00 00 00  | ................
9f00: 00 00 00 00 00 00 00 00 00 00 00 00 00 00 00 00  | ................
9f10: 00 00 00 00 00 00 00 00 00 00 00 00 00 00 00 00  | ................
9f20: 00 00 00 00 00 00 00 00 00 00 00 00 00 00 00 00  | ................
9f30: 00 00 00 00 00 00 00 00 00 00 00 00 00 00 00 00  | ................
9f40: 00 00 00 00 00 00 00 00 00 00 00 00 00 00 00 00  | ................
9f50: 00 00 00 00 00 00 00 00 00 00 00 00 00 00 00 00  | ................
9f60: 00 00 00 00 00 00 00 00 00 00 00 00 00 00 00 00  | ................
9f70: 00 00 00 00 00 00 00 00 00 00 00 00 00 00 00 00  | ................
9f80: 00 00 00 00 00 00 00 00 00 00 00 00 00 00 00 00  | ................
9f90: 00 00 00 00 00 00 00 00 00 00 00 00 00 00 00 00  | ................
9fa0: 00 00 00 00 00 00 00 00 00 00 00 00 00 00 00 00  | ................
9fb0: 00 00 00 00 00 00 00 00 00 00 00 00 00 00 00 00  | ................
9fc0: 00 00 00 00 00 00 00 00 00 00 00 00 00 00 00 00  | ................
9fd0: 00 00 00 00 00 00 00 00 00 00 00 00 00 00 00 00  | ................
9fe0: 00 00 00 00 00 00 00 00 00 00 00 00 00 00 00 00  | ................
9ff0: 00 00 00 00 00 00 00 00 00 00 00 00 00 00 00 00  | ................
a000: 00 00 00 00 00 00 00 00 00 00 00 00 00 00 00 00  | ................
a010: 00 00 00 00 00 00 00 00 00 00 00 00 00 00 00 00  | ................
a020: 00 00 00 00 00 00 00 00 00 00 00 00 00 00 00 00  | ................
a030: 00 00 00 00 00 00 00 00 00 00 00 00 00 00 00 00  | ................
a040: 00 00 00 00 00 00 00 00 00 00 00 00 00 00 00 00  | ................
a050: 00 00 00 00 00 00 00 00 00 00 00 00 00 00 00 00  | ................
a060: 00 00 00 00 00 00 00 00 00 00 00 00 00 00 00 00  | ................
a070: 00 00 00 00 00 00 00 00 00 00 00 00 00 00 00 00  | ................
a080: 00 00 00 00 00 00 00 00 00 00 00 00 00 00 00 00  | ................
a090: 00 00 00 00 00 00 00 00 00 00 00 00 00 00 00 00  | ................
a0a0: 00 00 00 00 00 00 00 00 00 00 00 00 00 00 00 00  | ................
a0b0: 00 00 00 00 00 00 00 00 00 00 00 00 00 00 00 00  | ................
a0c0: 00 00 00 00 00 00 00 00 00 00 00 00 00 00 00 00  | ................
a0d0: 00 00 00 00 00 00 00 00 00 00 00 00 00 00 00 00  | ................
a0e0: 00 00 00 00 00 00 00 00 00 00 00 00 00 00 00 00  | ................
a0f0: 00 00 00 00 00 00 00 00 00 00 00 00 00 00 00 00  | ................
a100: 00 00 00 00 00 00 00 00 00 00 00 00 00 00 00 00  | ................
a110: 00 00 00 00 00 00 00 00 00 00 00 00 00 00 00 00  | ................
a120: 00 00 00 00 00 00 00 00 00 00 00 00 00 00 00 00  | ................
a130: 00 00 00 00 00 00 00 00 00 00 00 00 00 00 00 00  | ................
a140: 00 00 00 00 00 00 00 00 00 00 00 00 00 00 00 00  | ................
a150: 00 00 00 00 00 00 00 00 00 00 00 00 00 00 00 00  | ................
a160: 00 00 00 00 00 00 00 00 00 00 00 00 00 00 00 00  | ................
a170: 00 00 00 00 00 00 00 00 00 00 00 00 00 00 00 00  | ................
a180: 00 00 00 00 00 00 00 00 00 00 00 00 00 00 00 00  | ................
a190: 00 00 00 00 00 00 00 00 00 00 00 00 00 00 00 00  | ................
a1a0: 00 00 00 00 00 00 00 00 00 00 00 00 00 00 00 00  | ................
a1b0: 00 00 00 00 00 00 00 00 00 00 00 00 00 00 00 00  | ................
a1c0: 00 00 00 00 00 00 00 00 00 00 00 00 00 00 00 00  | ................
a1d0: 00 00 00 00 00 00 00 00 00 00 00 00 00 00 00 00  | ................
a1e0: 00 00 00 00 00 00 00 00 00 00 00 00 00 00 00 00  | ................
a1f0: 00 00 00 00 00 00 00 00 00 00 00 00 00 00 00 00  | ................
a200: 00 00 00 00 00 00 00 00 00 00 00 00 00 00 00 00  | ................
a210: 00 00 00 00 00 00 00 00 00 00 00 00 00 00 00 00  | ................
a220: 00 00 00 00 00 00 00 00 00 00 00 00 00 00 00 00  | ................
a230: 00 00 00 00 00 00 00 00 00 00 00 00 00 00 00 00  | ................
a240: 00 00 00 00 00 00 00 00 00 00 00 00 00 00 00 00  | ................
a250: 00 00 00 00 00 00 00 00 00 00 00 00 00 00 00 00  | ................
a260: 00 00 00 00 00 00 00 00 00 00 00 00 00 00 00 00  | ................
a270: 00 00 00 00 00 00 00 00 00 00 00 00 00 00 00 00  | ................
a280: 00 00 00 00 00 00 00 00 00 00 00 00 00 00 00 00  | ................
a290: 00 00 00 00 00 00 00 00 00 00 00 00 00 00 00 00  | ................
a2a0: 00 00 00 00 00 00 00 00 00 00 00 00 00 00 00 00  | ................
a2b0: 00 00 00 00 00 00 00 00 00 00 00 00 00 00 00 00  | ................
a2c0: 00 00 00 00 00 00 00 00 00 00 00 00 00 00 00 00  | ................
a2d0: 00 00 00 00 00 00 00 00 00 00 00 00 00 00 00 00  | ................
a2e0: 00 00 00 00 00 00 00 00 00 00 00 00 00 00 00 00  | ................
a2f0: 00 00 00 00 00 00 00 00 00 00 00 00 00 00 00 00  | ................
a300: 00 00 00 00 00 00 00 00 00 00 00 00 00 00 00 00  | ................
a310: 00 00 00 00 00 00 00 00 00 00 00 00 00 00 00 00  | ................
a320: 00 00 00 00 00 00 00 00 00 00 00 00 00 00 00 00  | ................
a330: 00 00 00 00 00 00 00 00 00 00 00 00 00 00 00 00  | ................
a340: 00 00 00 00 00 00 00 00 00 00 00 00 00 00 00 00  | ................
a350: 00 00 00 00 00 00 00 00 00 00 00 00 00 00 00 00  | ................
a360: 00 00 00 00 00 00 00 00 00 00 00 00 00 00 00 00  | ................
a370: 00 00 00 00 00 00 00 00 00 00 00 00 00 00 00 00  | ................
a380: 00 00 00 00 00 00 00 00 00 00 00 00 00 00 00 00  | ................
a390: 00 00 00 00 00 00 00 00 00 00 00 00 00 00 00 00  | ................
a3a0: 00 00 00 00 00 00 00 00 00 00 00 00 00 00 00 00  | ................
a3b0: 00 00 00 00 00 00 00 00 00 00 00 00 00 00 00 00  | ................
a3c0: 00 00 00 00 00 00 00 00 00 00 00 00 00 00 00 00  | ................
a3d0: 00 00 00 00 00 00 00 00 00 00 00 00 00 00 00 00  | ................
a3e0: 00 00 00 00 00 00 00 00 00 00 00 00 00 00 00 00  | ................
a3f0: 00 00 00 00 00 00 00 00 00 00 00 00 00 00 00 00  | ................
a400: 00 00 00 00 00 00 00 00 00 00 00 00 00 00 00 00  | ................
a410: 00 00 00 00 00 00 00 00 00 00 00 00 00 00 00 00  | ................
a420: 00 00 00 00 00 00 00 00 00 00 00 00 00 00 00 00  | ................
a430: 00 00 00 00 00 00 00 00 00 00 00 00 00 00 00 00  | ................
a440: 00 00 00 00 00 00 00 00 00 00 00 00 00 00 00 00  | ................
a450: 00 00 00 00 00 00 00 00 00 00 00 00 00 00 00 00  | ................
a460: 00 00 00 00 00 00 00 00 00 00 00 00 00 00 00 00  | ................
a470: 00 00 00 00 00 00 00 00 00 00 00 00 00 00 00 00  | ................
a480: 00 00 00 00 00 00 00 00 00 00 00 00 00 00 00 00  | ................
a490: 00 00 00 00 00 00 00 00 00 00 00 00 00 00 00 00  | ................
a4a0: 00 00 00 00 00 00 00 00 00 00 00 00 00 00 00 00  | ................
a4b0: 00 00 00 00 00 00 00 00 00 00 00 00 00 00 00 00  | ................
a4c0: 00 00 00 00 00 00 00 00 00 00 00 00 00 00 00 00  | ................
a4d0: 00 00 00 00 00 00 00 00 00 00 00 00 00 00 00 00  | ................
a4e0: 00 00 00 00 00 00 00 00 00 00 00 00 00 00 00 00  | ................
a4f0: 00 00 00 00 00 00 00 00 00 00 00 00 00 00 00 00  | ................
a500: 00 00 00 00 00 00 00 00 00 00 00 00 00 00 00 00  | ................
a510: 00 00 00 00 00 00 00 00 00 00 00 00 00 00 00 00  | ................
a520: 00 00 00 00 00 00 00 00 00 00 00 00 00 00 00 00  | ................
a530: 00 00 00 00 00 00 00 00 00 00 00 00 00 00 00 00  | ................
a540: 00 00 00 00 00 00 00 00 00 00 00 00 00 00 00 00  | ................
a550: 00 00 00 00 00 00 00 00 00 00 00 00 00 00 00 00  | ................
a560: 00 00 00 00 00 00 00 00 00 00 00 00 00 00 00 00  | ................
a570: 00 00 00 00 00 00 00 00 00 00 00 00 00 00 00 00  | ................
a580: 00 00 00 00 00 00 00 00 00 00 00 00 00 00 00 00  | ................
a590: 00 00 00 00 00 00 00 00 00 00 00 00 00 00 00 00  | ................
a5a0: 00 00 00 00 00 00 00 00 00 00 00 00 00 00 00 00  | ................
a5b0: 00 00 00 00 00 00 00 00 00 00 00 00 00 00 00 00  | ................
a5c0: 00 00 00 00 00 00 00 00 00 00 00 00 00 00 00 00  | ................
a5d0: 00 00 00 00 00 00 00 00 00 00 00 00 00 00 00 00  | ................
a5e0: 00 00 00 00 00 00 00 00 00 00 00 00 00 00 00 00  | ................
a5f0: 00 00 00 00 00 00 00 00 00 00 00 00 00 00 00 00  | ................
a600: 00 00 00 00 00 00 00 00 00 00 00 00 00 00 00 00  | ................
a610: 00 00 00 00 00 00 00 00 00 00 00 00 00 00 00 00  | ................
a620: 00 00 00 00 00 00 00 00 00 00 00 00 00 00 00 00  | ................
a630: 00 00 00 00 00 00 00 00 00 00 00 00 00 00 00 00  | ................
a640: 00 00 00 00 00 00 00 00 00 00 00 00 00 00 00 00  | ................
a650: 00 00 00 00 00 00 00 00 00 00 00 00 00 00 00 00  | ................
a660: 00 00 00 00 00 00 00 00 00 00 00 00 00 00 00 00  | ................
a670: 00 00 00 00 00 00 00 00 00 00 00 00 00 00 00 00  | ................
a680: 00 00 00 00 00 00 00 00 00 00 00 00 00 00 00 00  | ................
a690: 00 00 00 00 00 00 00 00 00 00 00 00 00 00 00 00  | ................
a6a0: 00 00 00 00 00 00 00 00 00 00 00 00 00 00 00 00  | ................
a6b0: 00 00 00 00 00 00 00 00 00 00 00 00 00 00 00 00  | ................
a6c0: 00 00 00 00 00 00 00 00 00 00 00 00 00 00 00 00  | ................
a6d0: 00 00 00 00 00 00 00 00 00 00 00 00 00 00 00 00  | ................
a6e0: 00 00 00 00 00 00 00 00 00 00 00 00 00 00 00 00  | ................
a6f0: 00 00 00 00 00 00 00 00 00 00 00 00 00 00 00 00  | ................
a700: 00 00 00 00 00 00 00 00 00 00 00 00 00 00 00 00  | ................
a710: 00 00 00 00 00 00 00 00 00 00 00 00 00 00 00 00  | ................
a720: 00 00 00 00 00 00 00 00 00 00 00 00 00 00 00 00  | ................
a730: 00 00 00 00 00 00 00 00 00 00 00 00 00 00 00 00  | ................
a740: 00 00 00 00 00 00 00 00 00 00 00 00 00 00 00 00  | ................
a750: 00 00 00 00 00 00 00 00 00 00 00 00 00 00 00 00  | ................
a760: 00 00 00 00 00 00 00 00 00 00 00 00 00 00 00 00  | ................
a770: 00 00 00 00 00 00 00 00 00 00 00 00 00 00 00 00  | ................
a780: 00 00 00 00 00 00 00 00 00 00 00 00 00 00 00 00  | ................
a790: 00 00 00 00 00 00 00 00 00 00 00 00 00 00 00 00  | ................
a7a0: 00 00 00 00 00 00 00 00 00 00 00 00 00 00 00 00  | ................
a7b0: 00 00 00 00 00 00 00 00 00 00 00 00 00 00 00 00  | ................
a7c0: 00 00 00 00 00 00 00 00 00 00 00 00 00 00 00 00  | ................
a7d0: 00 00 00 00 00 00 00 00 00 00 00 00 00 00 00 00  | ................
a7e0: 00 00 00 00 00 00 00 00 00 00 00 00 00 00 00 00  | ................
a7f0: 00 00 00 00 00 00 00 00 00 00 00 00 00 00 00 00  | ................
a800: 00 00 00 00 00 00 00 00 00 00 00 00 00 00 00 00  | ................
a810: 00 00 00 00 00 00 00 00 00 00 00 00 00 00 00 00  | ................
a820: 00 00 00 00 00 00 00 00 00 00 00 00 00 00 00 00  | ................
a830: 00 00 00 00 00 00 00 00 00 00 00 00 00 00 00 00  | ................
a840: 00 00 00 00 00 00 00 00 00 00 00 00 00 00 00 00  | ................
a850: 00 00 00 00 00 00 00 00 00 00 00 00 00 00 00 00  | ................
a860: 00 00 00 00 00 00 00 00 00 00 00 00 00 00 00 00  | ................
a870: 00 00 00 00 00 00 00 00 00 00 00 00 00 00 00 00  | ................
a880: 00 00 00 00 00 00 00 00 00 00 00 00 00 00 00 00  | ................
a890: 00 00 00 00 00 00 00 00 00 00 00 00 00 00 00 00  | ................
a8a0: 00 00 00 00 00 00 00 00 00 00 00 00 00 00 00 00  | ................
a8b0: 00 00 00 00 00 00 00 00 00 00 00 00 00 00 00 00  | ................
a8c0: 00 00 00 00 00 00 00 00 00 00 00 00 00 00 00 00  | ................
a8d0: 00 00 00 00 00 00 00 00 00 00 00 00 00 00 00 00  | ................
a8e0: 00 00 00 00 00 00 00 00 00 00 00 00 00 00 00 00  | ................
a8f0: 00 00 00 00 00 00 00 00 00 00 00 00 00 00 00 00  | ................
a900: 00 00 00 00 00 00 00 00 00 00 00 00 00 00 00 00  | ................
a910: 00 00 00 00 00 00 00 00 00 00 00 00 00 00 00 00  | ................
a920: 00 00 00 00 00 00 00 00 00 00 00 00 00 00 00 00  | ................
a930: 00 00 00 00 00 00 00 00 00 00 00 00 00 00 00 00  | ................
a940: 00 00 00 00 00 00 00 00 00 00 00 00 00 00 00 00  | ................
a950: 00 00 00 00 00 00 00 00 00 00 00 00 00 00 00 00  | ................
a960: 00 00 00 00 00 00 00 00 00 00 00 00 00 00 00 00  | ................
a970: 00 00 00 00 00 00 00 00 00 00 00 00 00 00 00 00  | ................
a980: 00 00 00 00 00 00 00 00 00 00 00 00 00 00 00 00  | ................
a990: 00 00 00 00 00 00 00 00 00 00 00 00 00 00 00 00  | ................
a9a0: 00 00 00 00 00 00 00 00 00 00 00 00 00 00 00 00  | ................
a9b0: 00 00 00 00 00 00 00 00 00 00 00 00 00 00 00 00  | ................
a9c0: 00 00 00 00 00 00 00 00 00 00 00 00 00 00 00 00  | ................
a9d0: 00 00 00 00 00 00 00 00 00 00 00 00 00 00 00 00  | ................
a9e0: 00 00 00 00 00 00 00 00 00 00 00 00 00 00 00 00  | ................
a9f0: 00 00 00 00 00 00 00 00 00 00 00 00 00 00 00 00  | ................
aa00: 00 00 00 00 00 00 00 00 00 00 00 00 00 00 00 00  | ................
aa10: 00 00 00 00 00 00 00 00 00 00 00 00 00 00 00 00  | ................
aa20: 00 00 00 00 00 00 00 00 00 00 00 00 00 00 00 00  | ................
aa30: 00 00 00 00 00 00 00 00 00 00 00 00 00 00 00 00  | ................
aa40: 00 00 00 00 00 00 00 00 00 00 00 00 00 00 00 00  | ................
aa50: 00 00 00 00 00 00 00 00 00 00 00 00 00 00 00 00  | ................
aa60: 00 00 00 00 00 00 00 00 00 00 00 00 00 00 00 00  | ................
aa70: 00 00 00 00 00 00 00 00 00 00 00 00 00 00 00 00  | ................
aa80: 00 00 00 00 00 00 00 00 00 00 00 00 00 00 00 00  | ................
aa90: 00 00 00 00 00 00 00 00 00 00 00 00 00 00 00 00  | ................
aaa0: 00 00 00 00 00 00 00 00 00 00 00 00 00 00 00 00  | ................
aab0: 00 00 00 00 00 00 00 00 00 00 00 00 00 00 00 00  | ................
aac0: 00 00 00 00 00 00 00 00 00 00 00 00 00 00 00 00  | ................
aad0: 00 00 00 00 00 00 00 00 00 00 00 00 00 00 00 00  | ................
aae0: 00 00 00 00 00 00 00 00 00 00 00 00 00 00 00 00  | ................
aaf0: 00 00 00 00 00 00 00 00 00 00 00 00 00 00 00 00  | ................
ab00: 00 00 00 00 00 00 00 00 00 00 00 00 00 00 00 00  | ................
ab10: 00 00 00 00 00 00 00 00 00 00 00 00 00 00 00 00  | ................
ab20: 00 00 00 00 00 00 00 00 00 00 00 00 00 00 00 00  | ................
ab30: 00 00 00 00 00 00 00 00 00 00 00 00 00 00 00 00  | ................
ab40: 00 00 00 00 00 00 00 00 00 00 00 00 00 00 00 00  | ................
ab50: 00 00 00 00 00 00 00 00 00 00 00 00 00 00 00 00  | ................
ab60: 00 00 00 00 00 00 00 00 00 00 00 00 00 00 00 00  | ................
ab70: 00 00 00 00 00 00 00 00 00 00 00 00 00 00 00 00  | ................
ab80: 00 00 00 00 00 00 00 00 00 00 00 00 00 00 00 00  | ................
ab90: 00 00 00 00 00 00 00 00 00 00 00 00 00 00 00 00  | ................
aba0: 00 00 00 00 00 00 00 00 00 00 00 00 00 00 00 00  | ................
abb0: 00 00 00 00 00 00 00 00 00 00 00 00 00 00 00 00  | ................
abc0: 00 00 00 00 00 00 00 00 00 00 00 00 00 00 00 00  | ................
abd0: 00 00 00 00 00 00 00 00 00 00 00 00 00 00 00 00  | ................
abe0: 00 00 00 00 00 00 00 00 00 00 00 00 00 00 00 00  | ................
abf0: 00 00 00 00 00 00 00 00 00 00 00 00 00 00 00 00  | ................
ac00: 00 00 00 00 00 00 00 00 00 00 00 00 00 00 00 00  | ................
ac10: 00 00 00 00 00 00 00 00 00 00 00 00 00 00 00 00  | ................
ac20: 00 00 00 00 00 00 00 00 00 00 00 00 00 00 00 00  | ................
ac30: 00 00 00 00 00 00 00 00 00 00 00 00 00 00 00 00  | ................
ac40: 00 00 00 00 00 00 00 00 00 00 00 00 00 00 00 00  | ................
ac50: 00 00 00 00 00 00 00 00 00 00 00 00 00 00 00 00  | ................
ac60: 00 00 00 00 00 00 00 00 00 00 00 00 00 00 00 00  | ................
ac70: 00 00 00 00 00 00 00 00 00 00 00 00 00 00 00 00  | ................
ac80: 00 00 00 00 00 00 00 00 00 00 00 00 00 00 00 00  | ................
ac90: 00 00 00 00 00 00 00 00 00 00 00 00 00 00 00 00  | ................
aca0: 00 00 00 00 00 00 00 00 00 00 00 00 00 00 00 00  | ................
acb0: 00 00 00 00 00 00 00 00 00 00 00 00 00 00 00 00  | ................
acc0: 00 00 00 00 00 00 00 00 00 00 00 00 00 00 00 00  | ................
acd0: 00 00 00 00 00 00 00 00 00 00 00 00 00 00 00 00  | ................
ace0: 00 00 00 00 00 00 00 00 00 00 00 00 00 00 00 00  | ................
acf0: 00 00 00 00 00 00 00 00 00 00 00 00 00 00 00 00  | ................
ad00: 00 00 00 00 00 00 00 00 00 00 00 00 00 00 00 00  | ................
ad10: 00 00 00 00 00 00 00 00 00 00 00 00 00 00 00 00  | ................
ad20: 00 00 00 00 00 00 00 00 00 00 00 00 00 00 00 00  | ................
ad30: 00 00 00 00 00 00 00 00 00 00 00 00 00 00 00 00  | ................
ad40: 00 00 00 00 00 00 00 00 00 00 00 00 00 00 00 00  | ................
ad50: 00 00 00 00 00 00 00 00 00 00 00 00 00 00 00 00  | ................
ad60: 00 00 00 00 00 00 00 00 00 00 00 00 00 00 00 00  | ................
ad70: 00 00 00 00 00 00 00 00 00 00 00 00 00 00 00 00  | ................
ad80: 00 00 00 00 00 00 00 00 00 00 00 00 00 00 00 00  | ................
ad90: 00 00 00 00 00 00 00 00 00 00 00 00 00 00 00 00  | ................
ada0: 00 00 00 00 00 00 00 00 00 00 00 00 00 00 00 00  | ................
adb0: 00 00 00 00 00 00 00 00 00 00 00 00 00 00 00 00  | ................
adc0: 00 00 00 00 00 00 00 00 00 00 00 00 00 00 00 00  | ................
add0: 00 00 00 00 00 00 00 00 00 00 00 00 00 00 00 00  | ................
ade0: 00 00 00 00 00 00 00 00 00 00 00 00 00 00 00 00  | ................
adf0: 00 00 00 00 00 00 00 00 00 00 00 00 00 00 00 00  | ................
ae00: 00 00 00 00 00 00 00 00 00 00 00 00 00 00 00 00  | ................
ae10: 00 00 00 00 00 00 00 00 00 00 00 00 00 00 00 00  | ................
ae20: 00 00 00 00 00 00 00 00 00 00 00 00 00 00 00 00  | ................
ae30: 00 00 00 00 00 00 00 00 00 00 00 00 00 00 00 00  | ................
ae40: 00 00 00 00 00 00 00 00 00 00 00 00 00 00 00 00  | ................
ae50: 00 00 00 00 00 00 00 00 00 00 00 00 00 00 00 00  | ................
ae60: 00 00 00 00 00 00 00 00 00 00 00 00 00 00 00 00  | ................
ae70: 00 00 00 00 00 00 00 00 00 00 00 00 00 00 00 00  | ................
ae80: 00 00 00 00 00 00 00 00 00 00 00 00 00 00 00 00  | ................
ae90: 00 00 00 00 00 00 00 00 00 00 00 00 00 00 00 00  | ................
aea0: 00 00 00 00 00 00 00 00 00 00 00 00 00 00 00 00  | ................
aeb0: 00 00 00 00 00 00 00 00 00 00 00 00 00 00 00 00  | ................
aec0: 00 00 00 00 00 00 00 00 00 00 00 00 00 00 00 00  | ................
aed0: 00 00 00 00 00 00 00 00 00 00 00 00 00 00 00 00  | ................
aee0: 00 00 00 00 00 00 00 00 00 00 00 00 00 00 00 00  | ................
aef0: 00 00 00 00 00 00 00 00 00 00 00 00 00 00 00 00  | ................
af00: 00 00 00 00 00 00 00 00 00 00 00 00 00 00 00 00  | ................
af10: 00 00 00 00 00 00 00 00 00 00 00 00 00 00 00 00  | ................
af20: 00 00 00 00 00 00 00 00 00 00 00 00 00 00 00 00  | ................
af30: 00 00 00 00 00 00 00 00 00 00 00 00 00 00 00 00  | ................
af40: 00 00 00 00 00 00 00 00 00 00 00 00 00 00 00 00  | ................
af50: 00 00 00 00 00 00 00 00 00 00 00 00 00 00 00 00  | ................
af60: 00 00 00 00 00 00 00 00 00 00 00 00 00 00 00 00  | ................
af70: 00 00 00 00 00 00 00 00 00 00 00 00 00 00 00 00  | ................
af80: 00 00 00 00 00 00 00 00 00 00 00 00 00 00 00 00  | ................
af90: 00 00 00 00 00 00 00 00 00 00 00 00 00 00 00 00  | ................
afa0: 00 00 00 00 00 00 00 00 00 00 00 00 00 00 00 00  | ................
afb0: 00 00 00 00 00 00 00 00 00 00 00 00 00 00 00 00  | ................
afc0: 00 00 00 00 00 00 00 00 00 00 00 00 00 00 00 00  | ................
afd0: 00 00 00 00 00 00 00 00 00 00 00 00 00 00 00 00  | ................
afe0: 00 00 00 00 00 00 00 00 00 00 00 00 00 00 00 00  | ................
aff0: 00 00 00 00 00 00 00 00 00 00 00 00 00 00 00 00  | ................
b000: 00 00 00 00 00 00 00 00 00 00 00 00 00 00 00 00  | ................
b010: 00 00 00 00 00 00 00 00 00 00 00 00 00 00 00 00  | ................
b020: 00 00 00 00 00 00 00 00 00 00 00 00 00 00 00 00  | ................
b030: 00 00 00 00 00 00 00 00 00 00 00 00 00 00 00 00  | ................
b040: 00 00 00 00 00 00 00 00 00 00 00 00 00 00 00 00  | ................
b050: 00 00 00 00 00 00 00 00 00 00 00 00 00 00 00 00  | ................
b060: 00 00 00 00 00 00 00 00 00 00 00 00 00 00 00 00  | ................
b070: 00 00 00 00 00 00 00 00 00 00 00 00 00 00 00 00  | ................
b080: 00 00 00 00 00 00 00 00 00 00 00 00 00 00 00 00  | ................
b090: 00 00 00 00 00 00 00 00 00 00 00 00 00 00 00 00  | ................
b0a0: 00 00 00 00 00 00 00 00 00 00 00 00 00 00 00 00  | ................
b0b0: 00 00 00 00 00 00 00 00 00 00 00 00 00 00 00 00  | ................
b0c0: 00 00 00 00 00 00 00 00 00 00 00 00 00 00 00 00  | ................
b0d0: 00 00 00 00 00 00 00 00 00 00 00 00 00 00 00 00  | ................
b0e0: 00 00 00 00 00 00 00 00 00 00 00 00 00 00 00 00  | ................
b0f0: 00 00 00 00 00 00 00 00 00 00 00 00 00 00 00 00  | ................
b100: 00 00 00 00 00 00 00 00 00 00 00 00 00 00 00 00  | ................
b110: 00 00 00 00 00 00 00 00 00 00 00 00 00 00 00 00  | ................
b120: 00 00 00 00 00 00 00 00 00 00 00 00 00 00 00 00  | ................
b130: 00 00 00 00 00 00 00 00 00 00 00 00 00 00 00 00  | ................
b140: 00 00 00 00 00 00 00 00 00 00 00 00 00 00 00 00  | ................
b150: 00 00 00 00 00 00 00 00 00 00 00 00 00 00 00 00  | ................
b160: 00 00 00 00 00 00 00 00 00 00 00 00 00 00 00 00  | ................
b170: 00 00 00 00 00 00 00 00 00 00 00 00 00 00 00 00  | ................
b180: 00 00 00 00 00 00 00 00 00 00 00 00 00 00 00 00  | ................
b190: 00 00 00 00 00 00 00 00 00 00 00 00 00 00 00 00  | ................
b1a0: 00 00 00 00 00 00 00 00 00 00 00 00 00 00 00 00  | ................
b1b0: 00 00 00 00 00 00 00 00 00 00 00 00 00 00 00 00  | ................
b1c0: 00 00 00 00 00 00 00 00 00 00 00 00 00 00 00 00  | ................
b1d0: 00 00 00 00 00 00 00 00 00 00 00 00 00 00 00 00  | ................
b1e0: 00 00 00 00 00 00 00 00 00 00 00 00 00 00 00 00  | ................
b1f0: 00 00 00 00 00 00 00 00 00 00 00 00 00 00 00 00  | ................
b200: 00 00 00 00 00 00 00 00 00 00 00 00 00 00 00 00  | ................
b210: 00 00 00 00 00 00 00 00 00 00 00 00 00 00 00 00  | ................
b220: 00 00 00 00 00 00 00 00 00 00 00 00 00 00 00 00  | ................
b230: 00 00 00 00 00 00 00 00 00 00 00 00 00 00 00 00  | ................
b240: 00 00 00 00 00 00 00 00 00 00 00 00 00 00 00 00  | ................
b250: 00 00 00 00 00 00 00 00 00 00 00 00 00 00 00 00  | ................
b260: 00 00 00 00 00 00 00 00 00 00 00 00 00 00 00 00  | ................
b270: 00 00 00 00 00 00 00 00 00 00 00 00 00 00 00 00  | ................
b280: 00 00 00 00 00 00 00 00 00 00 00 00 00 00 00 00  | ................
b290: 00 00 00 00 00 00 00 00 00 00 00 00 00 00 00 00  | ................
b2a0: 00 00 00 00 00 00 00 00 00 00 00 00 00 00 00 00  | ................
b2b0: 00 00 00 00 00 00 00 00 00 00 00 00 00 00 00 00  | ................
b2c0: 00 00 00 00 00 00 00 00 00 00 00 00 00 00 00 00  | ................
b2d0: 00 00 00 00 00 00 00 00 00 00 00 00 00 00 00 00  | ................
b2e0: 00 00 00 00 00 00 00 00 00 00 00 00 00 00 00 00  | ................
b2f0: 00 00 00 00 00 00 00 00 00 00 00 00 00 00 00 00  | ................
b300: 00 00 00 00 00 00 00 00 00 00 00 00 00 00 00 00  | ................
b310: 00 00 00 00 00 00 00 00 00 00 00 00 00 00 00 00  | ................
b320: 00 00 00 00 00 00 00 00 00 00 00 00 00 00 00 00  | ................
b330: 00 00 00 00 00 00 00 00 00 00 00 00 00 00 00 00  | ................
b340: 00 00 00 00 00 00 00 00 00 00 00 00 00 00 00 00  | ................
b350: 00 00 00 00 00 00 00 00 00 00 00 00 00 00 00 00  | ................
b360: 00 00 00 00 00 00 00 00 00 00 00 00 00 00 00 00  | ................
b370: 00 00 00 00 00 00 00 00 00 00 00 00 00 00 00 00  | ................
b380: 00 00 00 00 00 00 00 00 00 00 00 00 00 00 00 00  | ................
b390: 00 00 00 00 00 00 00 00 00 00 00 00 00 00 00 00  | ................
b3a0: 00 00 00 00 00 00 00 00 00 00 00 00 00 00 00 00  | ................
b3b0: 00 00 00 00 00 00 00 00 00 00 00 00 00 00 00 00  | ................
b3c0: 00 00 00 00 00 00 00 00 00 00 00 00 00 00 00 00  | ................
b3d0: 00 00 00 00 00 00 00 00 00 00 00 00 00 00 00 00  | ................
b3e0: 00 00 00 00 00 00 00 00 00 00 00 00 00 00 00 00  | ................
b3f0: 00 00 00 00 00 00 00 00 00 00 00 00 00 00 00 00  | ................
b400: 00 00 00 00 00 00 00 00 00 00 00 00 00 00 00 00  | ................
b410: 00 00 00 00 00 00 00 00 00 00 00 00 00 00 00 00  | ................
b420: 00 00 00 00 00 00 00 00 00 00 00 00 00 00 00 00  | ................
b430: 00 00 00 00 00 00 00 00 00 00 00 00 00 00 00 00  | ................
b440: 00 00 00 00 00 00 00 00 00 00 00 00 00 00 00 00  | ................
b450: 00 00 00 00 00 00 00 00 00 00 00 00 00 00 00 00  | ................
b460: 00 00 00 00 00 00 00 00 00 00 00 00 00 00 00 00  | ................
b470: 00 00 00 00 00 00 00 00 00 00 00 00 00 00 00 00  | ................
b480: 00 00 00 00 00 00 00 00 00 00 00 00 00 00 00 00  | ................
b490: 00 00 00 00 00 00 00 00 00 00 00 00 00 00 00 00  | ................
b4a0: 00 00 00 00 00 00 00 00 00 00 00 00 00 00 00 00  | ................
b4b0: 00 00 00 00 00 00 00 00 00 00 00 00 00 00 00 00  | ................
b4c0: 00 00 00 00 00 00 00 00 00 00 00 00 00 00 00 00  | ................
b4d0: 00 00 00 00 00 00 00 00 00 00 00 00 00 00 00 00  | ................
b4e0: 00 00 00 00 00 00 00 00 00 00 00 00 00 00 00 00  | ................
b4f0: 00 00 00 00 00 00 00 00 00 00 00 00 00 00 00 00  | ................
b500: 00 00 00 00 00 00 00 00 00 00 00 00 00 00 00 00  | ................
b510: 00 00 00 00 00 00 00 00 00 00 00 00 00 00 00 00  | ................
b520: 00 00 00 00 00 00 00 00 00 00 00 00 00 00 00 00  | ................
b530: 00 00 00 00 00 00 00 00 00 00 00 00 00 00 00 00  | ................
b540: 00 00 00 00 00 00 00 00 00 00 00 00 00 00 00 00  | ................
b550: 00 00 00 00 00 00 00 00 00 00 00 00 00 00 00 00  | ................
b560: 00 00 00 00 00 00 00 00 00 00 00 00 00 00 00 00  | ................
b570: 00 00 00 00 00 00 00 00 00 00 00 00 00 00 00 00  | ................
b580: 00 00 00 00 00 00 00 00 00 00 00 00 00 00 00 00  | ................
b590: 00 00 00 00 00 00 00 00 00 00 00 00 00 00 00 00  | ................
b5a0: 00 00 00 00 00 00 00 00 00 00 00 00 00 00 00 00  | ................
b5b0: 00 00 00 00 00 00 00 00 00 00 00 00 00 00 00 00  | ................
b5c0: 00 00 00 00 00 00 00 00 00 00 00 00 00 00 00 00  | ................
b5d0: 00 00 00 00 00 00 00 00 00 00 00 00 00 00 00 00  | ................
b5e0: 00 00 00 00 00 00 00 00 00 00 00 00 00 00 00 00  | ................
b5f0: 00 00 00 00 00 00 00 00 00 00 00 00 00 00 00 00  | ................
b600: 00 00 00 00 00 00 00 00 00 00 00 00 00 00 00 00  | ................
b610: 00 00 00 00 00 00 00 00 00 00 00 00 00 00 00 00  | ................
b620: 00 00 00 00 00 00 00 00 00 00 00 00 00 00 00 00  | ................
b630: 00 00 00 00 00 00 00 00 00 00 00 00 00 00 00 00  | ................
b640: 00 00 00 00 00 00 00 00 00 00 00 00 00 00 00 00  | ................
b650: 00 00 00 00 00 00 00 00 00 00 00 00 00 00 00 00  | ................
b660: 00 00 00 00 00 00 00 00 00 00 00 00 00 00 00 00  | ................
b670: 00 00 00 00 00 00 00 00 00 00 00 00 00 00 00 00  | ................
b680: 00 00 00 00 00 00 00 00 00 00 00 00 00 00 00 00  | ................
b690: 00 00 00 00 00 00 00 00 00 00 00 00 00 00 00 00  | ................
b6a0: 00 00 00 00 00 00 00 00 00 00 00 00 00 00 00 00  | ................
b6b0: 00 00 00 00 00 00 00 00 00 00 00 00 00 00 00 00  | ................
b6c0: 00 00 00 00 00 00 00 00 00 00 00 00 00 00 00 00  | ................
b6d0: 00 00 00 00 00 00 00 00 00 00 00 00 00 00 00 00  | ................
b6e0: 00 00 00 00 00 00 00 00 00 00 00 00 00 00 00 00  | ................
b6f0: 00 00 00 00 00 00 00 00 00 00 00 00 00 00 00 00  | ................
b700: 00 00 00 00 00 00 00 00 00 00 00 00 00 00 00 00  | ................
b710: 00 00 00 00 00 00 00 00 00 00 00 00 00 00 00 00  | ................
b720: 00 00 00 00 00 00 00 00 00 00 00 00 00 00 00 00  | ................
b730: 00 00 00 00 00 00 00 00 00 00 00 00 00 00 00 00  | ................
b740: 00 00 00 00 00 00 00 00 00 00 00 00 00 00 00 00  | ................
b750: 00 00 00 00 00 00 00 00 00 00 00 00 00 00 00 00  | ................
b760: 00 00 00 00 00 00 00 00 00 00 00 00 00 00 00 00  | ................
b770: 00 00 00 00 00 00 00 00 00 00 00 00 00 00 00 00  | ................
b780: 00 00 00 00 00 00 00 00 00 00 00 00 00 00 00 00  | ................
b790: 00 00 00 00 00 00 00 00 00 00 00 00 00 00 00 00  | ................
b7a0: 00 00 00 00 00 00 00 00 00 00 00 00 00 00 00 00  | ................
b7b0: 00 00 00 00 00 00 00 00 00 00 00 00 00 00 00 00  | ................
b7c0: 00 00 00 00 00 00 00 00 00 00 00 00 00 00 00 00  | ................
b7d0: 00 00 00 00 00 00 00 00 00 00 00 00 00 00 00 00  | ................
b7e0: 00 00 00 00 00 00 00 00 00 00 00 00 00 00 00 00  | ................
b7f0: 00 00 00 00 00 00 00 00 00 00 00 00 00 00 00 00  | ................
b800: 00 00 00 00 00 00 00 00 00 00 00 00 00 00 00 00  | ................
b810: 00 00 00 00 00 00 00 00 00 00 00 00 00 00 00 00  | ................
b820: 00 00 00 00 00 00 00 00 00 00 00 00 00 00 00 00  | ................
b830: 00 00 00 00 00 00 00 00 00 00 00 00 00 00 00 00  | ................
b840: 00 00 00 00 00 00 00 00 00 00 00 00 00 00 00 00  | ................
b850: 00 00 00 00 00 00 00 00 00 00 00 00 00 00 00 00  | ................
b860: 00 00 00 00 00 00 00 00 00 00 00 00 00 00 00 00  | ................
b870: 00 00 00 00 00 00 00 00 00 00 00 00 00 00 00 00  | ................
b880: 00 00 00 00 00 00 00 00 00 00 00 00 00 00 00 00  | ................
b890: 00 00 00 00 00 00 00 00 00 00 00 00 00 00 00 00  | ................
b8a0: 00 00 00 00 00 00 00 00 00 00 00 00 00 00 00 00  | ................
b8b0: 00 00 00 00 00 00 00 00 00 00 00 00 00 00 00 00  | ................
b8c0: 00 00 00 00 00 00 00 00 00 00 00 00 00 00 00 00  | ................
b8d0: 00 00 00 00 00 00 00 00 00 00 00 00 00 00 00 00  | ................
b8e0: 00 00 00 00 00 00 00 00 00 00 00 00 00 00 00 00  | ................
b8f0: 00 00 00 00 00 00 00 00 00 00 00 00 00 00 00 00  | ................
b900: 00 00 00 00 00 00 00 00 00 00 00 00 00 00 00 00  | ................
b910: 00 00 00 00 00 00 00 00 00 00 00 00 00 00 00 00  | ................
b920: 00 00 00 00 00 00 00 00 00 00 00 00 00 00 00 00  | ................
b930: 00 00 00 00 00 00 00 00 00 00 00 00 00 00 00 00  | ................
b940: 00 00 00 00 00 00 00 00 00 00 00 00 00 00 00 00  | ................
b950: 00 00 00 00 00 00 00 00 00 00 00 00 00 00 00 00  | ................
b960: 00 00 00 00 00 00 00 00 00 00 00 00 00 00 00 00  | ................
b970: 00 00 00 00 00 00 00 00 00 00 00 00 00 00 00 00  | ................
b980: 00 00 00 00 00 00 00 00 00 00 00 00 00 00 00 00  | ................
b990: 00 00 00 00 00 00 00 00 00 00 00 00 00 00 00 00  | ................
b9a0: 00 00 00 00 00 00 00 00 00 00 00 00 00 00 00 00  | ................
b9b0: 00 00 00 00 00 00 00 00 00 00 00 00 00 00 00 00  | ................
b9c0: 00 00 00 00 00 00 00 00 00 00 00 00 00 00 00 00  | ................
b9d0: 00 00 00 00 00 00 00 00 00 00 00 00 00 00 00 00  | ................
b9e0: 00 00 00 00 00 00 00 00 00 00 00 00 00 00 00 00  | ................
b9f0: 00 00 00 00 00 00 00 00 00 00 00 00 00 00 00 00  | ................
ba00: 00 00 00 00 00 00 00 00 00 00 00 00 00 00 00 00  | ................
ba10: 00 00 00 00 00 00 00 00 00 00 00 00 00 00 00 00  | ................
ba20: 00 00 00 00 00 00 00 00 00 00 00 00 00 00 00 00  | ................
ba30: 00 00 00 00 00 00 00 00 00 00 00 00 00 00 00 00  | ................
ba40: 00 00 00 00 00 00 00 00 00 00 00 00 00 00 00 00  | ................
ba50: 00 00 00 00 00 00 00 00 00 00 00 00 00 00 00 00  | ................
ba60: 00 00 00 00 00 00 00 00 00 00 00 00 00 00 00 00  | ................
ba70: 00 00 00 00 00 00 00 00 00 00 00 00 00 00 00 00  | ................
ba80: 00 00 00 00 00 00 00 00 00 00 00 00 00 00 00 00  | ................
ba90: 00 00 00 00 00 00 00 00 00 00 00 00 00 00 00 00  | ................
baa0: 00 00 00 00 00 00 00 00 00 00 00 00 00 00 00 00  | ................
bab0: 00 00 00 00 00 00 00 00 00 00 00 00 00 00 00 00  | ................
bac0: 00 00 00 00 00 00 00 00 00 00 00 00 00 00 00 00  | ................
bad0: 00 00 00 00 00 00 00 00 00 00 00 00 00 00 00 00  | ................
bae0: 00 00 00 00 00 00 00 00 00 00 00 00 00 00 00 00  | ................
baf0: 00 00 00 00 00 00 00 00 00 00 00 00 00 00 00 00  | ................
bb00: 00 00 00 00 00 00 00 00 00 00 00 00 00 00 00 00  | ................
bb10: 00 00 00 00 00 00 00 00 00 00 00 00 00 00 00 00  | ................
bb20: 00 00 00 00 00 00 00 00 00 00 00 00 00 00 00 00  | ................
bb30: 00 00 00 00 00 00 00 00 00 00 00 00 00 00 00 00  | ................
bb40: 00 00 00 00 00 00 00 00 00 00 00 00 00 00 00 00  | ................
bb50: 00 00 00 00 00 00 00 00 00 00 00 00 00 00 00 00  | ................
bb60: 00 00 00 00 00 00 00 00 00 00 00 00 00 00 00 00  | ................
bb70: 00 00 00 00 00 00 00 00 00 00 00 00 00 00 00 00  | ................
bb80: 00 00 00 00 00 00 00 00 00 00 00 00 00 00 00 00  | ................
bb90: 00 00 00 00 00 00 00 00 00 00 00 00 00 00 00 00  | ................
bba0: 00 00 00 00 00 00 00 00 00 00 00 00 00 00 00 00  | ................
bbb0: 00 00 00 00 00 00 00 00 00 00 00 00 00 00 00 00  | ................
bbc0: 00 00 00 00 00 00 00 00 00 00 00 00 00 00 00 00  | ................
bbd0: 00 00 00 00 00 00 00 00 00 00 00 00 00 00 00 00  | ................
bbe0: 00 00 00 00 00 00 00 00 00 00 00 00 00 00 00 00  | ................
bbf0: 00 00 00 00 00 00 00 00 00 00 00 00 00 00 00 00  | ................
bc00: 00 00 00 00 00 00 00 00 00 00 00 00 00 00 00 00  | ................
bc10: 00 00 00 00 00 00 00 00 00 00 00 00 00 00 00 00  | ................
bc20: 00 00 00 00 00 00 00 00 00 00 00 00 00 00 00 00  | ................
bc30: 00 00 00 00 00 00 00 00 00 00 00 00 00 00 00 00  | ................
bc40: 00 00 00 00 00 00 00 00 00 00 00 00 00 00 00 00  | ................
bc50: 00 00 00 00 00 00 00 00 00 00 00 00 00 00 00 00  | ................
bc60: 00 00 00 00 00 00 00 00 00 00 00 00 00 00 00 00  | ................
bc70: 00 00 00 00 00 00 00 00 00 00 00 00 00 00 00 00  | ................
bc80: 00 00 00 00 00 00 00 00 00 00 00 00 00 00 00 00  | ................
bc90: 00 00 00 00 00 00 00 00 00 00 00 00 00 00 00 00  | ................
bca0: 00 00 00 00 00 00 00 00 00 00 00 00 00 00 00 00  | ................
bcb0: 00 00 00 00 00 00 00 00 00 00 00 00 00 00 00 00  | ................
bcc0: 00 00 00 00 00 00 00 00 00 00 00 00 00 00 00 00  | ................
bcd0: 00 00 00 00 00 00 00 00 00 00 00 00 00 00 00 00  | ................
bce0: 00 00 00 00 00 00 00 00 00 00 00 00 00 00 00 00  | ................
bcf0: 00 00 00 00 00 00 00 00 00 00 00 00 00 00 00 00  | ................
bd00: 00 00 00 00 00 00 00 00 00 00 00 00 00 00 00 00  | ................
bd10: 00 00 00 00 00 00 00 00 00 00 00 00 00 00 00 00  | ................
bd20: 00 00 00 00 00 00 00 00 00 00 00 00 00 00 00 00  | ................
bd30: 00 00 00 00 00 00 00 00 00 00 00 00 00 00 00 00  | ................
bd40: 00 00 00 00 00 00 00 00 00 00 00 00 00 00 00 00  | ................
bd50: 00 00 00 00 00 00 00 00 00 00 00 00 00 00 00 00  | ................
bd60: 00 00 00 00 00 00 00 00 00 00 00 00 00 00 00 00  | ................
bd70: 00 00 00 00 00 00 00 00 00 00 00 00 00 00 00 00  | ................
bd80: 00 00 00 00 00 00 00 00 00 00 00 00 00 00 00 00  | ................
bd90: 00 00 00 00 00 00 00 00 00 00 00 00 00 00 00 00  | ................
bda0: 00 00 00 00 00 00 00 00 00 00 00 00 00 00 00 00  | ................
bdb0: 00 00 00 00 00 00 00 00 00 00 00 00 00 00 00 00  | ................
bdc0: 00 00 00 00 00 00 00 00 00 00 00 00 00 00 00 00  | ................
bdd0: 00 00 00 00 00 00 00 00 00 00 00 00 00 00 00 00  | ................
bde0: 00 00 00 00 00 00 00 00 00 00 00 00 00 00 00 00  | ................
bdf0: 00 00 00 00 00 00 00 00 00 00 00 00 00 00 00 00  | ................
be00: 00 00 00 00 00 00 00 00 00 00 00 00 00 00 00 00  | ................
be10: 00 00 00 00 00 00 00 00 00 00 00 00 00 00 00 00  | ................
be20: 00 00 00 00 00 00 00 00 00 00 00 00 00 00 00 00  | ................
be30: 00 00 00 00 00 00 00 00 00 00 00 00 00 00 00 00  | ................
be40: 00 00 00 00 00 00 00 00 00 00 00 00 00 00 00 00  | ................
be50: 00 00 00 00 00 00 00 00 00 00 00 00 00 00 00 00  | ................
be60: 00 00 00 00 00 00 00 00 00 00 00 00 00 00 00 00  | ................
be70: 00 00 00 00 00 00 00 00 00 00 00 00 00 00 00 00  | ................
be80: 00 00 00 00 00 00 00 00 00 00 00 00 00 00 00 00  | ................
be90: 00 00 00 00 00 00 00 00 00 00 00 00 00 00 00 00  | ................
bea0: 00 00 00 00 00 00 00 00 00 00 00 00 00 00 00 00  | ................
beb0: 00 00 00 00 00 00 00 00 00 00 00 00 00 00 00 00  | ................
bec0: 00 00 00 00 00 00 00 00 00 00 00 00 00 00 00 00  | ................
bed0: 00 00 00 00 00 00 00 00 00 00 00 00 00 00 00 00  | ................
bee0: 00 00 00 00 00 00 00 00 00 00 00 00 00 00 00 00  | ................
bef0: 00 00 00 00 00 00 00 00 00 00 00 00 00 00 00 00  | ................
bf00: 00 00 00 00 00 00 00 00 00 00 00 00 00 00 00 00  | ................
bf10: 00 00 00 00 00 00 00 00 00 00 00 00 00 00 00 00  | ................
bf20: 00 00 00 00 00 00 00 00 00 00 00 00 00 00 00 00  | ................
bf30: 00 00 00 00 00 00 00 00 00 00 00 00 00 00 00 00  | ................
bf40: 00 00 00 00 00 00 00 00 00 00 00 00 00 00 00 00  | ................
bf50: 00 00 00 00 00 00 00 00 00 00 00 00 00 00 00 00  | ................
bf60: 00 00 00 00 00 00 00 00 00 00 00 00 00 00 00 00  | ................
bf70: 00 00 00 00 00 00 00 00 00 00 00 00 00 00 00 00  | ................
bf80: 00 00 00 00 00 00 00 00 00 00 00 00 00 00 00 00  | ................
bf90: 00 00 00 00 00 00 00 00 00 00 00 00 00 00 00 00  | ................
bfa0: 00 00 00 00 00 00 00 00 00 00 00 00 00 00 00 00  | ................
bfb0: 00 00 00 00 00 00 00 00 00 00 00 00 00 00 00 00  | ................
bfc0: 00 00 00 00 00 00 00 00 00 00 00 00 00 00 00 00  | ................
bfd0: 00 00 00 00 00 00 00 00 00 00 00 00 00 00 00 00  | ................
bfe0: 00 00 00 00 00 00 00 00 00 00 00 00 00 00 00 00  | ................
bff0: 00 00 00 00 00 00 00 00 00 00 00 00 00 00 00 00  | ................
c000: 20 1c 20 1c 20 1c 20 1c 20 1c 20 1c 20 1c 20 1c  |  . . . . . . . .
c010: 20 1c 20 1c 20 1c 20 1c 20 1c 20 1c 20 1c 20 1c  |  . . . . . . . .
c020: 20 1c 20 1c 20 1c 20 1c 20 1c 20 1c 20 1c 20 1c  |  . . . . . . . .
c030: 20 1c 20 1c 20 1c 20 1c 20 1c 20 1c 20 1c 20 1c  |  . . . . . . . .
c040: 20 1c 20 1c 20 1c 20 1c 20 1c 20 1c 20 1c 20 1c  |  . . . . . . . .
c050: b0 0a b1 0a b2 0a b3 0a b4 0a b5 0a b6 0a b7 0a  | ................
c060: b8 0a b9 0a ba 0a bb 0a bc 0a bd 0a be 0a bf 0a  | ................
c070: 20 1c 20 1c 20 1c 20 1c 20 1c 20 1c 20 1c 20 1c  |  . . . . . . . .
c080: 20 1c 20 1c 20 1c 20 1c 20 1c 20 1c 20 1c 20 1c  |  . . . . . . . .
c090: c0 0a c1 0a c2 0a c3 0a c4 0a c5 0a c6 0a c7 0a  | ................
c0a0: c8 0a c9 0a ca 0a cb 0a cc 0a cd 0a ce 0a cf 0a  | ................
c0b0: 20 1c 20 1c 20 1c 20 1c 20 1c 20 1c 20 1c 20 1c  |  . . . . . . . .
c0c0: 20 1c 20 1c 20 1c 20 1c 20 1c 20 1c 20 1c 20 1c  |  . . . . . . . .
c0d0: d0 0a d1 0a d2 0a d3 0a d4 0a d5 0a d6 0a d7 0a  | ................
c0e0: d8 0a d9 0a da 0a db 0a dc 0a dd 0a de 0a df 0a  | ................
c0f0: 20 1c 20 1c 20 1c 20 1c 20 1c 20 1c 20 1c 20 1c  |  . . . . . . . .
c100: 20 1c 20 1c 20 1c 20 1c 20 1c 20 1c 20 1c 20 1c  |  . . . . . . . .
c110: e0 0a e1 0a e2 0a e3 0a e4 0a e5 0a e6 0a e7 0a  | ................
c120: e8 0a e9 0a ea 0a eb 0a ec 0a ed 0a ee 0a ef 0a  | ................
c130: 20 1c 20 1c 20 1c 20 1c 20 1c 20 1c 20 1c 20 1c  |  . . . . . . . .
c140: 20 1c 20 1c 20 1c 20 1c c5 0b c6 0b c7 0b c8 0b  |  . . . .........
c150: c9 0b ca 0b cb 0b cc 0b cd 0b ce 0b cf 0b 0a 0a  | ................
c160: 0b 0a 0c 0a 0d 0a 0e 0a 0f 0a 29 0a 2a 0a 2b 0a  | ..........).*.+.
c170: 2c 0a 2d 0a 2e 0a 2f 0a 20 1c 20 1c 20 1c 20 1c  | ,.-.../. . . . .
c180: 20 1c 20 1c 20 1c 20 1c d5 0b d6 0b d7 0b d8 0b  |  . . . .........
c190: d9 0b da 0b db 0b dc 0b dd 0b de 0b df 0b 1a 0a  | ................
c1a0: 1b 0a 1c 0a 1d 0a 1e 0a 1f 0a 39 0a 3a 0a 3b 0a  | ..........9.:.;.
c1b0: 3c 0a 3d 0a 3e 0a 3f 0a 20 1c 20 1c 20 1c 20 1c  | <.=.>.?. . . . .
c1c0: 20 1c 20 1c 20 1c 20 1c 20 1c 20 1c 20 1c 20 1c  |  . . . . . . . .
c1d0: 20 1c 20 1c 20 1c 20 1c 20 1c 20 1c 20 1c 20 1c  |  . . . . . . . .
c1e0: 20 1c 20 1c 20 1c 20 1c 20 1c 20 1c 20 1c 20 1c  |  . . . . . . . .
c1f0: 20 1c 20 1c 20 1c 20 1c 20 1c 20 1c 20 1c 20 1c  |  . . . . . . . .
c200: 20 1c 20 1c 20 1c 20 1c 02 11 03 11 20 10 00 13  |  . . . ..... ...
c210: 01 13 02 13 03 13 04 13 05 13 06 13 07 13 08 13  | ................
c220: 09 13 0a 13 0b 13 0c 13 0d 13 20 10 a0 13 a1 13  | .......... .....
c230: a2 13 a3 13 a4 13 a5 13 a6 13 a7 13 20 1c 20 1c  | ............ . .
c240: 20 1c 20 1c 20 1c 20 1c 12 11 13 11 2e 10 10 13  |  . . . .........
c250: 11 13 12 13 13 13 14 13 15 13 16 13 17 13 18 13  | ................
c260: 19 13 1a 13 1b 13 1c 13 1d 13 20 10 b0 13 b1 13  | .......... .....
c270: b2 13 b3 13 b4 13 b5 13 b6 13 b7 13 20 1c 20 1c  | ............ . .
c280: 20 1c 20 1c 20 1c 20 1c 04 15 05 15 20 14 20 17  |  . . . ..... . .
c290: 21 17 22 17 23 17 24 17 25 17 26 17 27 17 28 17  | !.".#.$.%.&.'.(.
c2a0: 29 17 2a 17 2b 17 2c 17 20 14 a0 17 a1 17 a2 17  | ).*.+.,. .......
c2b0: a3 17 a4 17 a5 17 a6 17 a7 17 20 1c 20 1c 20 1c  | .......... . . .
c2c0: 20 1c 20 1c 20 1c 20 1c 14 15 15 15 2e 14 30 17  |  . . . .......0.
c2d0: 31 17 32 17 33 17 34 17 35 17 36 17 37 17 38 17  | 1.2.3.4.5.6.7.8.
c2e0: 39 17 3a 17 3b 17 3c 17 20 14 b0 17 b1 17 b2 17  | 9.:.;.<. .......
c2f0: b3 17 b4 17 b5 17 b6 17 b7 17 20 1c 20 1c 20 1c  | .......... . . .
c300: 20 1c 20 1c 20 1c 20 1c 06 15 07 15 20 14 40 17  |  . . . ..... .@.
c310: 41 17 42 17 43 17 44 17 45 17 46 17 47 17 48 17  | A.B.C.D.E.F.G.H.
c320: 49 17 4a 17 4b 17 4c 17 4d 17 20 14 a0 17 a1 17  | I.J.K.L.M. .....
c330: a2 17 a3 17 a4 17 a5 17 a6 17 a7 17 20 1c 20 1c  | ............ . .
c340: 20 1c 20 1c 20 1c 20 1c 16 15 17 15 2e 14 50 17  |  . . . .......P.
c350: 51 17 52 17 53 17 54 17 55 17 56 17 57 17 58 17  | Q.R.S.T.U.V.W.X.
c360: 59 17 5a 17 5b 17 5c 17 5d 17 20 14 b0 17 b1 17  | Y.Z.[.\.]. .....
c370: b2 17 b3 17 b4 17 b5 17 b6 17 b7 17 20 1c 20 1c  | ............ . .
c380: 20 1c 20 1c 20 1c 20 1c 08 15 09 15 20 14 60 17  |  . . . ..... .`.
c390: 61 17 62 17 63 17 64 17 65 17 66 17 67 17 68 17  | a.b.c.d.e.f.g.h.
c3a0: 69 17 20 14 a0 17 a1 17 a2 17 a3 17 a4 17 a5 17  | i. .............
c3b0: a6 17 a7 17 20 1c 20 1c 20 1c 20 1c 20 1c 20 1c  | .... . . . . . .
c3c0: 20 1c 20 1c 20 1c 20 1c 18 15 19 15 2e 14 70 17  |  . . . .......p.
c3d0: 71 17 72 17 73 17 74 17 75 17 76 17 77 17 78 17  | q.r.s.t.u.v.w.x.
c3e0: 79 17 20 14 b0 17 b1 17 b2 17 b3 17 b4 17 b5 17  | y. .............
c3f0: b6 17 b7 17 20 1c 20 1c 20 1c 20 1c 20 1c 20 1c  | .... . . . . . .
c400: 20 1c 20 1c 20 1c 20 1c 0a 15 0b 15 20 14 80 17  |  . . . ..... ...
c410: 81 17 82 17 83 17 84 17 85 17 86 17 87 17 88 17  | ................
c420: 89 17 20 14 a0 17 a1 17 a2 17 a3 17 a4 17 a5 17  | .. .............
c430: a6 17 a7 17 20 1c 20 1c 20 1c 20 1c 20 1c 20 1c  | .... . . . . . .
c440: 20 1c 20 1c 20 1c 20 1c 1a 15 1b 15 2e 14 90 17  |  . . . .........
c450: 91 17 92 17 93 17 94 17 95 17 96 17 97 17 98 17  | ................
c460: 99 17 20 14 b0 17 b1 17 b2 17 b3 17 b4 17 b5 17  | .. .............
c470: b6 17 b7 17 20 1c 20 1c 20 1c 20 1c 20 1c 20 1c  | .... . . . . . .
c480: 20 1c 20 1c 20 1c 20 1c 0c 15 0d 15 20 14 e0 17  |  . . . ..... ...
c490: e1 17 e2 17 e3 17 e4 17 e5 17 e6 17 e7 17 e8 17  | ................
c4a0: e9 17 ea 17 eb 17 ec 17 ed 17 a0 17 a1 17 a2 17  | ................
c4b0: a3 17 a4 17 a5 17 a6 17 a7 17 a8 1f a8 1f 20 1c  | .............. .
c4c0: 20 1c 20 1c 20 1c 20 1c 1c 15 1d 15 2e 14 f0 17  |  . . . .........
c4d0: f1 17 f2 17 f3 17 f4 17 f5 17 f6 17 f7 17 f8 17  | ................
c4e0: f9 17 fa 17 fb 17 fc 17 fd 17 b0 17 b1 17 b2 17  | ................
c4f0: b3 17 b4 17 b5 17 b6 17 b7 17 a8 1f b8 1f 20 1c  | .............. .
c500: 20 1c 20 1c 20 1c 20 1c 20 1c 20 1c 20 1c 20 1c  |  . . . . . . . .
c510: 20 1c 20 1c 20 1c 20 1c 20 1c 20 1c 20 1c 20 1c  |  . . . . . . . .
c520: 20 1c 20 1c 20 1c 20 1c 20 1c 20 1c 20 1c 20 1c  |  . . . . . . . .
c530: 20 1c 20 1c 20 1c 20 1c 20 1c 20 1c 20 1c 20 1c  |  . . . . . . . .
c540: 20 1c 20 1c 20 1c 20 1c 20 1c 20 1c 20 1c 20 1c  |  . . . . . . . .
c550: 20 1c 20 1c 20 1c 20 1c 20 1c 20 1c 20 1c 20 1c  |  . . . . . . . .
c560: 20 1c 20 1c 20 1c 20 1c 20 1c 20 1c 20 1c 20 1c  |  . . . . . . . .
c570: 20 1c 20 1c 20 1c 20 1c 20 1c 20 1c 20 1c 20 1c  |  . . . . . . . .
c580: 20 1c 20 1c 20 1c 53 1c 45 1c 4c 1c 45 1c 43 1c  |  . . .S.E.L.E.C.
c590: 54 1c 20 1c 42 1c 55 1c 54 1c 54 1c 4f 1c 4e 1c  | T. .B.U.T.T.O.N.
c5a0: 3a 1c 43 1c 68 1c 6f 1c 6f 1c 73 1c 65 1c 20 1c  | :.C.h.o.o.s.e. .
c5b0: 54 1c 45 1c 53 1c 54 1c 20 1c 20 1c 20 1c 20 1c  | T.E.S.T. . . . .
c5c0: 20 1c 20 1c 20 1c 20 1c 20 1c 20 1c 20 1c 20 1c  |  . . . . . . . .
c5d0: 20 1c 20 1c 20 1c 20 1c 20 1c 20 1c 20 1c 20 1c  |  . . . . . . . .
c5e0: 20 1c 20 1c 20 1c 20 1c 20 1c 20 1c 20 1c 20 1c  |  . . . . . . . .
c5f0: 20 1c 20 1c 20 1c 20 1c 20 1c 20 1c 20 1c 20 1c  |  . . . . . . . .
c600: 20 1c 20 1c 20 1c 53 1c 54 1c 41 1c 52 1c 54 1c  |  . . .S.T.A.R.T.
c610: 20 1c 20 1c 42 1c 55 1c 54 1c 54 1c 4f 1c 4e 1c  |  . .B.U.T.T.O.N.
c620: 3a 1c 42 1c 65 1c 67 1c 69 1c 6e 1c 20 1c 20 1c  | :.B.e.g.i.n. . .
c630: 54 1c 45 1c 53 1c 54 1c 20 1c 20 1c 20 1c 20 1c  | T.E.S.T. . . . .
c640: 20 1c 20 1c 20 1c 20 1c 20 1c 20 1c 20 1c 20 1c  |  . . . . . . . .
c650: 20 1c 20 1c 20 1c 20 1c 20 1c 20 1c 20 1c 20 1c  |  . . . . . . . .
c660: 20 1c 20 1c 20 1c 20 1c 20 1c 20 1c 20 1c 20 1c  |  . . . . . . . .
c670: 20 1c 20 1c 20 1c 20 1c 20 1c 20 1c 20 1c 20 1c  |  . . . . . . . .
c680: 20 1c 20 1c 20 1c 20 1c 20 1c 20 1c 20 1c 20 1c  |  . . . . . . . .
c690: 20 1c 20 1c 20 1c 20 1c 20 1c 20 1c 20 1c 20 1c  |  . . . . . . . .
c6a0: 20 1c 20 1c 20 1c 20 1c 20 1c 20 1c 20 1c 20 1c  |  . . . . . . . .
c6b0: 20 1c 20 1c 20 1c 20 1c 20 1c 20 1c 20 1c 20 1c  |  . . . . . . . .
c6c0: 20 1c 20 1c 20 1c 20 1c 20 1c 20 1c 20 1c 20 1c  |  . . . . . . . .
c6d0: 20 1c 20 1c 20 1c 20 1c 20 1c 20 1c 20 1c 20 1c  |  . . . . . . . .
c6e0: 20 1c 20 1c 20 1c e4 1c e5 1c e6 1c e7 1c e8 1c  |  . . ...........
c6f0: e9 1c ea 1c eb 1c ec 1c ed 1c ee 1c ef 1c 20 1c  | .............. .
c700: 20 1c 20 1c 20 1c 20 1c 20 1c 20 1c 20 1c 20 1c  |  . . . . . . . .
c710: 20 1c 20 1c 20 1c 20 1c 20 1c 20 1c 20 1c 20 1c  |  . . . . . . . .
c720: 20 1c 20 1c 20 1c 20 1c 20 1c 20 1c 20 1c 20 1c  |  . . . . . . . .
c730: 20 1c 20 1c 20 1c 20 1c 20 1c 20 1c 20 1c 20 1c  |  . . . . . . . .
c740: 20 1c 20 1c 20 1c 20 1c 20 1c 20 1c 20 1c 20 1c  |  . . . . . . . .
c750: 20 1c 20 1c 20 1c 20 1c 20 1c 20 1c 20 1c 20 1c  |  . . . . . . . .
c760: 20 1c 20 1c 20 1c 20 1c 20 1c 20 1c 20 1c 20 1c  |  . . . . . . . .
c770: 20 1c 20 1c 20 1c 20 1c 20 1c 20 1c 20 1c 20 1c  |  . . . . . . . .
c780: 20 1c 20 1c 20 1c 20 1c 20 1c 20 1c 20 1c 20 1c  |  . . . . . . . .
c790: 20 1c 20 1c 20 1c 20 1c 20 1c 20 1c 20 1c 20 1c  |  . . . . . . . .
c7a0: 20 1c 20 1c 20 1c 20 1c 20 1c 20 1c 20 1c 20 1c  |  . . . . . . . .
c7b0: 20 1c 20 1c 20 1c 20 1c 20 1c 20 1c 20 1c 20 1c  |  . . . . . . . .
c7c0: 20 1c 20 1c 20 1c 20 1c 20 1c 20 1c 20 1c 20 1c  |  . . . . . . . .
c7d0: 20 1c 20 1c 20 1c 20 1c 20 1c 20 1c 20 1c 20 1c  |  . . . . . . . .
c7e0: 20 1c 20 1c 20 1c 20 1c 20 1c 20 1c 20 1c 20 1c  |  . . . . . . . .
c7f0: 20 1c 20 1c 20 1c 20 1c 20 1c 20 1c 20 1c 20 1c  |  . . . . . . . .
c800: 00 00 00 00 00 00 00 00 00 00 00 00 00 00 00 00  | ................
c810: 00 00 00 00 00 00 00 00 00 00 00 00 00 00 00 00  | ................
c820: 00 00 00 00 00 00 00 00 00 00 00 00 00 00 00 00  | ................
c830: 00 00 00 00 00 00 00 00 00 00 00 00 00 00 00 00  | ................
c840: 00 00 00 00 00 00 00 00 00 00 00 00 00 00 00 00  | ................
c850: 00 00 00 00 00 00 00 00 00 00 00 00 00 00 00 00  | ................
c860: 00 00 00 00 00 00 00 00 00 00 00 00 00 00 00 00  | ................
c870: 00 00 00 00 00 00 00 00 00 00 00 00 00 00 00 00  | ................
c880: 00 00 00 00 00 00 00 00 00 00 00 00 00 00 00 00  | ................
c890: 00 00 00 00 00 00 00 00 00 00 00 00 00 00 00 00  | ................
c8a0: 00 00 00 00 00 00 00 00 00 00 00 00 00 00 00 00  | ................
c8b0: 00 00 00 00 00 00 00 00 00 00 00 00 00 00 00 00  | ................
c8c0: 00 00 00 00 00 00 00 00 00 00 00 00 00 00 00 00  | ................
c8d0: 00 00 00 00 00 00 00 00 00 00 00 00 00 00 00 00  | ................
c8e0: 00 00 00 00 00 00 00 00 00 00 00 00 00 00 00 00  | ................
c8f0: 00 00 00 00 00 00 00 00 00 00 00 00 00 00 00 00  | ................
c900: 00 00 00 00 00 00 00 00 00 00 00 00 00 00 00 00  | ................
c910: 00 00 00 00 00 00 00 00 00 00 00 00 00 00 00 00  | ................
c920: 00 00 00 00 00 00 00 00 00 00 00 00 00 00 00 00  | ................
c930: 00 00 00 00 00 00 00 00 00 00 00 00 00 00 00 00  | ................
c940: 00 00 00 00 00 00 00 00 00 00 00 00 00 00 00 00  | ................
c950: 00 00 00 00 00 00 00 00 00 00 00 00 00 00 00 00  | ................
c960: 00 00 00 00 00 00 00 00 00 00 00 00 00 00 00 00  | ................
c970: 00 00 00 00 00 00 00 00 00 00 00 00 00 00 00 00  | ................
c980: 00 00 00 00 00 00 00 00 00 00 00 00 00 00 00 00  | ................
c990: 00 00 00 00 00 00 00 00 00 00 00 00 00 00 00 00  | ................
c9a0: 00 00 00 00 00 00 00 00 00 00 00 00 00 00 00 00  | ................
c9b0: 00 00 00 00 00 00 00 00 00 00 00 00 00 00 00 00  | ................
c9c0: 00 00 00 00 00 00 00 00 00 00 00 00 00 00 00 00  | ................
c9d0: 00 00 00 00 00 00 00 00 00 00 00 00 00 00 00 00  | ................
c9e0: 00 00 00 00 00 00 00 00 00 00 00 00 00 00 00 00  | ................
c9f0: 00 00 00 00 00 00 00 00 00 00 00 00 00 00 00 00  | ................
ca00: 00 00 00 00 00 00 00 00 00 00 00 00 00 00 00 00  | ................
ca10: 00 00 00 00 00 00 00 00 00 00 00 00 00 00 00 00  | ................
ca20: 00 00 00 00 00 00 00 00 00 00 00 00 00 00 00 00  | ................
ca30: 00 00 00 00 00 00 00 00 00 00 00 00 00 00 00 00  | ................
ca40: 00 00 00 00 00 00 00 00 00 00 00 00 00 00 00 00  | ................
ca50: 00 00 00 00 00 00 00 00 00 00 00 00 00 00 00 00  | ................
ca60: 00 00 00 00 00 00 00 00 00 00 00 00 00 00 00 00  | ................
ca70: 00 00 00 00 00 00 00 00 00 00 00 00 00 00 00 00  | ................
ca80: 00 00 00 00 00 00 00 00 00 00 00 00 00 00 00 00  | ................
ca90: 00 00 00 00 00 00 00 00 00 00 00 00 00 00 00 00  | ................
caa0: 00 00 00 00 00 00 00 00 00 00 00 00 00 00 00 00  | ................
cab0: 00 00 00 00 00 00 00 00 00 00 00 00 00 00 00 00  | ................
cac0: 00 00 00 00 00 00 00 00 00 00 00 00 00 00 00 00  | ................
cad0: 00 00 00 00 00 00 00 00 00 00 00 00 00 00 00 00  | ................
cae0: 00 00 00 00 00 00 00 00 00 00 00 00 00 00 00 00  | ................
caf0: 00 00 00 00 00 00 00 00 00 00 00 00 00 00 00 00  | ................
cb00: 00 00 00 00 00 00 00 00 00 00 00 00 00 00 00 00  | ................
cb10: 00 00 00 00 00 00 00 00 00 00 00 00 00 00 00 00  | ................
cb20: 00 00 00 00 00 00 00 00 00 00 00 00 00 00 00 00  | ................
cb30: 00 00 00 00 00 00 00 00 00 00 00 00 00 00 00 00  | ................
cb40: 00 00 00 00 00 00 00 00 00 00 00 00 00 00 00 00  | ................
cb50: 00 00 00 00 00 00 00 00 00 00 00 00 00 00 00 00  | ................
cb60: 00 00 00 00 00 00 00 00 00 00 00 00 00 00 00 00  | ................
cb70: 00 00 00 00 00 00 00 00 00 00 00 00 00 00 00 00  | ................
cb80: 00 00 00 00 00 00 00 00 00 00 00 00 00 00 00 00  | ................
cb90: 00 00 00 00 00 00 00 00 00 00 00 00 00 00 00 00  | ................
cba0: 00 00 00 00 00 00 00 00 00 00 00 00 00 00 00 00  | ................
cbb0: 00 00 00 00 00 00 00 00 00 00 00 00 00 00 00 00  | ................
cbc0: 00 00 00 00 00 00 00 00 00 00 00 00 00 00 00 00  | ................
cbd0: 00 00 00 00 00 00 00 00 00 00 00 00 00 00 00 00  | ................
cbe0: 00 00 00 00 00 00 00 00 00 00 00 00 00 00 00 00  | ................
cbf0: 00 00 00 00 00 00 00 00 00 00 00 00 00 00 00 00  | ................
cc00: 00 00 00 00 00 00 00 00 00 00 00 00 00 00 00 00  | ................
cc10: 00 00 00 00 00 00 00 00 00 00 00 00 00 00 00 00  | ................
cc20: 00 00 00 00 00 00 00 00 00 00 00 00 00 00 00 00  | ................
cc30: 00 00 00 00 00 00 00 00 00 00 00 00 00 00 00 00  | ................
cc40: 00 00 00 00 00 00 00 00 00 00 00 00 00 00 00 00  | ................
cc50: 00 00 00 00 00 00 00 00 00 00 00 00 00 00 00 00  | ................
cc60: 00 00 00 00 00 00 00 00 00 00 00 00 00 00 00 00  | ................
cc70: 00 00 00 00 00 00 00 00 00 00 00 00 00 00 00 00  | ................
cc80: 00 00 00 00 00 00 00 00 00 00 00 00 00 00 00 00  | ................
cc90: 00 00 00 00 00 00 00 00 00 00 00 00 00 00 00 00  | ................
cca0: 00 00 00 00 00 00 00 00 00 00 00 00 00 00 00 00  | ................
ccb0: 00 00 00 00 00 00 00 00 00 00 00 00 00 00 00 00  | ................
ccc0: 00 00 00 00 00 00 00 00 00 00 00 00 00 00 00 00  | ................
ccd0: 00 00 00 00 00 00 00 00 00 00 00 00 00 00 00 00  | ................
cce0: 00 00 00 00 00 00 00 00 00 00 00 00 00 00 00 00  | ................
ccf0: 00 00 00 00 00 00 00 00 00 00 00 00 00 00 00 00  | ................
cd00: 00 00 00 00 00 00 00 00 00 00 00 00 00 00 00 00  | ................
cd10: 00 00 00 00 00 00 00 00 00 00 00 00 00 00 00 00  | ................
cd20: 00 00 00 00 00 00 00 00 00 00 00 00 00 00 00 00  | ................
cd30: 00 00 00 00 00 00 00 00 00 00 00 00 00 00 00 00  | ................
cd40: 00 00 00 00 00 00 00 00 00 00 00 00 00 00 00 00  | ................
cd50: 00 00 00 00 00 00 00 00 00 00 00 00 00 00 00 00  | ................
cd60: 00 00 00 00 00 00 00 00 00 00 00 00 00 00 00 00  | ................
cd70: 00 00 00 00 00 00 00 00 00 00 00 00 00 00 00 00  | ................
cd80: 00 00 00 00 00 00 00 00 00 00 00 00 00 00 00 00  | ................
cd90: 00 00 00 00 00 00 00 00 00 00 00 00 00 00 00 00  | ................
cda0: 00 00 00 00 00 00 00 00 00 00 00 00 00 00 00 00  | ................
cdb0: 00 00 00 00 00 00 00 00 00 00 00 00 00 00 00 00  | ................
cdc0: 00 00 00 00 00 00 00 00 00 00 00 00 00 00 00 00  | ................
cdd0: 00 00 00 00 00 00 00 00 00 00 00 00 00 00 00 00  | ................
cde0: 00 00 00 00 00 00 00 00 00 00 00 00 00 00 00 00  | ................
cdf0: 00 00 00 00 00 00 00 00 00 00 00 00 00 00 00 00  | ................
ce00: 00 00 00 00 00 00 00 00 00 00 00 00 00 00 00 00  | ................
ce10: 00 00 00 00 00 00 00 00 00 00 00 00 00 00 00 00  | ................
ce20: 00 00 00 00 00 00 00 00 00 00 00 00 00 00 00 00  | ................
ce30: 00 00 00 00 00 00 00 00 00 00 00 00 00 00 00 00  | ................
ce40: 00 00 00 00 00 00 00 00 00 00 00 00 00 00 00 00  | ................
ce50: 00 00 00 00 00 00 00 00 00 00 00 00 00 00 00 00  | ................
ce60: 00 00 00 00 00 00 00 00 00 00 00 00 00 00 00 00  | ................
ce70: 00 00 00 00 00 00 00 00 00 00 00 00 00 00 00 00  | ................
ce80: 00 00 00 00 00 00 00 00 00 00 00 00 00 00 00 00  | ................
ce90: 00 00 00 00 00 00 00 00 00 00 00 00 00 00 00 00  | ................
cea0: 00 00 00 00 00 00 00 00 00 00 00 00 00 00 00 00  | ................
ceb0: 00 00 00 00 00 00 00 00 00 00 00 00 00 00 00 00  | ................
cec0: 00 00 00 00 00 00 00 00 00 00 00 00 00 00 00 00  | ................
ced0: 00 00 00 00 00 00 00 00 00 00 00 00 00 00 00 00  | ................
cee0: 00 00 00 00 00 00 00 00 00 00 00 00 00 00 00 00  | ................
cef0: 00 00 00 00 00 00 00 00 00 00 00 00 00 00 00 00  | ................
cf00: 00 00 00 00 00 00 00 00 00 00 00 00 00 00 00 00  | ................
cf10: 00 00 00 00 00 00 00 00 00 00 00 00 00 00 00 00  | ................
cf20: 00 00 00 00 00 00 00 00 00 00 00 00 00 00 00 00  | ................
cf30: 00 00 00 00 00 00 00 00 00 00 00 00 00 00 00 00  | ................
cf40: 00 00 00 00 00 00 00 00 00 00 00 00 00 00 00 00  | ................
cf50: 00 00 00 00 00 00 00 00 00 00 00 00 00 00 00 00  | ................
cf60: 00 00 00 00 00 00 00 00 00 00 00 00 00 00 00 00  | ................
cf70: 00 00 00 00 00 00 00 00 00 00 00 00 00 00 00 00  | ................
cf80: 00 00 00 00 00 00 00 00 00 00 00 00 00 00 00 00  | ................
cf90: 00 00 00 00 00 00 00 00 00 00 00 00 00 00 00 00  | ................
cfa0: 00 00 00 00 00 00 00 00 00 00 00 00 00 00 00 00  | ................
cfb0: 00 00 00 00 00 00 00 00 00 00 00 00 00 00 00 00  | ................
cfc0: 00 00 00 00 00 00 00 00 00 00 00 00 00 00 00 00  | ................
cfd0: 00 00 00 00 00 00 00 00 00 00 00 00 00 00 00 00  | ................
cfe0: 00 00 00 00 00 00 00 00 00 00 00 00 00 00 00 00  | ................
cff0: 00 00 00 00 00 00 00 00 00 00 00 00 00 00 00 00  | ................
d000: 00 00 00 00 00 00 00 00 00 00 00 00 00 00 00 00  | ................
d010: 00 00 00 00 00 00 00 00 00 00 00 00 00 00 00 00  | ................
d020: 00 00 00 00 00 00 00 00 00 00 00 00 00 00 00 00  | ................
d030: 00 00 00 00 00 00 00 00 00 00 00 00 00 00 00 00  | ................
d040: 00 00 00 00 00 00 00 00 00 00 00 00 00 00 00 00  | ................
d050: 00 00 00 00 00 00 00 00 00 00 00 00 00 00 00 00  | ................
d060: 00 00 00 00 00 00 00 00 00 00 00 00 00 00 00 00  | ................
d070: 00 00 00 00 00 00 00 00 00 00 00 00 00 00 00 00  | ................
d080: 00 00 00 00 00 00 00 00 00 00 00 00 00 00 00 00  | ................
d090: 00 00 00 00 00 00 00 00 00 00 00 00 00 00 00 00  | ................
d0a0: 00 00 00 00 00 00 00 00 00 00 00 00 00 00 00 00  | ................
d0b0: 00 00 00 00 00 00 00 00 00 00 00 00 00 00 00 00  | ................
d0c0: 00 00 00 00 00 00 00 00 00 00 00 00 00 00 00 00  | ................
d0d0: 00 00 00 00 00 00 00 00 00 00 00 00 00 00 00 00  | ................
d0e0: 00 00 00 00 00 00 00 00 00 00 00 00 00 00 00 00  | ................
d0f0: 00 00 00 00 00 00 00 00 00 00 00 00 00 00 00 00  | ................
d100: 00 00 00 00 00 00 00 00 00 00 00 00 00 00 00 00  | ................
d110: 00 00 00 00 00 00 00 00 00 00 00 00 00 00 00 00  | ................
d120: 00 00 00 00 00 00 00 00 00 00 00 00 00 00 00 00  | ................
d130: 00 00 00 00 00 00 00 00 00 00 00 00 00 00 00 00  | ................
d140: 00 00 00 00 00 00 00 00 00 00 00 00 00 00 00 00  | ................
d150: 00 00 00 00 00 00 00 00 00 00 00 00 00 00 00 00  | ................
d160: 00 00 00 00 00 00 00 00 00 00 00 00 00 00 00 00  | ................
d170: 00 00 00 00 00 00 00 00 00 00 00 00 00 00 00 00  | ................
d180: 00 00 00 00 00 00 00 00 00 00 00 00 00 00 00 00  | ................
d190: 00 00 00 00 00 00 00 00 00 00 00 00 00 00 00 00  | ................
d1a0: 00 00 00 00 00 00 00 00 00 00 00 00 00 00 00 00  | ................
d1b0: 00 00 00 00 00 00 00 00 00 00 00 00 00 00 00 00  | ................
d1c0: 00 00 00 00 00 00 00 00 00 00 00 00 00 00 00 00  | ................
d1d0: 00 00 00 00 00 00 00 00 00 00 00 00 00 00 00 00  | ................
d1e0: 00 00 00 00 00 00 00 00 00 00 00 00 00 00 00 00  | ................
d1f0: 00 00 00 00 00 00 00 00 00 00 00 00 00 00 00 00  | ................
d200: 00 00 00 00 00 00 00 00 00 00 00 00 00 00 00 00  | ................
d210: 00 00 00 00 00 00 00 00 00 00 00 00 00 00 00 00  | ................
d220: 00 00 00 00 00 00 00 00 00 00 00 00 00 00 00 00  | ................
d230: 00 00 00 00 00 00 00 00 00 00 00 00 00 00 00 00  | ................
d240: 00 00 00 00 00 00 00 00 00 00 00 00 00 00 00 00  | ................
d250: 00 00 00 00 00 00 00 00 00 00 00 00 00 00 00 00  | ................
d260: 00 00 00 00 00 00 00 00 00 00 00 00 00 00 00 00  | ................
d270: 00 00 00 00 00 00 00 00 00 00 00 00 00 00 00 00  | ................
d280: 00 00 00 00 00 00 00 00 00 00 00 00 00 00 00 00  | ................
d290: 00 00 00 00 00 00 00 00 00 00 00 00 00 00 00 00  | ................
d2a0: 00 00 00 00 00 00 00 00 00 00 00 00 00 00 00 00  | ................
d2b0: 00 00 00 00 00 00 00 00 00 00 00 00 00 00 00 00  | ................
d2c0: 00 00 00 00 00 00 00 00 00 00 00 00 00 00 00 00  | ................
d2d0: 00 00 00 00 00 00 00 00 00 00 00 00 00 00 00 00  | ................
d2e0: 00 00 00 00 00 00 00 00 00 00 00 00 00 00 00 00  | ................
d2f0: 00 00 00 00 00 00 00 00 00 00 00 00 00 00 00 00  | ................
d300: 00 00 00 00 00 00 00 00 00 00 00 00 00 00 00 00  | ................
d310: 00 00 00 00 00 00 00 00 00 00 00 00 00 00 00 00  | ................
d320: 00 00 00 00 00 00 00 00 00 00 00 00 00 00 00 00  | ................
d330: 00 00 00 00 00 00 00 00 00 00 00 00 00 00 00 00  | ................
d340: 00 00 00 00 00 00 00 00 00 00 00 00 00 00 00 00  | ................
d350: 00 00 00 00 00 00 00 00 00 00 00 00 00 00 00 00  | ................
d360: 00 00 00 00 00 00 00 00 00 00 00 00 00 00 00 00  | ................
d370: 00 00 00 00 00 00 00 00 00 00 00 00 00 00 00 00  | ................
d380: 00 00 00 00 00 00 00 00 00 00 00 00 00 00 00 00  | ................
d390: 00 00 00 00 00 00 00 00 00 00 00 00 00 00 00 00  | ................
d3a0: 00 00 00 00 00 00 00 00 00 00 00 00 00 00 00 00  | ................
d3b0: 00 00 00 00 00 00 00 00 00 00 00 00 00 00 00 00  | ................
d3c0: 00 00 00 00 00 00 00 00 00 00 00 00 00 00 00 00  | ................
d3d0: 00 00 00 00 00 00 00 00 00 00 00 00 00 00 00 00  | ................
d3e0: 00 00 00 00 00 00 00 00 00 00 00 00 00 00 00 00  | ................
d3f0: 00 00 00 00 00 00 00 00 00 00 00 00 00 00 00 00  | ................
d400: 00 00 00 00 00 00 00 00 00 00 00 00 00 00 00 00  | ................
d410: 00 00 00 00 00 00 00 00 00 00 00 00 00 00 00 00  | ................
d420: 00 00 00 00 00 00 00 00 00 00 00 00 00 00 00 00  | ................
d430: 00 00 00 00 00 00 00 00 00 00 00 00 00 00 00 00  | ................
d440: 00 00 00 00 00 00 00 00 00 00 00 00 00 00 00 00  | ................
d450: 00 00 00 00 00 00 00 00 00 00 00 00 00 00 00 00  | ................
d460: 00 00 00 00 00 00 00 00 00 00 00 00 00 00 00 00  | ................
d470: 00 00 00 00 00 00 00 00 00 00 00 00 00 00 00 00  | ................
d480: 00 00 00 00 00 00 00 00 00 00 00 00 00 00 00 00  | ................
d490: 00 00 00 00 00 00 00 00 00 00 00 00 00 00 00 00  | ................
d4a0: 00 00 00 00 00 00 00 00 00 00 00 00 00 00 00 00  | ................
d4b0: 00 00 00 00 00 00 00 00 00 00 00 00 00 00 00 00  | ................
d4c0: 00 00 00 00 00 00 00 00 00 00 00 00 00 00 00 00  | ................
d4d0: 00 00 00 00 00 00 00 00 00 00 00 00 00 00 00 00  | ................
d4e0: 00 00 00 00 00 00 00 00 00 00 00 00 00 00 00 00  | ................
d4f0: 00 00 00 00 00 00 00 00 00 00 00 00 00 00 00 00  | ................
d500: 00 00 00 00 00 00 00 00 00 00 00 00 00 00 00 00  | ................
d510: 00 00 00 00 00 00 00 00 00 00 00 00 00 00 00 00  | ................
d520: 00 00 00 00 00 00 00 00 00 00 00 00 00 00 00 00  | ................
d530: 00 00 00 00 00 00 00 00 00 00 00 00 00 00 00 00  | ................
d540: 00 00 00 00 00 00 00 00 00 00 00 00 00 00 00 00  | ................
d550: 00 00 00 00 00 00 00 00 00 00 00 00 00 00 00 00  | ................
d560: 00 00 00 00 00 00 00 00 00 00 00 00 00 00 00 00  | ................
d570: 00 00 00 00 00 00 00 00 00 00 00 00 00 00 00 00  | ................
d580: 00 00 00 00 00 00 00 00 00 00 00 00 00 00 00 00  | ................
d590: 00 00 00 00 00 00 00 00 00 00 00 00 00 00 00 00  | ................
d5a0: 00 00 00 00 00 00 00 00 00 00 00 00 00 00 00 00  | ................
d5b0: 00 00 00 00 00 00 00 00 00 00 00 00 00 00 00 00  | ................
d5c0: 00 00 00 00 00 00 00 00 00 00 00 00 00 00 00 00  | ................
d5d0: 00 00 00 00 00 00 00 00 00 00 00 00 00 00 00 00  | ................
d5e0: 00 00 00 00 00 00 00 00 00 00 00 00 00 00 00 00  | ................
d5f0: 00 00 00 00 00 00 00 00 00 00 00 00 00 00 00 00  | ................
d600: 00 00 00 00 00 00 00 00 00 00 00 00 00 00 00 00  | ................
d610: 00 00 00 00 00 00 00 00 00 00 00 00 00 00 00 00  | ................
d620: 00 00 00 00 00 00 00 00 00 00 00 00 00 00 00 00  | ................
d630: 00 00 00 00 00 00 00 00 00 00 00 00 00 00 00 00  | ................
d640: 00 00 00 00 00 00 00 00 00 00 00 00 00 00 00 00  | ................
d650: 00 00 00 00 00 00 00 00 00 00 00 00 00 00 00 00  | ................
d660: 00 00 00 00 00 00 00 00 00 00 00 00 00 00 00 00  | ................
d670: 00 00 00 00 00 00 00 00 00 00 00 00 00 00 00 00  | ................
d680: 00 00 00 00 00 00 00 00 00 00 00 00 00 00 00 00  | ................
d690: 00 00 00 00 00 00 00 00 00 00 00 00 00 00 00 00  | ................
d6a0: 00 00 00 00 00 00 00 00 00 00 00 00 00 00 00 00  | ................
d6b0: 00 00 00 00 00 00 00 00 00 00 00 00 00 00 00 00  | ................
d6c0: 00 00 00 00 00 00 00 00 00 00 00 00 00 00 00 00  | ................
d6d0: 00 00 00 00 00 00 00 00 00 00 00 00 00 00 00 00  | ................
d6e0: 00 00 00 00 00 00 00 00 00 00 00 00 00 00 00 00  | ................
d6f0: 00 00 00 00 00 00 00 00 00 00 00 00 00 00 00 00  | ................
d700: 00 00 00 00 00 00 00 00 00 00 00 00 00 00 00 00  | ................
d710: 00 00 00 00 00 00 00 00 00 00 00 00 00 00 00 00  | ................
d720: 00 00 00 00 00 00 00 00 00 00 00 00 00 00 00 00  | ................
d730: 00 00 00 00 00 00 00 00 00 00 00 00 00 00 00 00  | ................
d740: 00 00 00 00 00 00 00 00 00 00 00 00 00 00 00 00  | ................
d750: 00 00 00 00 00 00 00 00 00 00 00 00 00 00 00 00  | ................
d760: 00 00 00 00 00 00 00 00 00 00 00 00 00 00 00 00  | ................
d770: 00 00 00 00 00 00 00 00 00 00 00 00 00 00 00 00  | ................
d780: 00 00 00 00 00 00 00 00 00 00 00 00 00 00 00 00  | ................
d790: 00 00 00 00 00 00 00 00 00 00 00 00 00 00 00 00  | ................
d7a0: 00 00 00 00 00 00 00 00 00 00 00 00 00 00 00 00  | ................
d7b0: 00 00 00 00 00 00 00 00 00 00 00 00 00 00 00 00  | ................
d7c0: 00 00 00 00 00 00 00 00 00 00 00 00 00 00 00 00  | ................
d7d0: 00 00 00 00 00 00 00 00 00 00 00 00 00 00 00 00  | ................
d7e0: 00 00 00 00 00 00 00 00 00 00 00 00 00 00 00 00  | ................
d7f0: 00 00 00 00 00 00 00 00 00 00 00 00 00 00 00 00  | ................
d800: 00 00 00 00 00 00 00 00 00 00 00 00 00 00 00 00  | ................
d810: 00 00 00 00 00 00 00 00 00 00 00 00 00 00 00 00  | ................
d820: 00 00 00 00 00 00 00 00 00 00 00 00 00 00 00 00  | ................
d830: 00 00 00 00 00 00 00 00 00 00 00 00 00 00 00 00  | ................
d840: 00 00 00 00 00 00 00 00 00 00 00 00 00 00 00 00  | ................
d850: 00 00 00 00 00 00 00 00 00 00 00 00 00 00 00 00  | ................
d860: 00 00 00 00 00 00 00 00 00 00 00 00 00 00 00 00  | ................
d870: 00 00 00 00 00 00 00 00 00 00 00 00 00 00 00 00  | ................
d880: 00 00 00 00 00 00 00 00 00 00 00 00 00 00 00 00  | ................
d890: 00 00 00 00 00 00 00 00 00 00 00 00 00 00 00 00  | ................
d8a0: 00 00 00 00 00 00 00 00 00 00 00 00 00 00 00 00  | ................
d8b0: 00 00 00 00 00 00 00 00 00 00 00 00 00 00 00 00  | ................
d8c0: 00 00 00 00 00 00 00 00 00 00 00 00 00 00 00 00  | ................
d8d0: 00 00 00 00 00 00 00 00 00 00 00 00 00 00 00 00  | ................
d8e0: 00 00 00 00 00 00 00 00 00 00 00 00 00 00 00 00  | ................
d8f0: 00 00 00 00 00 00 00 00 00 00 00 00 00 00 00 00  | ................
d900: 00 00 00 00 00 00 00 00 00 00 00 00 00 00 00 00  | ................
d910: 00 00 00 00 00 00 00 00 00 00 00 00 00 00 00 00  | ................
d920: 00 00 00 00 00 00 00 00 00 00 00 00 00 00 00 00  | ................
d930: 00 00 00 00 00 00 00 00 00 00 00 00 00 00 00 00  | ................
d940: 00 00 00 00 00 00 00 00 00 00 00 00 00 00 00 00  | ................
d950: 00 00 00 00 00 00 00 00 00 00 00 00 00 00 00 00  | ................
d960: 00 00 00 00 00 00 00 00 00 00 00 00 00 00 00 00  | ................
d970: 00 00 00 00 00 00 00 00 00 00 00 00 00 00 00 00  | ................
d980: 00 00 00 00 00 00 00 00 00 00 00 00 00 00 00 00  | ................
d990: 00 00 00 00 00 00 00 00 00 00 00 00 00 00 00 00  | ................
d9a0: 00 00 00 00 00 00 00 00 00 00 00 00 00 00 00 00  | ................
d9b0: 00 00 00 00 00 00 00 00 00 00 00 00 00 00 00 00  | ................
d9c0: 00 00 00 00 00 00 00 00 00 00 00 00 00 00 00 00  | ................
d9d0: 00 00 00 00 00 00 00 00 00 00 00 00 00 00 00 00  | ................
d9e0: 00 00 00 00 00 00 00 00 00 00 00 00 00 00 00 00  | ................
d9f0: 00 00 00 00 00 00 00 00 00 00 00 00 00 00 00 00  | ................
da00: 00 00 00 00 00 00 00 00 00 00 00 00 00 00 00 00  | ................
da10: 00 00 00 00 00 00 00 00 00 00 00 00 00 00 00 00  | ................
da20: 00 00 00 00 00 00 00 00 00 00 00 00 00 00 00 00  | ................
da30: 00 00 00 00 00 00 00 00 00 00 00 00 00 00 00 00  | ................
da40: 00 00 00 00 00 00 00 00 00 00 00 00 00 00 00 00  | ................
da50: 00 00 00 00 00 00 00 00 00 00 00 00 00 00 00 00  | ................
da60: 00 00 00 00 00 00 00 00 00 00 00 00 00 00 00 00  | ................
da70: 00 00 00 00 00 00 00 00 00 00 00 00 00 00 00 00  | ................
da80: 00 00 00 00 00 00 00 00 00 00 00 00 00 00 00 00  | ................
da90: 00 00 00 00 00 00 00 00 00 00 00 00 00 00 00 00  | ................
daa0: 00 00 00 00 00 00 00 00 00 00 00 00 00 00 00 00  | ................
dab0: 00 00 00 00 00 00 00 00 00 00 00 00 00 00 00 00  | ................
dac0: 00 00 00 00 00 00 00 00 00 00 00 00 00 00 00 00  | ................
dad0: 00 00 00 00 00 00 00 00 00 00 00 00 00 00 00 00  | ................
dae0: 00 00 00 00 00 00 00 00 00 00 00 00 00 00 00 00  | ................
daf0: 00 00 00 00 00 00 00 00 00 00 00 00 00 00 00 00  | ................
db00: 00 00 00 00 00 00 00 00 00 00 00 00 00 00 00 00  | ................
db10: 00 00 00 00 00 00 00 00 00 00 00 00 00 00 00 00  | ................
db20: 00 00 00 00 00 00 00 00 00 00 00 00 00 00 00 00  | ................
db30: 00 00 00 00 00 00 00 00 00 00 00 00 00 00 00 00  | ................
db40: 00 00 00 00 00 00 00 00 00 00 00 00 00 00 00 00  | ................
db50: 00 00 00 00 00 00 00 00 00 00 00 00 00 00 00 00  | ................
db60: 00 00 00 00 00 00 00 00 00 00 00 00 00 00 00 00  | ................
db70: 00 00 00 00 00 00 00 00 00 00 00 00 00 00 00 00  | ................
db80: 00 00 00 00 00 00 00 00 00 00 00 00 00 00 00 00  | ................
db90: 00 00 00 00 00 00 00 00 00 00 00 00 00 00 00 00  | ................
dba0: 00 00 00 00 00 00 00 00 00 00 00 00 00 00 00 00  | ................
dbb0: 00 00 00 00 00 00 00 00 00 00 00 00 00 00 00 00  | ................
dbc0: 00 00 00 00 00 00 00 00 00 00 00 00 00 00 00 00  | ................
dbd0: 00 00 00 00 00 00 00 00 00 00 00 00 00 00 00 00  | ................
dbe0: 00 00 00 00 00 00 00 00 00 00 00 00 00 00 00 00  | ................
dbf0: 00 00 00 00 00 00 00 00 00 00 00 00 00 00 00 00  | ................
dc00: 00 00 00 00 00 00 00 00 00 00 00 00 00 00 00 00  | ................
dc10: 00 00 00 00 00 00 00 00 00 00 00 00 00 00 00 00  | ................
dc20: 00 00 00 00 00 00 00 00 00 00 00 00 00 00 00 00  | ................
dc30: 00 00 00 00 00 00 00 00 00 00 00 00 00 00 00 00  | ................
dc40: 00 00 00 00 00 00 00 00 00 00 00 00 00 00 00 00  | ................
dc50: 00 00 00 00 00 00 00 00 00 00 00 00 00 00 00 00  | ................
dc60: 00 00 00 00 00 00 00 00 00 00 00 00 00 00 00 00  | ................
dc70: 00 00 00 00 00 00 00 00 00 00 00 00 00 00 00 00  | ................
dc80: 00 00 00 00 00 00 00 00 00 00 00 00 00 00 00 00  | ................
dc90: 00 00 00 00 00 00 00 00 00 00 00 00 00 00 00 00  | ................
dca0: 00 00 00 00 00 00 00 00 00 00 00 00 00 00 00 00  | ................
dcb0: 00 00 00 00 00 00 00 00 00 00 00 00 00 00 00 00  | ................
dcc0: 00 00 00 00 00 00 00 00 00 00 00 00 00 00 00 00  | ................
dcd0: 00 00 00 00 00 00 00 00 00 00 00 00 00 00 00 00  | ................
dce0: 00 00 00 00 00 00 00 00 00 00 00 00 00 00 00 00  | ................
dcf0: 00 00 00 00 00 00 00 00 00 00 00 00 00 00 00 00  | ................
dd00: 00 00 00 00 00 00 00 00 00 00 00 00 00 00 00 00  | ................
dd10: 00 00 00 00 00 00 00 00 00 00 00 00 00 00 00 00  | ................
dd20: 00 00 00 00 00 00 00 00 00 00 00 00 00 00 00 00  | ................
dd30: 00 00 00 00 00 00 00 00 00 00 00 00 00 00 00 00  | ................
dd40: 00 00 00 00 00 00 00 00 00 00 00 00 00 00 00 00  | ................
dd50: 00 00 00 00 00 00 00 00 00 00 00 00 00 00 00 00  | ................
dd60: 00 00 00 00 00 00 00 00 00 00 00 00 00 00 00 00  | ................
dd70: 00 00 00 00 00 00 00 00 00 00 00 00 00 00 00 00  | ................
dd80: 00 00 00 00 00 00 00 00 00 00 00 00 00 00 00 00  | ................
dd90: 00 00 00 00 00 00 00 00 00 00 00 00 00 00 00 00  | ................
dda0: 00 00 00 00 00 00 00 00 00 00 00 00 00 00 00 00  | ................
ddb0: 00 00 00 00 00 00 00 00 00 00 00 00 00 00 00 00  | ................
ddc0: 00 00 00 00 00 00 00 00 00 00 00 00 00 00 00 00  | ................
ddd0: 00 00 00 00 00 00 00 00 00 00 00 00 00 00 00 00  | ................
dde0: 00 00 00 00 00 00 00 00 00 00 00 00 00 00 00 00  | ................
ddf0: 00 00 00 00 00 00 00 00 00 00 00 00 00 00 00 00  | ................
de00: 00 00 00 00 00 00 00 00 00 00 00 00 00 00 00 00  | ................
de10: 00 00 00 00 00 00 00 00 00 00 00 00 00 00 00 00  | ................
de20: 00 00 00 00 00 00 00 00 00 00 00 00 00 00 00 00  | ................
de30: 00 00 00 00 00 00 00 00 00 00 00 00 00 00 00 00  | ................
de40: 00 00 00 00 00 00 00 00 00 00 00 00 00 00 00 00  | ................
de50: 00 00 00 00 00 00 00 00 00 00 00 00 00 00 00 00  | ................
de60: 00 00 00 00 00 00 00 00 00 00 00 00 00 00 00 00  | ................
de70: 00 00 00 00 00 00 00 00 00 00 00 00 00 00 00 00  | ................
de80: 00 00 00 00 00 00 00 00 00 00 00 00 00 00 00 00  | ................
de90: 00 00 00 00 00 00 00 00 00 00 00 00 00 00 00 00  | ................
dea0: 00 00 00 00 00 00 00 00 00 00 00 00 00 00 00 00  | ................
deb0: 00 00 00 00 00 00 00 00 00 00 00 00 00 00 00 00  | ................
dec0: 00 00 00 00 00 00 00 00 00 00 00 00 00 00 00 00  | ................
ded0: 00 00 00 00 00 00 00 00 00 00 00 00 00 00 00 00  | ................
dee0: 00 00 00 00 00 00 00 00 00 00 00 00 00 00 00 00  | ................
def0: 00 00 00 00 00 00 00 00 00 00 00 00 00 00 00 00  | ................
df00: 00 00 00 00 00 00 00 00 00 00 00 00 00 00 00 00  | ................
df10: 00 00 00 00 00 00 00 00 00 00 00 00 00 00 00 00  | ................
df20: 00 00 00 00 00 00 00 00 00 00 00 00 00 00 00 00  | ................
df30: 00 00 00 00 00 00 00 00 00 00 00 00 00 00 00 00  | ................
df40: 00 00 00 00 00 00 00 00 00 00 00 00 00 00 00 00  | ................
df50: 00 00 00 00 00 00 00 00 00 00 00 00 00 00 00 00  | ................
df60: 00 00 00 00 00 00 00 00 00 00 00 00 00 00 00 00  | ................
df70: 00 00 00 00 00 00 00 00 00 00 00 00 00 00 00 00  | ................
df80: 00 00 00 00 00 00 00 00 00 00 00 00 00 00 00 00  | ................
df90: 00 00 00 00 00 00 00 00 00 00 00 00 00 00 00 00  | ................
dfa0: 00 00 00 00 00 00 00 00 00 00 00 00 00 00 00 00  | ................
dfb0: 00 00 00 00 00 00 00 00 00 00 00 00 00 00 00 00  | ................
dfc0: 00 00 00 00 00 00 00 00 00 00 00 00 00 00 00 00  | ................
dfd0: 00 00 00 00 00 00 00 00 00 00 00 00 00 00 00 00  | ................
dfe0: 00 00 00 00 00 00 00 00 00 00 00 00 00 00 00 00  | ................
dff0: 00 00 00 00 00 00 00 00 00 00 00 00 00 00 00 00  | ................
e000: 00 00 00 00 00 00 00 00 00 00 00 00 00 00 00 00  | ................
e010: 00 00 00 00 00 00 00 00 00 00 00 00 00 00 00 00  | ................
e020: 00 00 00 00 00 00 00 00 00 00 00 00 00 00 00 00  | ................
e030: 00 00 00 00 00 00 00 00 00 00 00 00 00 00 00 00  | ................
e040: 00 00 00 00 00 00 00 00 00 00 00 00 00 00 00 00  | ................
e050: 00 00 00 00 00 00 00 00 00 00 00 00 00 00 00 00  | ................
e060: 00 00 00 00 00 00 00 00 00 00 00 00 00 00 00 00  | ................
e070: 00 00 00 00 00 00 00 00 00 00 00 00 00 00 00 00  | ................
e080: 00 00 00 00 00 00 00 00 00 00 00 00 00 00 00 00  | ................
e090: 00 00 00 00 00 00 00 00 00 00 00 00 00 00 00 00  | ................
e0a0: 00 00 00 00 00 00 00 00 00 00 00 00 00 00 00 00  | ................
e0b0: 00 00 00 00 00 00 00 00 00 00 00 00 00 00 00 00  | ................
e0c0: 00 00 00 00 00 00 00 00 00 00 00 00 00 00 00 00  | ................
e0d0: 00 00 00 00 00 00 00 00 00 00 00 00 00 00 00 00  | ................
e0e0: 00 00 00 00 00 00 00 00 00 00 00 00 00 00 00 00  | ................
e0f0: 00 00 00 00 00 00 00 00 00 00 00 00 00 00 00 00  | ................
e100: 00 00 00 00 00 00 00 00 00 00 00 00 00 00 00 00  | ................
e110: 00 00 00 00 00 00 00 00 00 00 00 00 00 00 00 00  | ................
e120: 00 00 00 00 00 00 00 00 00 00 00 00 00 00 00 00  | ................
e130: 00 00 00 00 00 00 00 00 00 00 00 00 00 00 00 00  | ................
e140: 00 00 00 00 00 00 00 00 00 00 00 00 00 00 00 00  | ................
e150: 00 00 00 00 00 00 00 00 00 00 00 00 00 00 00 00  | ................
e160: 00 00 00 00 00 00 00 00 00 00 00 00 00 00 00 00  | ................
e170: 00 00 00 00 00 00 00 00 00 00 00 00 00 00 00 00  | ................
e180: 00 00 00 00 00 00 00 00 00 00 00 00 00 00 00 00  | ................
e190: 00 00 00 00 00 00 00 00 00 00 00 00 00 00 00 00  | ................
e1a0: 00 00 00 00 00 00 00 00 00 00 00 00 00 00 00 00  | ................
e1b0: 00 00 00 00 00 00 00 00 00 00 00 00 00 00 00 00  | ................
e1c0: 00 00 00 00 00 00 00 00 00 00 00 00 00 00 00 00  | ................
e1d0: 00 00 00 00 00 00 00 00 00 00 00 00 00 00 00 00  | ................
e1e0: 00 00 00 00 00 00 00 00 00 00 00 00 00 00 00 00  | ................
e1f0: 00 00 00 00 00 00 00 00 00 00 00 00 00 00 00 00  | ................
e200: 00 00 aa 1f ab 1f ac 1f 00 00 00 00 00 00 00 00  | ................
e210: 00 00 00 00 00 00 00 00 00 00 00 00 00 00 00 00  | ................
e220: 00 00 00 00 00 00 00 00 00 00 00 00 00 00 00 00  | ................
e230: 00 00 00 00 00 00 00 00 00 00 00 00 00 00 00 00  | ................
e240: 00 00 ba 1f bb 1f bc 1f 00 00 00 00 00 00 00 00  | ................
e250: 00 00 00 00 00 00 00 00 00 00 00 00 00 00 00 00  | ................
e260: 00 00 00 00 00 00 00 00 00 00 00 00 00 00 00 00  | ................
e270: 00 00 00 00 00 00 00 00 00 00 00 00 00 00 00 00  | ................
e280: 00 00 00 00 00 00 00 00 00 00 00 00 00 00 00 00  | ................
e290: 00 00 00 00 00 00 00 00 00 00 00 00 00 00 00 00  | ................
e2a0: 00 00 00 00 00 00 00 00 00 00 00 00 00 00 00 00  | ................
e2b0: 00 00 00 00 00 00 00 00 00 00 00 00 00 00 00 00  | ................
e2c0: 00 00 00 00 00 00 00 00 00 00 00 00 00 00 00 00  | ................
e2d0: 00 00 00 00 00 00 00 00 00 00 00 00 00 00 00 00  | ................
e2e0: 00 00 00 00 00 00 00 00 00 00 00 00 00 00 00 00  | ................
e2f0: 00 00 00 00 00 00 00 00 00 00 00 00 00 00 00 00  | ................
e300: 00 00 00 00 00 00 00 00 00 00 00 00 00 00 00 00  | ................
e310: 00 00 00 00 00 00 00 00 00 00 00 00 00 00 00 00  | ................
e320: 00 00 00 00 00 00 00 00 00 00 00 00 00 00 00 00  | ................
e330: 00 00 00 00 00 00 00 00 00 00 00 00 00 00 00 00  | ................
e340: 00 00 00 00 00 00 00 00 00 00 00 00 00 00 00 00  | ................
e350: 00 00 00 00 00 00 00 00 00 00 00 00 00 00 00 00  | ................
e360: 00 00 00 00 00 00 00 00 00 00 00 00 00 00 00 00  | ................
e370: 00 00 00 00 00 00 00 00 00 00 00 00 00 00 00 00  | ................
e380: 00 00 00 00 00 00 00 00 00 00 00 00 00 00 00 00  | ................
e390: 00 00 00 00 00 00 00 00 00 00 00 00 00 00 00 00  | ................
e3a0: 00 00 00 00 00 00 00 00 00 00 00 00 00 00 00 00  | ................
e3b0: 00 00 00 00 00 00 00 00 00 00 00 00 00 00 00 00  | ................
e3c0: 00 00 00 00 00 00 00 00 00 00 00 00 00 00 00 00  | ................
e3d0: 00 00 00 00 00 00 00 00 00 00 00 00 00 00 00 00  | ................
e3e0: 00 00 00 00 00 00 00 00 00 00 00 00 00 00 00 00  | ................
e3f0: 00 00 00 00 00 00 00 00 00 00 00 00 00 00 00 00  | ................
e400: 00 00 00 00 00 00 00 00 00 00 00 00 00 00 00 00  | ................
e410: 00 00 00 00 00 00 00 00 00 00 00 00 00 00 00 00  | ................
e420: 00 00 00 00 00 00 00 00 00 00 00 00 00 00 00 00  | ................
e430: 00 00 00 00 00 00 00 00 00 00 00 00 00 00 00 00  | ................
e440: 00 00 00 00 00 00 00 00 00 00 00 00 00 00 00 00  | ................
e450: 00 00 00 00 00 00 00 00 00 00 00 00 00 00 00 00  | ................
e460: 00 00 00 00 00 00 00 00 00 00 00 00 00 00 00 00  | ................
e470: 00 00 00 00 00 00 00 00 00 00 00 00 00 00 00 00  | ................
e480: 00 00 00 00 00 00 00 00 00 00 00 00 00 00 00 00  | ................
e490: 00 00 00 00 00 00 00 00 00 00 00 00 00 00 00 00  | ................
e4a0: 00 00 00 00 00 00 00 00 00 00 00 00 00 00 00 00  | ................
e4b0: 00 00 00 00 00 00 00 00 00 00 00 00 00 00 00 00  | ................
e4c0: 00 00 00 00 00 00 00 00 00 00 00 00 00 00 00 00  | ................
e4d0: 00 00 00 00 00 00 00 00 00 00 00 00 00 00 00 00  | ................
e4e0: 00 00 00 00 00 00 00 00 00 00 00 00 00 00 00 00  | ................
e4f0: 00 00 00 00 00 00 00 00 00 00 00 00 00 00 00 00  | ................
e500: 00 00 00 00 00 00 00 00 00 00 00 00 00 00 00 00  | ................
e510: 00 00 00 00 00 00 00 00 00 00 00 00 00 00 00 00  | ................
e520: 00 00 00 00 00 00 00 00 00 00 00 00 00 00 00 00  | ................
e530: 00 00 00 00 00 00 00 00 00 00 00 00 00 00 00 00  | ................
e540: 00 00 00 00 00 00 00 00 00 00 00 00 00 00 00 00  | ................
e550: 00 00 00 00 00 00 00 00 00 00 00 00 00 00 00 00  | ................
e560: 00 00 00 00 00 00 00 00 00 00 00 00 00 00 00 00  | ................
e570: 00 00 00 00 00 00 00 00 00 00 00 00 00 00 00 00  | ................
e580: 00 00 00 00 00 00 00 00 00 00 00 00 00 00 00 00  | ................
e590: 00 00 00 00 00 00 00 00 00 00 00 00 00 00 00 00  | ................
e5a0: 00 00 00 00 00 00 00 00 00 00 00 00 00 00 00 00  | ................
e5b0: 00 00 00 00 00 00 00 00 00 00 00 00 00 00 00 00  | ................
e5c0: 00 00 00 00 00 00 00 00 00 00 00 00 00 00 00 00  | ................
e5d0: 00 00 00 00 00 00 00 00 00 00 00 00 00 00 00 00  | ................
e5e0: 00 00 00 00 00 00 00 00 00 00 00 00 00 00 00 00  | ................
e5f0: 00 00 00 00 00 00 00 00 00 00 00 00 00 00 00 00  | ................
e600: 00 00 00 00 00 00 00 00 00 00 00 00 00 00 00 00  | ................
e610: 00 00 00 00 00 00 00 00 00 00 00 00 00 00 00 00  | ................
e620: 00 00 00 00 00 00 00 00 00 00 00 00 00 00 00 00  | ................
e630: 00 00 00 00 00 00 00 00 00 00 00 00 00 00 00 00  | ................
e640: 00 00 00 00 00 00 00 00 00 00 00 00 00 00 00 00  | ................
e650: 00 00 00 00 00 00 00 00 00 00 00 00 00 00 00 00  | ................
e660: 00 00 00 00 00 00 00 00 00 00 00 00 00 00 00 00  | ................
e670: 00 00 00 00 00 00 00 00 00 00 00 00 00 00 00 00  | ................
e680: 00 00 00 00 00 00 00 00 00 00 00 00 00 00 00 00  | ................
e690: 00 00 00 00 00 00 00 00 00 00 00 00 00 00 00 00  | ................
e6a0: 00 00 00 00 00 00 00 00 00 00 00 00 00 00 00 00  | ................
e6b0: 00 00 00 00 00 00 00 00 00 00 00 00 00 00 00 00  | ................
e6c0: 00 00 00 00 00 00 00 00 00 00 00 00 00 00 00 00  | ................
e6d0: 00 00 00 00 00 00 00 00 00 00 00 00 00 00 00 00  | ................
e6e0: 00 00 00 00 00 00 00 00 00 00 00 00 00 00 00 00  | ................
e6f0: 00 00 00 00 00 00 00 00 00 00 00 00 00 00 00 00  | ................
e700: 00 00 00 00 00 00 00 00 00 00 00 00 00 00 00 00  | ................
e710: 00 00 00 00 00 00 00 00 00 00 00 00 00 00 00 00  | ................
e720: 00 00 00 00 00 00 00 00 00 00 00 00 00 00 00 00  | ................
e730: 00 00 00 00 00 00 00 00 00 00 00 00 00 00 00 00  | ................
e740: 00 00 00 00 00 00 00 00 00 00 00 00 00 00 00 00  | ................
e750: 00 00 00 00 00 00 00 00 00 00 00 00 00 00 00 00  | ................
e760: 00 00 00 00 00 00 00 00 00 00 00 00 00 00 00 00  | ................
e770: 00 00 00 00 00 00 00 00 00 00 00 00 00 00 00 00  | ................
e780: 00 00 00 00 00 00 00 00 00 00 00 00 00 00 00 00  | ................
e790: 00 00 00 00 00 00 00 00 00 00 00 00 00 00 00 00  | ................
e7a0: 00 00 00 00 00 00 00 00 00 00 00 00 00 00 00 00  | ................
e7b0: 00 00 00 00 00 00 00 00 00 00 00 00 00 00 00 00  | ................
e7c0: 00 00 00 00 00 00 00 00 00 00 00 00 00 00 00 00  | ................
e7d0: 00 00 00 00 00 00 00 00 00 00 00 00 00 00 00 00  | ................
e7e0: 00 00 00 00 00 00 00 00 00 00 00 00 00 00 00 00  | ................
e7f0: 00 00 00 00 00 00 00 00 00 00 00 00 00 00 00 00  | ................
e800: 00 00 00 00 00 00 00 00 00 00 00 00 00 00 00 00  | ................
e810: 00 00 00 00 00 00 00 00 00 00 00 00 00 00 00 00  | ................
e820: 00 00 00 00 00 00 00 00 00 00 00 00 00 00 00 00  | ................
e830: 00 00 00 00 00 00 00 00 00 00 00 00 00 00 00 00  | ................
e840: 00 00 00 00 00 00 00 00 00 00 00 00 00 00 00 00  | ................
e850: 00 00 00 00 00 00 00 00 00 00 00 00 00 00 00 00  | ................
e860: 00 00 00 00 00 00 00 00 00 00 00 00 00 00 00 00  | ................
e870: 00 00 00 00 00 00 00 00 00 00 00 00 00 00 00 00  | ................
e880: 00 00 00 00 00 00 00 00 00 00 00 00 00 00 00 00  | ................
e890: 00 00 00 00 00 00 00 00 00 00 00 00 00 00 00 00  | ................
e8a0: 00 00 00 00 00 00 00 00 00 00 00 00 00 00 00 00  | ................
e8b0: 00 00 00 00 00 00 00 00 00 00 00 00 00 00 00 00  | ................
e8c0: 00 00 00 00 00 00 00 00 00 00 00 00 00 00 00 00  | ................
e8d0: 00 00 00 00 00 00 00 00 00 00 00 00 00 00 00 00  | ................
e8e0: 00 00 00 00 00 00 00 00 00 00 00 00 00 00 00 00  | ................
e8f0: 00 00 00 00 00 00 00 00 00 00 00 00 00 00 00 00  | ................
e900: 00 00 00 00 00 00 00 00 00 00 00 00 00 00 00 00  | ................
e910: 00 00 00 00 00 00 00 00 00 00 00 00 00 00 00 00  | ................
e920: 00 00 00 00 00 00 00 00 00 00 00 00 00 00 00 00  | ................
e930: 00 00 00 00 00 00 00 00 00 00 00 00 00 00 00 00  | ................
e940: 00 00 00 00 00 00 00 00 00 00 00 00 00 00 00 00  | ................
e950: 00 00 00 00 00 00 00 00 00 00 00 00 00 00 00 00  | ................
e960: 00 00 00 00 00 00 00 00 00 00 00 00 00 00 00 00  | ................
e970: 00 00 00 00 00 00 00 00 00 00 00 00 00 00 00 00  | ................
e980: 00 00 00 00 00 00 00 00 00 00 00 00 00 00 00 00  | ................
e990: 00 00 00 00 00 00 00 00 00 00 00 00 00 00 00 00  | ................
e9a0: 00 00 00 00 00 00 00 00 00 00 00 00 00 00 00 00  | ................
e9b0: 00 00 00 00 00 00 00 00 00 00 00 00 00 00 00 00  | ................
e9c0: 00 00 00 00 00 00 00 00 00 00 00 00 00 00 00 00  | ................
e9d0: 00 00 00 00 00 00 00 00 00 00 00 00 00 00 00 00  | ................
e9e0: 00 00 00 00 00 00 00 00 00 00 00 00 00 00 00 00  | ................
e9f0: 00 00 00 00 00 00 00 00 00 00 00 00 00 00 00 00  | ................
ea00: 00 00 00 00 00 00 00 00 00 00 00 00 00 00 00 00  | ................
ea10: 00 00 00 00 00 00 00 00 00 00 00 00 00 00 00 00  | ................
ea20: 00 00 00 00 00 00 00 00 00 00 00 00 00 00 00 00  | ................
ea30: 00 00 00 00 00 00 00 00 00 00 00 00 00 00 00 00  | ................
ea40: 00 00 00 00 00 00 00 00 00 00 00 00 00 00 00 00  | ................
ea50: 00 00 00 00 00 00 00 00 00 00 00 00 00 00 00 00  | ................
ea60: 00 00 00 00 00 00 00 00 00 00 00 00 00 00 00 00  | ................
ea70: 00 00 00 00 00 00 00 00 00 00 00 00 00 00 00 00  | ................
ea80: 00 00 00 00 00 00 00 00 00 00 00 00 00 00 00 00  | ................
ea90: 00 00 00 00 00 00 00 00 00 00 00 00 00 00 00 00  | ................
eaa0: 00 00 00 00 00 00 00 00 00 00 00 00 00 00 00 00  | ................
eab0: 00 00 00 00 00 00 00 00 00 00 00 00 00 00 00 00  | ................
eac0: 00 00 00 00 00 00 00 00 00 00 00 00 00 00 00 00  | ................
ead0: 00 00 00 00 00 00 00 00 00 00 00 00 00 00 00 00  | ................
eae0: 00 00 00 00 00 00 00 00 00 00 00 00 00 00 00 00  | ................
eaf0: 00 00 00 00 00 00 00 00 00 00 00 00 00 00 00 00  | ................
eb00: 00 00 00 00 00 00 00 00 00 00 00 00 00 00 00 00  | ................
eb10: 00 00 00 00 00 00 00 00 00 00 00 00 00 00 00 00  | ................
eb20: 00 00 00 00 00 00 00 00 00 00 00 00 00 00 00 00  | ................
eb30: 00 00 00 00 00 00 00 00 00 00 00 00 00 00 00 00  | ................
eb40: 00 00 00 00 00 00 00 00 00 00 00 00 00 00 00 00  | ................
eb50: 00 00 00 00 00 00 00 00 00 00 00 00 00 00 00 00  | ................
eb60: 00 00 00 00 00 00 00 00 00 00 00 00 00 00 00 00  | ................
eb70: 00 00 00 00 00 00 00 00 00 00 00 00 00 00 00 00  | ................
eb80: 00 00 00 00 00 00 00 00 00 00 00 00 00 00 00 00  | ................
eb90: 00 00 00 00 00 00 00 00 00 00 00 00 00 00 00 00  | ................
eba0: 00 00 00 00 00 00 00 00 00 00 00 00 00 00 00 00  | ................
ebb0: 00 00 00 00 00 00 00 00 00 00 00 00 00 00 00 00  | ................
ebc0: 00 00 00 00 00 00 00 00 00 00 00 00 00 00 00 00  | ................
ebd0: 00 00 00 00 00 00 00 00 00 00 00 00 00 00 00 00  | ................
ebe0: 00 00 00 00 00 00 00 00 00 00 00 00 00 00 00 00  | ................
ebf0: 00 00 00 00 00 00 00 00 00 00 00 00 00 00 00 00  | ................
ec00: 00 00 00 00 00 00 00 00 00 00 00 00 00 00 00 00  | ................
ec10: 00 00 00 00 00 00 00 00 00 00 00 00 00 00 00 00  | ................
ec20: 00 00 00 00 00 00 00 00 00 00 00 00 00 00 00 00  | ................
ec30: 00 00 00 00 00 00 00 00 00 00 00 00 00 00 00 00  | ................
ec40: 00 00 00 00 00 00 00 00 00 00 00 00 00 00 00 00  | ................
ec50: 00 00 00 00 00 00 00 00 00 00 00 00 00 00 00 00  | ................
ec60: 00 00 00 00 00 00 00 00 00 00 00 00 00 00 00 00  | ................
ec70: 00 00 00 00 00 00 00 00 00 00 00 00 00 00 00 00  | ................
ec80: 00 00 00 00 00 00 00 00 00 00 00 00 00 00 00 00  | ................
ec90: 00 00 00 00 00 00 00 00 00 00 00 00 00 00 00 00  | ................
eca0: 00 00 00 00 00 00 00 00 00 00 00 00 00 00 00 00  | ................
ecb0: 00 00 00 00 00 00 00 00 00 00 00 00 00 00 00 00  | ................
ecc0: 00 00 00 00 00 00 00 00 00 00 00 00 00 00 00 00  | ................
ecd0: 00 00 00 00 00 00 00 00 00 00 00 00 00 00 00 00  | ................
ece0: 00 00 00 00 00 00 00 00 00 00 00 00 00 00 00 00  | ................
ecf0: 00 00 00 00 00 00 00 00 00 00 00 00 00 00 00 00  | ................
ed00: 00 00 00 00 00 00 00 00 00 00 00 00 00 00 00 00  | ................
ed10: 00 00 00 00 00 00 00 00 00 00 00 00 00 00 00 00  | ................
ed20: 00 00 00 00 00 00 00 00 00 00 00 00 00 00 00 00  | ................
ed30: 00 00 00 00 00 00 00 00 00 00 00 00 00 00 00 00  | ................
ed40: 00 00 00 00 00 00 00 00 00 00 00 00 00 00 00 00  | ................
ed50: 00 00 00 00 00 00 00 00 00 00 00 00 00 00 00 00  | ................
ed60: 00 00 00 00 00 00 00 00 00 00 00 00 00 00 00 00  | ................
ed70: 00 00 00 00 00 00 00 00 00 00 00 00 00 00 00 00  | ................
ed80: 00 00 00 00 00 00 00 00 00 00 00 00 00 00 00 00  | ................
ed90: 00 00 00 00 00 00 00 00 00 00 00 00 00 00 00 00  | ................
eda0: 00 00 00 00 00 00 00 00 00 00 00 00 00 00 00 00  | ................
edb0: 00 00 00 00 00 00 00 00 00 00 00 00 00 00 00 00  | ................
edc0: 00 00 00 00 00 00 00 00 00 00 00 00 00 00 00 00  | ................
edd0: 00 00 00 00 00 00 00 00 00 00 00 00 00 00 00 00  | ................
ede0: 00 00 00 00 00 00 00 00 00 00 00 00 00 00 00 00  | ................
edf0: 00 00 00 00 00 00 00 00 00 00 00 00 00 00 00 00  | ................
ee00: 00 00 00 00 00 00 00 00 00 00 00 00 00 00 00 00  | ................
ee10: 00 00 00 00 00 00 00 00 00 00 00 00 00 00 00 00  | ................
ee20: 00 00 00 00 00 00 00 00 00 00 00 00 00 00 00 00  | ................
ee30: 00 00 00 00 00 00 00 00 00 00 00 00 00 00 00 00  | ................
ee40: 00 00 00 00 00 00 00 00 00 00 00 00 00 00 00 00  | ................
ee50: 00 00 00 00 00 00 00 00 00 00 00 00 00 00 00 00  | ................
ee60: 00 00 00 00 00 00 00 00 00 00 00 00 00 00 00 00  | ................
ee70: 00 00 00 00 00 00 00 00 00 00 00 00 00 00 00 00  | ................
ee80: 00 00 00 00 00 00 00 00 00 00 00 00 00 00 00 00  | ................
ee90: 00 00 00 00 00 00 00 00 00 00 00 00 00 00 00 00  | ................
eea0: 00 00 00 00 00 00 00 00 00 00 00 00 00 00 00 00  | ................
eeb0: 00 00 00 00 00 00 00 00 00 00 00 00 00 00 00 00  | ................
eec0: 00 00 00 00 00 00 00 00 00 00 00 00 00 00 00 00  | ................
eed0: 00 00 00 00 00 00 00 00 00 00 00 00 00 00 00 00  | ................
eee0: 00 00 00 00 00 00 00 00 00 00 00 00 00 00 00 00  | ................
eef0: 00 00 00 00 00 00 00 00 00 00 00 00 00 00 00 00  | ................
ef00: 00 00 00 00 00 00 00 00 00 00 00 00 00 00 00 00  | ................
ef10: 00 00 00 00 00 00 00 00 00 00 00 00 00 00 00 00  | ................
ef20: 00 00 00 00 00 00 00 00 00 00 00 00 00 00 00 00  | ................
ef30: 00 00 00 00 00 00 00 00 00 00 00 00 00 00 00 00  | ................
ef40: 00 00 00 00 00 00 00 00 00 00 00 00 00 00 00 00  | ................
ef50: 00 00 00 00 00 00 00 00 00 00 00 00 00 00 00 00  | ................
ef60: 00 00 00 00 00 00 00 00 00 00 00 00 00 00 00 00  | ................
ef70: 00 00 00 00 00 00 00 00 00 00 00 00 00 00 00 00  | ................
ef80: 00 00 00 00 00 00 00 00 00 00 00 00 00 00 00 00  | ................
ef90: 00 00 00 00 00 00 00 00 00 00 00 00 00 00 00 00  | ................
efa0: 00 00 00 00 00 00 00 00 00 00 00 00 00 00 00 00  | ................
efb0: 00 00 00 00 00 00 00 00 00 00 00 00 00 00 00 00  | ................
efc0: 00 00 00 00 00 00 00 00 00 00 00 00 00 00 00 00  | ................
efd0: 00 00 00 00 00 00 00 00 00 00 00 00 00 00 00 00  | ................
efe0: 00 00 00 00 00 00 00 00 00 00 00 00 00 00 00 00  | ................
eff0: 00 00 00 00 00 00 00 00 00 00 00 00 00 00 00 00  | ................
f000: 00 00 00 00 00 00 00 00 00 00 00 00 00 00 00 00  | ................
f010: 00 00 00 00 00 00 00 00 00 00 00 00 00 00 00 00  | ................
f020: 00 00 00 00 00 00 00 00 00 00 00 00 00 00 00 00  | ................
f030: 00 00 00 00 00 00 00 00 00 00 00 00 00 00 00 00  | ................
f040: 00 00 00 00 00 00 00 00 00 00 00 00 00 00 00 00  | ................
f050: 00 00 00 00 00 00 00 00 00 00 00 00 00 00 00 00  | ................
f060: 00 00 00 00 00 00 00 00 00 00 00 00 00 00 00 00  | ................
f070: 00 00 00 00 00 00 00 00 00 00 00 00 00 00 00 00  | ................
f080: 00 00 00 00 00 00 00 00 00 00 00 00 00 00 00 00  | ................
f090: 00 00 00 00 00 00 00 00 00 00 00 00 00 00 00 00  | ................
f0a0: 00 00 00 00 00 00 00 00 00 00 00 00 00 00 00 00  | ................
f0b0: 00 00 00 00 00 00 00 00 00 00 00 00 00 00 00 00  | ................
f0c0: 00 00 00 00 00 00 00 00 00 00 00 00 00 00 00 00  | ................
f0d0: 00 00 00 00 00 00 00 00 00 00 00 00 00 00 00 00  | ................
f0e0: 00 00 00 00 00 00 00 00 00 00 00 00 00 00 00 00  | ................
f0f0: 00 00 00 00 00 00 00 00 00 00 00 00 00 00 00 00  | ................
f100: 00 00 00 00 00 00 00 00 00 00 00 00 00 00 00 00  | ................
f110: 00 00 00 00 00 00 00 00 00 00 00 00 00 00 00 00  | ................
f120: 00 00 00 00 00 00 00 00 00 00 00 00 00 00 00 00  | ................
f130: 00 00 00 00 00 00 00 00 00 00 00 00 00 00 00 00  | ................
f140: 00 00 00 00 00 00 00 00 00 00 00 00 00 00 00 00  | ................
f150: 00 00 00 00 00 00 00 00 00 00 00 00 00 00 00 00  | ................
f160: 00 00 00 00 00 00 00 00 00 00 00 00 00 00 00 00  | ................
f170: 00 00 00 00 00 00 00 00 00 00 00 00 00 00 00 00  | ................
f180: 00 00 00 00 00 00 00 00 00 00 00 00 00 00 00 00  | ................
f190: 00 00 00 00 00 00 00 00 00 00 00 00 00 00 00 00  | ................
f1a0: 00 00 00 00 00 00 00 00 00 00 00 00 00 00 00 00  | ................
f1b0: 00 00 00 00 00 00 00 00 00 00 00 00 00 00 00 00  | ................
f1c0: 00 00 00 00 00 00 00 00 00 00 00 00 00 00 00 00  | ................
f1d0: 00 00 00 00 00 00 00 00 00 00 00 00 00 00 00 00  | ................
f1e0: 00 00 00 00 00 00 00 00 00 00 00 00 00 00 00 00  | ................
f1f0: 00 00 00 00 00 00 00 00 00 00 00 00 00 00 00 00  | ................
f200: 00 00 00 00 00 00 00 00 00 00 00 00 00 00 00 00  | ................
f210: 00 00 00 00 00 00 00 00 00 00 00 00 00 00 00 00  | ................
f220: 00 00 00 00 00 00 00 00 00 00 00 00 00 00 00 00  | ................
f230: 00 00 00 00 00 00 00 00 00 00 00 00 00 00 00 00  | ................
f240: 00 00 00 00 00 00 00 00 00 00 00 00 00 00 00 00  | ................
f250: 00 00 00 00 00 00 00 00 00 00 00 00 00 00 00 00  | ................
f260: 00 00 00 00 00 00 00 00 00 00 00 00 00 00 00 00  | ................
f270: 00 00 00 00 00 00 00 00 00 00 00 00 00 00 00 00  | ................
f280: 00 00 00 00 00 00 00 00 00 00 00 00 00 00 00 00  | ................
f290: 00 00 00 00 00 00 00 00 00 00 00 00 00 00 00 00  | ................
f2a0: 00 00 00 00 00 00 00 00 00 00 00 00 00 00 00 00  | ................
f2b0: 00 00 00 00 00 00 00 00 00 00 00 00 00 00 00 00  | ................
f2c0: 00 00 00 00 00 00 00 00 00 00 00 00 00 00 00 00  | ................
f2d0: 00 00 00 00 00 00 00 00 00 00 00 00 00 00 00 00  | ................
f2e0: 00 00 00 00 00 00 00 00 00 00 00 00 00 00 00 00  | ................
f2f0: 00 00 00 00 00 00 00 00 00 00 00 00 00 00 00 00  | ................
f300: 00 00 00 00 00 00 00 00 00 00 00 00 00 00 00 00  | ................
f310: 00 00 00 00 00 00 00 00 00 00 00 00 00 00 00 00  | ................
f320: 00 00 00 00 00 00 00 00 00 00 00 00 00 00 00 00  | ................
f330: 00 00 00 00 00 00 00 00 00 00 00 00 00 00 00 00  | ................
f340: 00 00 00 00 00 00 00 00 00 00 00 00 00 00 00 00  | ................
f350: 00 00 00 00 00 00 00 00 00 00 00 00 00 00 00 00  | ................
f360: 00 00 00 00 00 00 00 00 00 00 00 00 00 00 00 00  | ................
f370: 00 00 00 00 00 00 00 00 00 00 00 00 00 00 00 00  | ................
f380: 00 00 00 00 00 00 00 00 00 00 00 00 00 00 00 00  | ................
f390: 00 00 00 00 00 00 00 00 00 00 00 00 00 00 00 00  | ................
f3a0: 00 00 00 00 00 00 00 00 00 00 00 00 00 00 00 00  | ................
f3b0: 00 00 00 00 00 00 00 00 00 00 00 00 00 00 00 00  | ................
f3c0: 00 00 00 00 00 00 00 00 00 00 00 00 00 00 00 00  | ................
f3d0: 00 00 00 00 00 00 00 00 00 00 00 00 00 00 00 00  | ................
f3e0: 00 00 00 00 00 00 00 00 00 00 00 00 00 00 00 00  | ................
f3f0: 00 00 00 00 00 00 00 00 00 00 00 00 00 00 00 00  | ................
f400: 00 00 00 00 00 00 00 00 00 00 00 00 00 00 00 00  | ................
f410: 00 00 00 00 00 00 00 00 00 00 00 00 00 00 00 00  | ................
f420: 00 00 00 00 00 00 00 00 00 00 00 00 00 00 00 00  | ................
f430: 00 00 00 00 00 00 00 00 00 00 00 00 00 00 00 00  | ................
f440: 00 00 00 00 00 00 00 00 00 00 00 00 00 00 00 00  | ................
f450: 00 00 00 00 00 00 00 00 00 00 00 00 00 00 00 00  | ................
f460: 00 00 00 00 00 00 00 00 00 00 00 00 00 00 00 00  | ................
f470: 00 00 00 00 00 00 00 00 00 00 00 00 00 00 00 00  | ................
f480: 00 00 00 00 00 00 00 00 00 00 00 00 00 00 00 00  | ................
f490: 00 00 00 00 00 00 00 00 00 00 00 00 00 00 00 00  | ................
f4a0: 00 00 00 00 00 00 00 00 00 00 00 00 00 00 00 00  | ................
f4b0: 00 00 00 00 00 00 00 00 00 00 00 00 00 00 00 00  | ................
f4c0: 00 00 00 00 00 00 00 00 00 00 00 00 00 00 00 00  | ................
f4d0: 00 00 00 00 00 00 00 00 00 00 00 00 00 00 00 00  | ................
f4e0: 00 00 00 00 00 00 00 00 00 00 00 00 00 00 00 00  | ................
f4f0: 00 00 00 00 00 00 00 00 00 00 00 00 00 00 00 00  | ................
f500: 00 00 00 00 00 00 00 00 00 00 00 00 00 00 00 00  | ................
f510: 00 00 00 00 00 00 00 00 00 00 00 00 00 00 00 00  | ................
f520: 00 00 00 00 00 00 00 00 00 00 00 00 00 00 00 00  | ................
f530: 00 00 00 00 00 00 00 00 00 00 00 00 00 00 00 00  | ................
f540: 00 00 00 00 00 00 00 00 00 00 00 00 00 00 00 00  | ................
f550: 00 00 00 00 00 00 00 00 00 00 00 00 00 00 00 00  | ................
f560: 00 00 00 00 00 00 00 00 00 00 00 00 00 00 00 00  | ................
f570: 00 00 00 00 00 00 00 00 00 00 00 00 00 00 00 00  | ................
f580: 00 00 00 00 00 00 00 00 00 00 00 00 00 00 00 00  | ................
f590: 00 00 00 00 00 00 00 00 00 00 00 00 00 00 00 00  | ................
f5a0: 00 00 00 00 00 00 00 00 00 00 00 00 00 00 00 00  | ................
f5b0: 00 00 00 00 00 00 00 00 00 00 00 00 00 00 00 00  | ................
f5c0: 00 00 00 00 00 00 00 00 00 00 00 00 00 00 00 00  | ................
f5d0: 00 00 00 00 00 00 00 00 00 00 00 00 00 00 00 00  | ................
f5e0: 00 00 00 00 00 00 00 00 00 00 00 00 00 00 00 00  | ................
f5f0: 00 00 00 00 00 00 00 00 00 00 00 00 00 00 00 00  | ................
f600: 00 00 00 00 00 00 00 00 00 00 00 00 00 00 00 00  | ................
f610: 00 00 00 00 00 00 00 00 00 00 00 00 00 00 00 00  | ................
f620: 00 00 00 00 00 00 00 00 00 00 00 00 00 00 00 00  | ................
f630: 00 00 00 00 00 00 00 00 00 00 00 00 00 00 00 00  | ................
f640: 00 00 00 00 00 00 00 00 00 00 00 00 00 00 00 00  | ................
f650: 00 00 00 00 00 00 00 00 00 00 00 00 00 00 00 00  | ................
f660: 00 00 00 00 00 00 00 00 00 00 00 00 00 00 00 00  | ................
f670: 00 00 00 00 00 00 00 00 00 00 00 00 00 00 00 00  | ................
f680: 00 00 00 00 00 00 00 00 00 00 00 00 00 00 00 00  | ................
f690: 00 00 00 00 00 00 00 00 00 00 00 00 00 00 00 00  | ................
f6a0: 00 00 00 00 00 00 00 00 00 00 00 00 00 00 00 00  | ................
f6b0: 00 00 00 00 00 00 00 00 00 00 00 00 00 00 00 00  | ................
f6c0: 00 00 00 00 00 00 00 00 00 00 00 00 00 00 00 00  | ................
f6d0: 00 00 00 00 00 00 00 00 00 00 00 00 00 00 00 00  | ................
f6e0: 00 00 00 00 00 00 00 00 00 00 00 00 00 00 00 00  | ................
f6f0: 00 00 00 00 00 00 00 00 00 00 00 00 00 00 00 00  | ................
f700: 00 00 00 00 00 00 00 00 00 00 00 00 00 00 00 00  | ................
f710: 00 00 00 00 00 00 00 00 00 00 00 00 00 00 00 00  | ................
f720: 00 00 00 00 00 00 00 00 00 00 00 00 00 00 00 00  | ................
f730: 00 00 00 00 00 00 00 00 00 00 00 00 00 00 00 00  | ................
f740: 00 00 00 00 00 00 00 00 00 00 00 00 00 00 00 00  | ................
f750: 00 00 00 00 00 00 00 00 00 00 00 00 00 00 00 00  | ................
f760: 00 00 00 00 00 00 00 00 00 00 00 00 00 00 00 00  | ................
f770: 00 00 00 00 00 00 00 00 00 00 00 00 00 00 00 00  | ................
f780: 00 00 00 00 00 00 00 00 00 00 00 00 00 00 00 00  | ................
f790: 00 00 00 00 00 00 00 00 00 00 00 00 00 00 00 00  | ................
f7a0: 00 00 00 00 00 00 00 00 00 00 00 00 00 00 00 00  | ................
f7b0: 00 00 00 00 00 00 00 00 00 00 00 00 00 00 00 00  | ................
f7c0: 00 00 00 00 00 00 00 00 00 00 00 00 00 00 00 00  | ................
f7d0: 00 00 00 00 00 00 00 00 00 00 00 00 00 00 00 00  | ................
f7e0: 00 00 00 00 00 00 00 00 00 00 00 00 00 00 00 00  | ................
f7f0: 00 00 00 00 00 00 00 00 00 00 00 00 00 00 00 00  | ................
f800: 00 00 00 00 00 00 00 00 00 00 00 00 00 00 00 00  | ................
f810: 00 00 00 00 00 00 00 00 00 00 00 00 00 00 00 00  | ................
f820: 00 00 00 00 00 00 00 00 00 00 00 00 00 00 00 00  | ................
f830: 00 00 00 00 00 00 00 00 00 00 00 00 00 00 00 00  | ................
f840: 00 00 00 00 00 00 00 00 00 00 00 00 00 00 00 00  | ................
f850: 00 00 00 00 00 00 00 00 00 00 00 00 00 00 00 00  | ................
f860: 00 00 00 00 00 00 00 00 00 00 00 00 00 00 00 00  | ................
f870: 00 00 00 00 00 00 00 00 00 00 00 00 00 00 00 00  | ................
f880: 00 00 00 00 00 00 00 00 00 00 00 00 00 00 00 00  | ................
f890: 00 00 00 00 00 00 00 00 00 00 00 00 00 00 00 00  | ................
f8a0: 00 00 00 00 00 00 00 00 00 00 00 00 00 00 00 00  | ................
f8b0: 00 00 00 00 00 00 00 00 00 00 00 00 00 00 00 00  | ................
f8c0: 00 00 00 00 00 00 00 00 00 00 00 00 00 00 00 00  | ................
f8d0: 00 00 00 00 00 00 00 00 00 00 00 00 00 00 00 00  | ................
f8e0: 00 00 00 00 00 00 00 00 00 00 00 00 00 00 00 00  | ................
f8f0: 00 00 00 00 00 00 00 00 00 00 00 00 00 00 00 00  | ................
f900: 00 00 00 00 00 00 00 00 00 00 00 00 00 00 00 00  | ................
f910: 00 00 00 00 00 00 00 00 00 00 00 00 00 00 00 00  | ................
f920: 00 00 00 00 00 00 00 00 00 00 00 00 00 00 00 00  | ................
f930: 00 00 00 00 00 00 00 00 00 00 00 00 00 00 00 00  | ................
f940: 00 00 00 00 00 00 00 00 00 00 00 00 00 00 00 00  | ................
f950: 00 00 00 00 00 00 00 00 00 00 00 00 00 00 00 00  | ................
f960: 00 00 00 00 00 00 00 00 00 00 00 00 00 00 00 00  | ................
f970: 00 00 00 00 00 00 00 00 00 00 00 00 00 00 00 00  | ................
f980: 00 00 00 00 00 00 00 00 00 00 00 00 00 00 00 00  | ................
f990: 00 00 00 00 00 00 00 00 00 00 00 00 00 00 00 00  | ................
f9a0: 00 00 00 00 00 00 00 00 00 00 00 00 00 00 00 00  | ................
f9b0: 00 00 00 00 00 00 00 00 00 00 00 00 00 00 00 00  | ................
f9c0: 00 00 00 00 00 00 00 00 00 00 00 00 00 00 00 00  | ................
f9d0: 00 00 00 00 00 00 00 00 00 00 00 00 00 00 00 00  | ................
f9e0: 00 00 00 00 00 00 00 00 00 00 00 00 00 00 00 00  | ................
f9f0: 00 00 00 00 00 00 00 00 00 00 00 00 00 00 00 00  | ................
fa00: 00 00 00 00 00 00 00 00 00 00 00 00 00 00 00 00  | ................
fa10: 00 00 00 00 00 00 00 00 00 00 00 00 00 00 00 00  | ................
fa20: 00 00 00 00 00 00 00 00 00 00 00 00 00 00 00 00  | ................
fa30: 00 00 00 00 00 00 00 00 00 00 00 00 00 00 00 00  | ................
fa40: 00 00 00 00 00 00 00 00 00 00 00 00 00 00 00 00  | ................
fa50: 00 00 00 00 00 00 00 00 00 00 00 00 00 00 00 00  | ................
fa60: 00 00 00 00 00 00 00 00 00 00 00 00 00 00 00 00  | ................
fa70: 00 00 00 00 00 00 00 00 00 00 00 00 00 00 00 00  | ................
fa80: 00 00 00 00 00 00 00 00 00 00 00 00 00 00 00 00  | ................
fa90: 00 00 00 00 00 00 00 00 00 00 00 00 00 00 00 00  | ................
faa0: 00 00 00 00 00 00 00 00 00 00 00 00 00 00 00 00  | ................
fab0: 00 00 00 00 00 00 00 00 00 00 00 00 00 00 00 00  | ................
fac0: 00 00 00 00 00 00 00 00 00 00 00 00 00 00 00 00  | ................
fad0: 00 00 00 00 00 00 00 00 00 00 00 00 00 00 00 00  | ................
fae0: 00 00 00 00 00 00 00 00 00 00 00 00 00 00 00 00  | ................
faf0: 00 00 00 00 00 00 00 00 00 00 00 00 00 00 00 00  | ................
fb00: 00 00 00 00 00 00 00 00 00 00 00 00 00 00 00 00  | ................
fb10: 00 00 00 00 00 00 00 00 00 00 00 00 00 00 00 00  | ................
fb20: 00 00 00 00 00 00 00 00 00 00 00 00 00 00 00 00  | ................
fb30: 00 00 00 00 00 00 00 00 00 00 00 00 00 00 00 00  | ................
fb40: 00 00 00 00 00 00 00 00 00 00 00 00 00 00 00 00  | ................
fb50: 00 00 00 00 00 00 00 00 00 00 00 00 00 00 00 00  | ................
fb60: 00 00 00 00 00 00 00 00 00 00 00 00 00 00 00 00  | ................
fb70: 00 00 00 00 00 00 00 00 00 00 00 00 00 00 00 00  | ................
fb80: 00 00 00 00 00 00 00 00 00 00 00 00 00 00 00 00  | ................
fb90: 00 00 00 00 00 00 00 00 00 00 00 00 00 00 00 00  | ................
fba0: 00 00 00 00 00 00 00 00 00 00 00 00 00 00 00 00  | ................
fbb0: 00 00 00 00 00 00 00 00 00 00 00 00 00 00 00 00  | ................
fbc0: 00 00 00 00 00 00 00 00 00 00 00 00 00 00 00 00  | ................
fbd0: 00 00 00 00 00 00 00 00 00 00 00 00 00 00 00 00  | ................
fbe0: 00 00 00 00 00 00 00 00 00 00 00 00 00 00 00 00  | ................
fbf0: 00 00 00 00 00 00 00 00 00 00 00 00 00 00 00 00  | ................
fc00: 00 00 00 00 00 00 00 00 00 00 00 00 00 00 00 00  | ................
fc10: 00 00 00 00 00 00 00 00 00 00 00 00 00 00 00 00  | ................
fc20: 00 00 00 00 00 00 00 00 00 00 00 00 00 00 00 00  | ................
fc30: 00 00 00 00 00 00 00 00 00 00 00 00 00 00 00 00  | ................
fc40: 00 00 00 00 00 00 00 00 00 00 00 00 00 00 00 00  | ................
fc50: 00 00 00 00 00 00 00 00 00 00 00 00 00 00 00 00  | ................
fc60: 00 00 00 00 00 00 00 00 00 00 00 00 00 00 00 00  | ................
fc70: 00 00 00 00 00 00 00 00 00 00 00 00 00 00 00 00  | ................
fc80: 00 00 00 00 00 00 00 00 00 00 00 00 00 00 00 00  | ................
fc90: 00 00 00 00 00 00 00 00 00 00 00 00 00 00 00 00  | ................
fca0: 00 00 00 00 00 00 00 00 00 00 00 00 00 00 00 00  | ................
fcb0: 00 00 00 00 00 00 00 00 00 00 00 00 00 00 00 00  | ................
fcc0: 00 00 00 00 00 00 00 00 00 00 00 00 00 00 00 00  | ................
fcd0: 00 00 00 00 00 00 00 00 00 00 00 00 00 00 00 00  | ................
fce0: 00 00 00 00 00 00 00 00 00 00 00 00 00 00 00 00  | ................
fcf0: 00 00 00 00 00 00 00 00 00 00 00 00 00 00 00 00  | ................
fd00: 00 00 00 00 00 00 00 00 00 00 00 00 00 00 00 00  | ................
fd10: 00 00 00 00 00 00 00 00 00 00 00 00 00 00 00 00  | ................
fd20: 00 00 00 00 00 00 00 00 00 00 00 00 00 00 00 00  | ................
fd30: 00 00 00 00 00 00 00 00 00 00 00 00 00 00 00 00  | ................
fd40: 00 00 00 00 00 00 00 00 00 00 00 00 00 00 00 00  | ................
fd50: 00 00 00 00 00 00 00 00 00 00 00 00 00 00 00 00  | ................
fd60: 00 00 00 00 00 00 00 00 00 00 00 00 00 00 00 00  | ................
fd70: 00 00 00 00 00 00 00 00 00 00 00 00 00 00 00 00  | ................
fd80: 00 00 00 00 00 00 00 00 00 00 00 00 00 00 00 00  | ................
fd90: 00 00 00 00 00 00 00 00 00 00 00 00 00 00 00 00  | ................
fda0: 00 00 00 00 00 00 00 00 00 00 00 00 00 00 00 00  | ................
fdb0: 00 00 00 00 00 00 00 00 00 00 00 00 00 00 00 00  | ................
fdc0: 00 00 00 00 00 00 00 00 00 00 00 00 00 00 00 00  | ................
fdd0: 00 00 00 00 00 00 00 00 00 00 00 00 00 00 00 00  | ................
fde0: 00 00 00 00 00 00 00 00 00 00 00 00 00 00 00 00  | ................
fdf0: 00 00 00 00 00 00 00 00 00 00 00 00 00 00 00 00  | ................
fe00: 00 00 00 00 00 00 00 00 00 00 00 00 00 00 00 00  | ................
fe10: 00 00 00 00 00 00 00 00 00 00 00 00 00 00 00 00  | ................
fe20: 00 00 00 00 00 00 00 00 00 00 00 00 00 00 00 00  | ................
fe30: 00 00 00 00 00 00 00 00 00 00 00 00 00 00 00 00  | ................
fe40: 00 00 00 00 00 00 00 00 00 00 00 00 00 00 00 00  | ................
fe50: 00 00 00 00 00 00 00 00 00 00 00 00 00 00 00 00  | ................
fe60: 00 00 00 00 00 00 00 00 00 00 00 00 00 00 00 00  | ................
fe70: 00 00 00 00 00 00 00 00 00 00 00 00 00 00 00 00  | ................
fe80: 00 00 00 00 00 00 00 00 00 00 00 00 00 00 00 00  | ................
fe90: 00 00 00 00 00 00 00 00 00 00 00 00 00 00 00 00  | ................
fea0: 00 00 00 00 00 00 00 00 00 00 00 00 00 00 00 00  | ................
feb0: 00 00 00 00 00 00 00 00 00 00 00 00 00 00 00 00  | ................
fec0: 00 00 00 00 00 00 00 00 00 00 00 00 00 00 00 00  | ................
fed0: 00 00 00 00 00 00 00 00 00 00 00 00 00 00 00 00  | ................
fee0: 00 00 00 00 00 00 00 00 00 00 00 00 00 00 00 00  | ................
fef0: 00 00 00 00 00 00 00 00 00 00 00 00 00 00 00 00  | ................
ff00: 00 00 00 00 00 00 00 00 00 00 00 00 00 00 00 00  | ................
ff10: 00 00 00 00 00 00 00 00 00 00 00 00 00 00 00 00  | ................
ff20: 00 00 00 00 00 00 00 00 00 00 00 00 00 00 00 00  | ................
ff30: 00 00 00 00 00 00 00 00 00 00 00 00 00 00 00 00  | ................
ff40: 00 00 00 00 00 00 00 00 00 00 00 00 00 00 00 00  | ................
ff50: 00 00 00 00 00 00 00 00 00 00 00 00 00 00 00 00  | ................
ff60: 00 00 00 00 00 00 00 00 00 00 00 00 00 00 00 00  | ................
ff70: 00 00 00 00 00 00 00 00 00 00 00 00 00 00 00 00  | ................
ff80: 00 00 00 00 00 00 00 00 00 00 00 00 00 00 00 00  | ................
ff90: 00 00 00 00 00 00 00 00 00 00 00 00 00 00 00 00  | ................
ffa0: 00 00 00 00 00 00 00 00 00 00 00 00 00 00 00 00  | ................
ffb0: 00 00 00 00 00 00 00 00 00 00 00 00 00 00 00 00  | ................
ffc0: 00 00 00 00 00 00 00 00 00 00 00 00 00 00 00 00  | ................
ffd0: 00 00 00 00 00 00 00 00 00 00 00 00 00 00 00 00  | ................
ffe0: 00 00 00 00 00 00 00 00 00 00 00 00 00 00 00 00  | ................
fff0: 00 00 00 00 00 00 00 00 00 00 00 00 00 00 00 00  | ................
