VRAM Dump (64KB = 65536 bytes)
========================================
0000: 00 00 00 00 00 00 00 00 00 00 00 00 00 00 00 00  | ................
0010: 00 00 00 00 00 00 00 00 00 00 00 00 00 00 00 00  | ................
0020: 00 00 00 00 00 00 00 00 00 00 00 00 00 00 00 00  | ................
0030: 00 00 00 00 00 00 00 00 00 00 00 00 00 00 00 00  | ................
0040: 00 00 00 00 00 00 00 00 00 00 00 00 00 00 00 00  | ................
0050: 00 00 00 00 00 00 00 00 00 00 00 00 00 00 00 00  | ................
0060: 00 00 00 00 00 00 00 00 00 00 00 00 00 00 00 00  | ................
0070: 00 00 00 00 00 00 00 00 00 00 00 00 00 00 00 00  | ................
0080: 00 00 00 00 00 00 00 00 00 00 00 00 00 00 00 00  | ................
0090: 00 00 00 00 00 00 00 00 00 00 00 00 00 00 00 00  | ................
00a0: 00 c6 00 e6 00 e6 00 d6 00 d6 00 ce 00 ce 00 c6  | ................
00b0: 00 c0 00 c0 00 00 00 db 00 dd 00 d9 00 d9 00 d9  | ................
00c0: 00 00 00 30 00 78 00 33 00 b6 00 b7 00 b6 00 b3  | ...0.x.3........
00d0: 00 00 00 00 00 00 00 9b 00 dd 00 d9 00 19 00 99  | ................
00e0: 00 06 00 06 00 06 00 1e 00 b6 00 b6 00 b6 00 9e  | ................
00f0: 00 00 00 00 00 00 00 70 00 d8 00 d8 00 d8 00 70  | .......p.......p
0100: 00 3e 00 63 00 63 00 63 00 63 00 63 00 3e 00 00  | .>.c.c.c.c.c.>..
0110: 00 0c 00 1c 00 0c 00 0c 00 0c 00 0c 00 1e 00 00  | ................
0120: 00 3e 00 63 00 63 00 0e 00 18 00 30 00 7f 00 00  | .>.c.c.....0....
0130: 00 3e 00 63 00 63 00 0e 00 63 00 63 00 3e 00 00  | .>.c.c...c.c.>..
0140: 00 0e 00 16 00 26 00 66 00 7f 00 06 00 06 00 00  | .....&.f........
0150: 00 7f 00 60 00 7e 00 63 00 03 00 63 00 3e 00 00  | ...`.~.c...c.>..
0160: 00 3e 00 63 00 60 00 7e 00 63 00 63 00 3e 00 00  | .>.c.`.~.c.c.>..
0170: 00 7f 00 63 00 04 00 08 00 18 00 18 00 18 00 00  | ...c............
0180: 00 3e 00 63 00 63 00 3e 00 63 00 63 00 3e 00 00  | .>.c.c.>.c.c.>..
0190: 00 3e 00 63 00 63 00 3f 00 03 00 63 00 3e 00 00  | .>.c.c.?...c.>..
01a0: 00 00 00 44 00 28 00 10 00 28 00 44 00 00 00 00  | ...D.(...(.D....
01b0: 00 1c 00 18 00 10 00 10 00 10 00 18 00 1c 00 00  | ................
01c0: 00 80 00 40 00 20 00 10 00 08 00 04 00 02 00 00  | ...@. ..........
01d0: 00 70 00 30 00 10 00 10 00 10 00 30 00 70 00 00  | .p.0.......0.p..
01e0: 00 00 00 6c 00 9a 00 92 00 b2 00 6c 00 00 00 00  | ...l.......l....
01f0: 00 00 00 10 00 00 00 7c 00 00 00 10 00 00 00 00  | .......|........
0200: 00 00 00 00 00 00 00 00 00 00 00 00 00 00 00 00  | ................
0210: 00 00 00 0c 00 1c 00 18 00 10 00 00 00 20 00 00  | ............. ..
0220: 00 6c 00 24 00 48 00 00 00 00 00 00 00 00 00 00  | .l.$.H..........
0230: 00 08 00 2e 00 f8 00 28 00 3e 00 e8 00 20 00 00  | .......(.>... ..
0240: 00 10 00 7c 00 90 00 fe 00 12 00 fc 00 10 00 00  | ...|............
0250: 00 42 00 a4 00 a8 00 54 00 2a 00 4a 00 84 00 00  | .B.....T.*.J....
0260: 00 10 00 28 00 28 00 10 00 2a 00 44 00 3a 00 00  | ...(.(...*.D.:..
0270: 00 30 00 10 00 20 00 00 00 00 00 00 00 00 00 00  | .0... ..........
0280: 00 0c 00 10 00 20 00 20 00 20 00 10 00 0c 00 00  | ..... . . ......
0290: 00 60 00 10 00 08 00 08 00 08 00 10 00 60 00 00  | .`...........`..
02a0: 00 10 00 54 00 38 00 10 00 38 00 54 00 10 00 00  | ...T.8...8.T....
02b0: 00 10 00 10 00 10 00 7c 00 10 00 10 00 10 00 00  | .......|........
02c0: 00 00 00 00 00 00 00 00 00 00 00 30 00 10 00 20  | ...........0... 
02d0: 00 00 00 00 00 00 00 7c 00 00 00 00 00 00 00 00  | .......|........
02e0: 00 00 00 00 00 00 00 00 00 00 00 30 00 30 00 00  | ...........0.0..
02f0: 00 02 00 04 00 08 00 10 00 20 00 40 00 80 00 00  | ......... .@....
0300: 00 3e 00 63 00 63 00 63 00 63 00 63 00 3e 00 00  | .>.c.c.c.c.c.>..
0310: 00 0c 00 1c 00 0c 00 0c 00 0c 00 0c 00 1e 00 00  | ................
0320: 00 3e 00 63 00 63 00 0e 00 18 00 30 00 7f 00 00  | .>.c.c.....0....
0330: 00 3e 00 63 00 63 00 0e 00 63 00 63 00 3e 00 00  | .>.c.c...c.c.>..
0340: 00 0e 00 16 00 26 00 66 00 7f 00 06 00 06 00 00  | .....&.f........
0350: 00 7f 00 60 00 7e 00 63 00 03 00 63 00 3e 00 00  | ...`.~.c...c.>..
0360: 00 3e 00 63 00 60 00 7e 00 63 00 63 00 3e 00 00  | .>.c.`.~.c.c.>..
0370: 00 7f 00 63 00 04 00 08 00 18 00 18 00 18 00 00  | ...c............
0380: 00 3e 00 63 00 63 00 3e 00 63 00 63 00 3e 00 00  | .>.c.c.>.c.c.>..
0390: 00 3e 00 63 00 63 00 3f 00 03 00 63 00 3e 00 00  | .>.c.c.?...c.>..
03a0: 00 00 00 30 00 30 00 00 00 30 00 30 00 00 00 00  | ...0.0...0.0....
03b0: 00 00 00 30 00 30 00 00 00 30 00 10 00 20 00 00  | ...0.0...0... ..
03c0: 00 04 00 08 00 10 00 20 00 10 00 08 00 04 00 00  | ....... ........
03d0: 00 00 00 00 00 7c 00 00 00 7c 00 00 00 00 00 00  | .....|...|......
03e0: 00 40 00 20 00 10 00 08 00 10 00 20 00 40 00 00  | .@. ....... .@..
03f0: 00 3c 00 42 00 02 00 0c 00 10 00 00 00 10 00 00  | .<.B............
0400: 00 3c 00 42 00 91 00 a9 00 a9 00 b7 00 42 00 3c  | .<.B.........B.<
0410: 00 18 00 18 00 34 00 34 00 7c 00 62 00 f7 00 00  | .....4.4.|.b....
0420: 00 7e 00 31 00 31 00 3e 00 31 00 31 00 7e 00 00  | .~.1.1.>.1.1.~..
0430: 00 3d 00 63 00 61 00 60 00 61 00 61 00 3e 00 00  | .=.c.a.`.a.a.>..
0440: 00 7e 00 31 00 31 00 31 00 31 00 31 00 7e 00 00  | .~.1.1.1.1.1.~..
0450: 00 7e 00 31 00 34 00 3c 00 34 00 31 00 7f 00 00  | .~.1.4.<.4.1....
0460: 00 7e 00 31 00 34 00 3c 00 34 00 30 00 78 00 00  | .~.1.4.<.4.0.x..
0470: 00 3d 00 63 00 60 00 67 00 63 00 63 00 3d 00 00  | .=.c.`.g.c.c.=..
0480: 00 f7 00 62 00 62 00 7e 00 62 00 62 00 f7 00 00  | ...b.b.~.b.b....
0490: 00 3c 00 18 00 18 00 18 00 18 00 18 00 3c 00 00  | .<...........<..
04a0: 00 1e 00 0c 00 0c 00 0c 00 6c 00 4c 00 38 00 00  | .........l.L.8..
04b0: 00 77 00 32 00 34 00 3c 00 34 00 32 00 7b 00 00  | .w.2.4.<.4.2.{..
04c0: 00 78 00 30 00 30 00 30 00 31 00 31 00 7f 00 00  | .x.0.0.0.1.1....
04d0: 00 e3 00 76 00 7e 00 6a 00 6a 00 62 00 f7 00 00  | ...v.~.j.j.b....
04e0: 00 e7 00 72 00 7a 00 6e 00 66 00 62 00 f7 00 00  | ...r.z.n.f.b....
04f0: 00 3c 00 62 00 62 00 62 00 62 00 62 00 3c 00 00  | .<.b.b.b.b.b.<..
0500: 00 7e 00 31 00 31 00 31 00 3e 00 30 00 78 00 00  | .~.1.1.1.>.0.x..
0510: 00 3c 00 62 00 62 00 62 00 7a 00 66 00 3b 00 00  | .<.b.b.b.z.f.;..
0520: 00 7e 00 31 00 31 00 3e 00 34 00 32 00 7b 00 00  | .~.1.1.>.4.2.{..
0530: 00 3d 00 63 00 70 00 3e 00 07 00 63 00 5e 00 00  | .=.c.p.>...c.^..
0540: 00 7e 00 5a 00 18 00 18 00 18 00 18 00 3c 00 00  | .~.Z.........<..
0550: 00 f7 00 62 00 62 00 62 00 62 00 62 00 3c 00 00  | ...b.b.b.b.b.<..
0560: 00 f7 00 62 00 62 00 34 00 34 00 18 00 18 00 00  | ...b.b.4.4......
0570: 00 f7 00 62 00 6a 00 6a 00 7e 00 34 00 34 00 00  | ...b.j.j.~.4.4..
0580: 00 f3 00 62 00 34 00 18 00 2c 00 46 00 cf 00 00  | ...b.4...,.F....
0590: 00 f7 00 62 00 34 00 18 00 18 00 18 00 3c 00 00  | ...b.4.......<..
05a0: 00 3f 00 47 00 0e 00 1c 00 38 00 71 00 7f 00 00  | .?.G.....8.q....
05b0: 00 30 00 20 00 20 00 20 00 20 00 20 00 30 00 00  | .0. . . . . .0..
05c0: 00 44 00 28 00 7c 00 10 00 7c 00 10 00 10 00 00  | .D.(.|...|......
05d0: 00 30 00 10 00 10 00 10 00 10 00 10 00 30 00 00  | .0...........0..
05e0: 00 10 00 28 00 44 00 82 00 00 00 00 00 00 00 00  | ...(.D..........
05f0: 00 00 00 00 00 00 00 00 00 00 00 00 00 fe 00 00  | ................
0600: 00 18 00 10 00 08 00 00 00 00 00 00 00 00 00 00  | ................
0610: 00 00 00 00 00 38 00 0c 00 3c 00 4c 00 3e 00 00  | .....8...<.L.>..
0620: 00 60 00 60 00 60 00 78 00 64 00 64 00 78 00 00  | .`.`.`.x.d.d.x..
0630: 00 00 00 00 00 38 00 64 00 60 00 64 00 38 00 00  | .....8.d.`.d.8..
0640: 00 0c 00 0c 00 0c 00 3c 00 4c 00 4c 00 3c 00 00  | .......<.L.L.<..
0650: 00 00 00 00 00 38 00 64 00 7c 00 60 00 3c 00 00  | .....8.d.|.`.<..
0660: 00 18 00 30 00 30 00 78 00 30 00 30 00 30 00 00  | ...0.0.x.0.0.0..
0670: 00 00 00 00 00 38 00 4c 00 4c 00 3c 00 0c 00 78  | .....8.L.L.<...x
0680: 00 60 00 60 00 60 00 78 00 64 00 64 00 64 00 00  | .`.`.`.x.d.d.d..
0690: 00 00 00 18 00 00 00 18 00 18 00 18 00 18 00 00  | ................
06a0: 00 00 00 18 00 00 00 18 00 18 00 18 00 18 00 30  | ...............0
06b0: 00 60 00 60 00 64 00 78 00 60 00 70 00 6c 00 00  | .`.`.d.x.`.p.l..
06c0: 00 30 00 30 00 30 00 30 00 30 00 30 00 18 00 00  | .0.0.0.0.0.0....
06d0: 00 00 00 00 00 ec 00 d2 00 d2 00 d2 00 d2 00 00  | ................
06e0: 00 00 00 00 00 78 00 64 00 64 00 64 00 64 00 00  | .....x.d.d.d.d..
06f0: 00 00 00 00 00 38 00 64 00 64 00 64 00 38 00 00  | .....8.d.d.d.8..
0700: 00 00 00 00 00 78 00 64 00 64 00 78 00 60 00 60  | .....x.d.d.x.`.`
0710: 00 00 00 00 00 3c 00 4c 00 4c 00 3c 00 0c 00 0e  | .....<.L.L.<....
0720: 00 00 00 00 00 6c 00 70 00 60 00 60 00 60 00 00  | .....l.p.`.`.`..
0730: 00 00 00 00 00 3c 00 60 00 38 00 0c 00 78 00 00  | .....<.`.8...x..
0740: 00 00 00 30 00 78 00 30 00 30 00 30 00 18 00 00  | ...0.x.0.0.0....
0750: 00 00 00 00 00 64 00 64 00 64 00 64 00 3a 00 00  | .....d.d.d.d.:..
0760: 00 00 00 00 00 64 00 64 00 64 00 28 00 10 00 00  | .....d.d.d.(....
0770: 00 00 00 00 00 d2 00 d2 00 d2 00 d2 00 6c 00 00  | .............l..
0780: 00 00 00 00 00 62 00 34 00 18 00 2c 00 46 00 00  | .....b.4...,.F..
0790: 00 00 00 00 00 64 00 64 00 3c 00 04 00 64 00 38  | .....d.d.<...d.8
07a0: 00 00 00 00 00 7c 00 0c 00 18 00 30 00 7c 00 00  | .....|.....0.|..
07b0: 00 08 00 10 00 10 00 30 00 10 00 10 00 08 00 00  | .......0........
07c0: 00 10 00 10 00 10 00 00 00 10 00 10 00 10 00 00  | ................
07d0: 00 20 00 10 00 10 00 18 00 10 00 10 00 20 00 00  | . ........... ..
07e0: 00 00 00 00 00 60 00 92 00 0c 00 00 00 00 00 00  | .....`..........
07f0: 00 00 00 00 00 00 00 00 00 00 00 00 00 00 00 00  | ................
0800: 00 00 00 00 00 00 00 00 00 00 00 00 00 00 00 ff  | ................
0810: 00 00 00 00 00 00 00 00 00 00 00 00 00 ff 00 ff  | ................
0820: 00 00 00 00 00 00 00 00 00 00 00 ff 00 ff 00 ff  | ................
0830: 00 00 00 00 00 00 00 00 00 ff 00 ff 00 ff 00 ff  | ................
0840: 00 00 00 00 00 00 00 ff 00 ff 00 ff 00 ff 00 ff  | ................
0850: 00 00 00 00 00 ff 00 ff 00 ff 00 ff 00 ff 00 ff  | ................
0860: 00 00 00 ff 00 ff 00 ff 00 ff 00 ff 00 ff 00 ff  | ................
0870: 00 ff 00 ff 00 ff 00 ff 00 ff 00 ff 00 ff 00 ff  | ................
0880: 00 80 00 80 00 80 00 80 00 80 00 80 00 80 00 80  | ................
0890: 00 c0 00 c0 00 c0 00 c0 00 c0 00 c0 00 c0 00 c0  | ................
08a0: 00 e0 00 e0 00 e0 00 e0 00 e0 00 e0 00 e0 00 e0  | ................
08b0: 00 f0 00 f0 00 f0 00 f0 00 f0 00 f0 00 f0 00 f0  | ................
08c0: 00 f8 00 f8 00 f8 00 f8 00 f8 00 f8 00 f8 00 f8  | ................
08d0: 00 fc 00 fc 00 fc 00 fc 00 fc 00 fc 00 fc 00 fc  | ................
08e0: 00 fe 00 fe 00 fe 00 fe 00 fe 00 fe 00 fe 00 fe  | ................
08f0: 00 18 00 18 00 18 00 ff 00 ff 00 18 00 18 00 18  | ................
0900: 00 18 00 18 00 18 00 ff 00 ff 00 00 00 00 00 00  | ................
0910: 00 00 00 00 00 00 00 ff 00 ff 00 18 00 18 00 18  | ................
0920: 00 18 00 18 00 18 00 f8 00 f8 00 18 00 18 00 18  | ................
0930: 00 18 00 18 00 18 00 1f 00 1f 00 18 00 18 00 18  | ................
0940: 00 00 00 ff 00 ff 00 00 00 00 00 00 00 00 00 00  | ................
0950: 00 00 00 00 00 00 00 ff 00 ff 00 00 00 00 00 00  | ................
0960: 00 30 00 30 00 30 00 30 00 30 00 30 00 30 00 30  | .0.0.0.0.0.0.0.0
0970: 00 18 00 18 00 18 00 18 00 18 00 18 00 18 00 18  | ................
0980: 00 00 00 00 00 00 00 1f 00 1f 00 18 00 18 00 18  | ................
0990: 00 00 00 00 00 00 00 f8 00 f8 00 18 00 18 00 18  | ................
09a0: 00 18 00 18 00 18 00 1f 00 1f 00 00 00 00 00 00  | ................
09b0: 00 18 00 18 00 18 00 f8 00 f8 00 00 00 00 00 00  | ................
09c0: 00 00 00 00 00 00 00 07 00 08 00 10 00 10 00 10  | ................
09d0: 00 00 00 00 00 00 00 e0 00 10 00 08 00 08 00 08  | ................
09e0: 00 10 00 10 00 10 00 08 00 07 00 00 00 00 00 00  | ................
09f0: 00 08 00 08 00 08 00 10 00 e0 00 00 00 00 00 00  | ................
0a00: 00 00 00 00 00 00 00 00 00 00 00 00 00 00 00 00  | ................
0a10: 00 00 00 00 00 00 00 00 00 70 00 50 00 70 00 00  | .........p.P.p..
0a20: 00 1c 00 10 00 10 00 10 00 10 00 00 00 00 00 00  | ................
0a30: 00 00 00 00 00 10 00 10 00 10 00 10 00 70 00 00  | .............p..
0a40: 00 00 00 00 00 00 00 00 00 20 00 10 00 10 00 00  | ......... ......
0a50: 00 00 00 00 00 00 00 18 00 18 00 00 00 00 00 00  | ................
0a60: 00 7e 00 02 00 3e 00 02 00 02 00 04 00 38 00 00  | .~...>.......8..
0a70: 00 00 00 00 00 78 00 08 00 30 00 20 00 40 00 00  | .....x...0. .@..
0a80: 00 00 00 00 00 08 00 08 00 70 00 10 00 10 00 00  | .........p......
0a90: 00 00 00 00 00 10 00 7c 00 44 00 04 00 18 00 00  | .......|.D......
0aa0: 00 00 00 00 00 38 00 10 00 10 00 10 00 7c 00 00  | .....8.......|..
0ab0: 00 00 00 00 00 08 00 7c 00 18 00 28 00 48 00 00  | .......|...(.H..
0ac0: 00 00 00 00 00 10 00 7e 00 14 00 10 00 10 00 00  | .......~........
0ad0: 00 00 00 00 00 38 00 08 00 08 00 08 00 7c 00 00  | .....8.......|..
0ae0: 00 00 00 00 00 78 00 08 00 78 00 08 00 78 00 00  | .....x...x...x..
0af0: 00 00 00 00 00 54 00 54 00 04 00 08 00 30 00 00  | .....T.T.....0..
0b00: 00 00 00 00 00 00 00 fc 00 00 00 00 00 00 00 00  | ................
0b10: 00 fe 00 02 00 12 00 14 00 10 00 20 00 c0 00 00  | ........... ....
0b20: 00 02 00 04 00 08 00 38 00 c8 00 08 00 08 00 00  | .......8........
0b30: 00 10 00 fe 00 82 00 82 00 02 00 04 00 38 00 00  | .............8..
0b40: 00 7c 00 10 00 10 00 10 00 10 00 10 00 fe 00 00  | .|..............
0b50: 00 08 00 fc 00 08 00 18 00 28 00 48 00 88 00 00  | .........(.H....
0b60: 00 20 00 fe 00 22 00 22 00 42 00 42 00 84 00 00  | . ...".".B.B....
0b70: 00 20 00 fc 00 10 00 10 00 fe 00 08 00 08 00 00  | . ..............
0b80: 00 7c 00 44 00 84 00 04 00 08 00 08 00 30 00 00  | .|.D.........0..
0b90: 00 40 00 7e 00 48 00 88 00 08 00 10 00 60 00 00  | .@.~.H.......`..
0ba0: 00 fc 00 04 00 04 00 04 00 04 00 04 00 fc 00 00  | ................
0bb0: 00 44 00 fe 00 44 00 44 00 04 00 08 00 30 00 00  | .D...D.D.....0..
0bc0: 00 e0 00 00 00 e2 00 02 00 04 00 18 00 e0 00 00  | ................
0bd0: 00 7c 00 04 00 04 00 08 00 08 00 14 00 62 00 00  | .|...........b..
0be0: 00 40 00 fe 00 42 00 44 00 40 00 40 00 3e 00 00  | .@...B.D.@.@.>..
0bf0: 00 00 00 82 00 82 00 44 00 04 00 08 00 30 00 00  | .......D.....0..
0c00: 00 7c 00 44 00 c4 00 3c 00 04 00 08 00 70 00 00  | .|.D...<.....p..
0c10: 00 0c 00 78 00 08 00 fe 00 08 00 10 00 60 00 00  | ...x.........`..
0c20: 00 a0 00 52 00 52 00 04 00 04 00 08 00 30 00 00  | ...R.R.......0..
0c30: 00 7c 00 00 00 fe 00 10 00 10 00 10 00 60 00 00  | .|...........`..
0c40: 00 40 00 40 00 40 00 78 00 44 00 40 00 40 00 00  | .@.@.@.x.D.@.@..
0c50: 00 08 00 08 00 fe 00 08 00 08 00 10 00 60 00 00  | .............`..
0c60: 00 7c 00 00 00 00 00 00 00 00 00 00 00 fe 00 00  | .|..............
0c70: 00 7e 00 02 00 24 00 14 00 08 00 34 00 c4 00 00  | .~...$.....4....
0c80: 00 10 00 fe 00 02 00 0c 00 38 00 d6 00 10 00 00  | .........8......
0c90: 00 04 00 04 00 04 00 08 00 08 00 10 00 e0 00 00  | ................
0ca0: 00 08 00 44 00 44 00 42 00 82 00 82 00 82 00 00  | ...D.D.B........
0cb0: 00 80 00 8c 00 f0 00 80 00 80 00 80 00 7e 00 00  | .............~..
0cc0: 00 fe 00 02 00 02 00 04 00 04 00 08 00 30 00 00  | .............0..
0cd0: 00 30 00 48 00 84 00 84 00 02 00 02 00 02 00 00  | .0.H............
0ce0: 00 10 00 fe 00 10 00 54 00 52 00 92 00 10 00 00  | .......T.R......
0cf0: 00 fe 00 02 00 02 00 04 00 68 00 10 00 08 00 00  | .........h......
0d00: 00 70 00 0c 00 60 00 18 00 c4 00 30 00 0e 00 00  | .p...`.....0....
0d10: 00 10 00 20 00 40 00 40 00 84 00 82 00 fe 00 00  | ... .@.@........
0d20: 00 02 00 12 00 0a 00 04 00 0c 00 32 00 c2 00 00  | ...........2....
0d30: 00 7c 00 20 00 20 00 fe 00 20 00 20 00 1e 00 00  | .|. . ... . ....
0d40: 00 40 00 fe 00 22 00 24 00 10 00 10 00 10 00 00  | .@...".$........
0d50: 00 7c 00 04 00 04 00 04 00 08 00 08 00 fe 00 00  | .|..............
0d60: 00 7e 00 02 00 02 00 7e 00 02 00 02 00 7e 00 00  | .~.....~.....~..
0d70: 00 7c 00 00 00 fe 00 02 00 04 00 08 00 30 00 00  | .|...........0..
0d80: 00 84 00 84 00 84 00 84 00 04 00 08 00 70 00 00  | .............p..
0d90: 00 50 00 50 00 50 00 52 00 92 00 94 00 98 00 00  | .P.P.P.R........
0da0: 00 40 00 40 00 40 00 40 00 42 00 4c 00 70 00 00  | .@.@.@.@.B.L.p..
0db0: 00 fc 00 84 00 84 00 84 00 84 00 84 00 fc 00 00  | ................
0dc0: 00 fc 00 84 00 84 00 04 00 04 00 08 00 30 00 00  | .............0..
0dd0: 00 e0 00 10 00 02 00 02 00 04 00 18 00 e0 00 00  | ................
0de0: 00 0a 00 0a 00 00 00 00 00 00 00 00 00 00 00 00  | ................
0df0: 00 0e 00 0a 00 0e 00 00 00 00 00 00 00 00 00 00  | ................
0e00: 00 00 00 00 00 ff 00 00 00 00 00 ff 00 00 00 00  | ................
0e10: 00 18 00 18 00 1f 00 18 00 18 00 1f 00 18 00 18  | ................
0e20: 00 18 00 18 00 ff 00 18 00 18 00 ff 00 18 00 18  | ................
0e30: 00 18 00 18 00 f8 00 18 00 18 00 f8 00 18 00 18  | ................
0e40: 00 01 00 03 00 07 00 0f 00 1f 00 3f 00 7f 00 ff  | ...........?....
0e50: 00 80 00 c0 00 e0 00 f0 00 f8 00 fc 00 fe 00 ff  | ................
0e60: 00 ff 00 7f 00 3f 00 1f 00 0f 00 07 00 03 00 01  | .....?..........
0e70: 00 ff 00 fe 00 fc 00 f8 00 f0 00 e0 00 c0 00 80  | ................
0e80: 00 10 00 38 00 7c 00 fe 00 fe 00 10 00 38 00 00  | ...8.|.......8..
0e90: 00 6c 00 fe 00 fe 00 fe 00 7c 00 38 00 10 00 00  | .l.......|.8....
0ea0: 00 10 00 38 00 7c 00 fe 00 7c 00 38 00 10 00 00  | ...8.|...|.8....
0eb0: 00 38 00 38 00 fe 00 fe 00 fe 00 10 00 38 00 00  | .8.8.........8..
0ec0: 00 3c 00 42 00 81 00 81 00 81 00 81 00 42 00 3c  | .<.B.........B.<
0ed0: 00 3c 00 7e 00 ff 00 ff 00 ff 00 ff 00 7e 00 3c  | .<.~.........~.<
0ee0: 00 01 00 02 00 04 00 08 00 10 00 20 00 40 00 80  | ........... .@..
0ef0: 00 80 00 40 00 20 00 10 00 08 00 04 00 02 00 01  | ...@. ..........
0f00: 00 81 00 42 00 24 00 18 00 18 00 24 00 42 00 81  | ...B.$.....$.B..
0f10: 00 fe 00 92 00 92 00 fe 00 82 00 82 00 86 00 00  | ................
0f20: 00 40 00 fc 00 10 00 7c 00 50 00 fe 00 10 00 00  | .@.....|.P......
0f30: 00 7c 00 44 00 7c 00 44 00 7c 00 44 00 8c 00 00  | .|.D.|.D.|.D....
0f40: 00 fc 00 84 00 84 00 fc 00 84 00 84 00 fc 00 00  | ................
0f50: 00 08 00 fe 00 a8 00 fe 00 a4 00 be 00 e4 00 14  | ................
0f60: 00 28 00 24 00 42 00 bd 00 14 00 24 00 44 00 08  | .(.$.B.....$.D..
0f70: 00 14 00 e6 00 2d 00 f4 00 32 00 62 00 a4 00 28  | .....-...2.b...(
0f80: 00 fe 00 00 00 fe 00 10 00 10 00 10 00 10 00 00  | ................
0f90: 00 10 00 38 00 54 00 10 00 10 00 10 00 10 00 00  | ...8.T..........
0fa0: 00 10 00 10 00 10 00 10 00 54 00 38 00 10 00 00  | .........T.8....
0fb0: 00 00 00 20 00 40 00 fe 00 40 00 20 00 00 00 00  | ... .@...@. ....
0fc0: 00 00 00 08 00 04 00 fe 00 04 00 08 00 00 00 00  | ................
0fd0: 00 00 00 20 00 7c 00 10 00 7c 00 08 00 00 00 00  | ... .|...|......
0fe0: 00 10 00 10 00 7c 00 10 00 10 00 00 00 7c 00 00  | .....|.......|..
0ff0: 00 00 00 00 00 00 00 00 00 00 00 00 00 00 00 00  | ................
1000: 00 00 00 07 00 08 00 10 00 10 00 10 00 10 00 10  | ................
1010: 00 00 00 e0 00 10 00 08 00 08 00 08 00 08 00 08  | ................
1020: 00 00 00 00 00 01 00 02 00 00 00 00 00 00 00 00  | ................
1030: 00 00 00 80 00 80 00 80 00 80 00 80 00 80 00 80  | ................
1040: 00 00 00 03 00 0c 00 10 00 10 00 10 00 00 00 00  | ................
1050: 00 00 00 e0 00 18 00 04 00 04 00 04 00 04 00 18  | ................
1060: 00 00 00 03 00 0c 00 10 00 10 00 00 00 00 00 03  | ................
1070: 00 00 00 e0 00 18 00 04 00 04 00 04 00 18 00 e0  | ................
1080: 00 00 00 00 00 00 00 00 00 00 00 00 00 01 00 02  | ................
1090: 00 00 00 10 00 30 00 50 00 90 00 90 00 10 00 10  | .....0.P........
10a0: 00 00 00 0f 00 08 00 08 00 08 00 0b 00 0c 00 08  | ................
10b0: 00 00 00 f8 00 00 00 00 00 00 00 c0 00 30 00 08  | .............0..
10c0: 00 00 00 03 00 04 00 08 00 08 00 11 00 16 00 18  | ................
10d0: 00 00 00 e0 00 10 00 08 00 00 00 c0 00 30 00 08  | .............0..
10e0: 00 00 00 1f 00 00 00 00 00 00 00 00 00 00 00 00  | ................
10f0: 00 00 00 fc 00 04 00 08 00 10 00 20 00 20 00 40  | ........... . .@
1100: 00 10 00 10 00 10 00 10 00 10 00 08 00 07 00 00  | ................
1110: 00 08 00 08 00 08 00 08 00 08 00 10 00 e0 00 00  | ................
1120: 00 00 00 00 00 00 00 00 00 00 00 00 00 01 00 00  | ................
1130: 00 80 00 80 00 80 00 80 00 80 00 80 00 c0 00 00  | ................
1140: 00 00 00 03 00 04 00 08 00 08 00 10 00 1f 00 00  | ................
1150: 00 e0 00 00 00 00 00 00 00 00 00 00 00 fc 00 00  | ................
1160: 00 00 00 00 00 00 00 10 00 10 00 0c 00 03 00 00  | ................
1170: 00 18 00 04 00 04 00 04 00 04 00 18 00 e0 00 00  | ................
1180: 00 04 00 08 00 10 00 1f 00 00 00 00 00 00 00 00  | ................
1190: 00 10 00 10 00 10 00 fc 00 10 00 10 00 10 00 00  | ................
11a0: 00 00 00 00 00 00 00 08 00 08 00 06 00 01 00 00  | ................
11b0: 00 08 00 04 00 04 00 08 00 08 00 30 00 c0 00 00  | ...........0....
11c0: 00 10 00 10 00 10 00 08 00 08 00 06 00 01 00 00  | ................
11d0: 00 08 00 04 00 04 00 08 00 08 00 30 00 c0 00 00  | ...........0....
11e0: 00 00 00 00 00 00 00 00 00 00 00 00 00 00 00 00  | ................
11f0: 00 40 00 80 00 80 00 80 00 80 00 80 00 80 00 00  | .@..............
1200: 00 00 00 03 00 0c 00 10 00 10 00 10 00 0c 00 03  | ................
1210: 00 00 00 e0 00 18 00 04 00 04 00 04 00 18 00 e0  | ................
1220: 00 00 00 03 00 0c 00 10 00 10 00 20 00 20 00 10  | ........... . ..
1230: 00 00 00 80 00 60 00 10 00 10 00 08 00 08 00 08  | .....`..........
1240: 00 00 00 00 00 00 00 01 00 01 00 02 00 02 00 04  | ................
1250: 00 00 00 80 00 80 00 40 00 40 00 20 00 20 00 10  | .......@.@. . ..
1260: 00 00 00 1f 00 08 00 08 00 08 00 08 00 08 00 0f  | ................
1270: 00 00 00 e0 00 18 00 04 00 04 00 04 00 18 00 e0  | ................
1280: 00 00 00 01 00 06 00 08 00 08 00 10 00 10 00 10  | ................
1290: 00 00 00 e4 00 14 00 0c 00 04 00 00 00 00 00 00  | ................
12a0: 00 00 00 1f 00 08 00 08 00 08 00 08 00 08 00 08  | ................
12b0: 00 00 00 c0 00 30 00 08 00 08 00 04 00 04 00 04  | .....0..........
12c0: 00 00 00 1f 00 08 00 08 00 08 00 08 00 08 00 0f  | ................
12d0: 00 00 00 f8 00 08 00 08 00 00 00 00 00 20 00 e0  | ............. ..
12e0: 00 00 00 1f 00 08 00 08 00 08 00 08 00 08 00 0f  | ................
12f0: 00 00 00 fc 00 04 00 04 00 00 00 00 00 20 00 e0  | ............. ..
1300: 00 0c 00 10 00 10 00 10 00 10 00 0c 00 03 00 00  | ................
1310: 00 18 00 04 00 04 00 04 00 04 00 18 00 e0 00 00  | ................
1320: 00 10 00 0c 00 03 00 00 00 10 00 08 00 07 00 00  | ................
1330: 00 18 00 68 00 88 00 10 00 10 00 20 00 c0 00 00  | ...h....... ....
1340: 00 04 00 0f 00 08 00 10 00 10 00 38 00 00 00 00  | ...........8....
1350: 00 10 00 f8 00 08 00 04 00 04 00 0e 00 00 00 00  | ................
1360: 00 08 00 08 00 08 00 08 00 08 00 1f 00 00 00 00  | ................
1370: 00 18 00 04 00 04 00 04 00 18 00 e0 00 00 00 00  | ................
1380: 00 10 00 10 00 08 00 08 00 06 00 01 00 00 00 00  | ................
1390: 00 00 00 04 00 04 00 04 00 08 00 f0 00 00 00 00  | ................
13a0: 00 08 00 08 00 08 00 08 00 08 00 1f 00 00 00 00  | ................
13b0: 00 04 00 04 00 08 00 08 00 30 00 c0 00 00 00 00  | .........0......
13c0: 00 08 00 08 00 08 00 08 00 08 00 1f 00 00 00 00  | ................
13d0: 00 20 00 00 00 00 00 08 00 08 00 f8 00 00 00 00  | . ..............
13e0: 00 08 00 08 00 08 00 08 00 08 00 1c 00 00 00 00  | ................
13f0: 00 20 00 00 00 00 00 00 00 00 00 00 00 00 00 00  | . ..............
1400: 00 00 00 03 00 04 00 08 00 08 00 10 00 10 00 10  | ................
1410: 00 00 00 f0 00 10 00 08 00 00 00 00 00 00 00 00  | ................
1420: 00 00 00 1f 00 04 00 04 00 04 00 04 00 04 00 07  | ................
1430: 00 00 00 3e 00 08 00 08 00 08 00 08 00 08 00 f8  | ...>............
1440: 00 00 00 03 00 00 00 00 00 00 00 00 00 00 00 00  | ................
1450: 00 00 00 e0 00 80 00 80 00 80 00 80 00 80 00 80  | ................
1460: 00 00 00 00 00 00 00 00 00 00 00 00 00 00 00 00  | ................
1470: 00 00 00 f8 00 20 00 20 00 20 00 20 00 20 00 20  | ..... . . . . . 
1480: 00 00 00 3e 00 08 00 08 00 08 00 08 00 09 00 0a  | ...>............
1490: 00 00 00 3c 00 10 00 20 00 40 00 80 00 00 00 80  | ...<... .@......
14a0: 00 00 00 1f 00 04 00 04 00 04 00 04 00 04 00 04  | ................
14b0: 00 00 00 00 00 00 00 00 00 00 00 00 00 00 00 00  | ................
14c0: 00 00 00 78 00 18 00 14 00 14 00 14 00 12 00 12  | ...x............
14d0: 00 00 00 0f 00 0c 00 14 00 14 00 14 00 24 00 24  | .............$.$
14e0: 00 00 00 3c 00 0c 00 0a 00 0a 00 09 00 09 00 08  | ...<............
14f0: 00 00 00 3e 00 08 00 08 00 08 00 08 00 08 00 88  | ...>............
1500: 00 10 00 10 00 08 00 08 00 04 00 03 00 00 00 00  | ................
1510: 00 7c 00 10 00 10 00 10 00 30 00 d0 00 00 00 00  | .|.......0......
1520: 00 04 00 04 00 04 00 04 00 04 00 1f 00 00 00 00  | ................
1530: 00 08 00 08 00 08 00 08 00 08 00 3e 00 00 00 00  | ...........>....
1540: 00 00 00 00 00 00 00 00 00 00 00 03 00 00 00 00  | ................
1550: 00 80 00 80 00 80 00 80 00 80 00 e0 00 00 00 00  | ................
1560: 00 00 00 00 00 00 00 06 00 04 00 03 00 00 00 00  | ................
1570: 00 20 00 20 00 20 00 20 00 20 00 c0 00 00 00 00  | . . . . . ......
1580: 00 0c 00 08 00 08 00 08 00 08 00 3e 00 00 00 00  | ...........>....
1590: 00 80 00 40 00 20 00 20 00 10 00 3c 00 00 00 00  | ...@. . ...<....
15a0: 00 04 00 04 00 04 00 04 00 04 00 1f 00 00 00 00  | ................
15b0: 00 00 00 00 00 00 00 04 00 08 00 f8 00 00 00 00  | ................
15c0: 00 12 00 11 00 11 00 11 00 10 00 7c 00 00 00 00  | ...........|....
15d0: 00 24 00 44 00 44 00 44 00 84 00 9f 00 00 00 00  | .$.D.D.D........
15e0: 00 08 00 08 00 08 00 08 00 08 00 3e 00 00 00 00  | ...........>....
15f0: 00 48 00 48 00 28 00 28 00 18 00 08 00 00 00 00  | .H.H.(.(........
1600: 00 00 00 03 00 04 00 08 00 08 00 10 00 10 00 10  | ................
1610: 00 00 00 e0 00 10 00 08 00 08 00 04 00 04 00 04  | ................
1620: 00 00 00 1f 00 04 00 04 00 04 00 04 00 04 00 07  | ................
1630: 00 00 00 e0 00 10 00 08 00 08 00 08 00 10 00 e0  | ................
1640: 00 00 00 03 00 04 00 08 00 08 00 10 00 10 00 10  | ................
1650: 00 00 00 e0 00 10 00 08 00 08 00 04 00 04 00 04  | ................
1660: 00 00 00 1f 00 04 00 04 00 04 00 04 00 04 00 07  | ................
1670: 00 00 00 e0 00 10 00 08 00 08 00 08 00 10 00 e0  | ................
1680: 00 00 00 03 00 04 00 08 00 08 00 08 00 06 00 01  | ................
1690: 00 00 00 d0 00 30 00 10 00 00 00 00 00 00 00 c0  | .....0..........
16a0: 00 00 00 0f 00 08 00 10 00 10 00 00 00 00 00 00  | ................
16b0: 00 00 00 f8 00 88 00 84 00 84 00 80 00 80 00 80  | ................
16c0: 00 00 00 3e 00 08 00 08 00 08 00 08 00 08 00 08  | ...>............
16d0: 00 00 00 3e 00 08 00 08 00 08 00 08 00 08 00 08  | ...>............
16e0: 00 00 00 3e 00 08 00 08 00 04 00 04 00 04 00 02  | ...>............
16f0: 00 00 00 3e 00 08 00 08 00 10 00 10 00 10 00 20  | ...>........... 
1700: 00 10 00 10 00 08 00 08 00 04 00 03 00 00 00 00  | ................
1710: 00 04 00 04 00 08 00 08 00 10 00 e0 00 00 00 00  | ................
1720: 00 04 00 04 00 04 00 04 00 04 00 1f 00 00 00 00  | ................
1730: 00 00 00 00 00 00 00 00 00 00 00 00 00 00 00 00  | ................
1740: 00 10 00 11 00 0a 00 0c 00 04 00 03 00 00 00 00  | ................
1750: 00 04 00 c4 00 28 00 10 00 30 00 d0 00 0a 00 04  | .....(...0......
1760: 00 04 00 04 00 04 00 04 00 04 00 1f 00 00 00 00  | ................
1770: 00 80 00 40 00 20 00 20 00 10 00 1c 00 00 00 00  | ...@. . ........
1780: 00 00 00 00 00 08 00 08 00 0c 00 0b 00 00 00 00  | ................
1790: 00 30 00 08 00 08 00 08 00 10 00 e0 00 00 00 00  | .0..............
17a0: 00 00 00 00 00 00 00 00 00 00 00 03 00 00 00 00  | ................
17b0: 00 80 00 80 00 80 00 80 00 80 00 e0 00 00 00 00  | ................
17c0: 00 08 00 08 00 08 00 08 00 04 00 03 00 00 00 00  | ................
17d0: 00 08 00 08 00 08 00 08 00 10 00 e0 00 00 00 00  | ................
17e0: 00 02 00 02 00 01 00 01 00 00 00 00 00 00 00 00  | ................
17f0: 00 20 00 20 00 40 00 40 00 80 00 80 00 00 00 00  | . . .@.@........
1800: 00 00 00 71 00 20 00 20 00 20 00 11 00 11 00 11  | ...q. . . ......
1810: 00 00 00 c7 00 82 00 82 00 82 00 44 00 44 00 44  | ...........D.D.D
1820: 00 00 00 1e 00 04 00 02 00 02 00 01 00 00 00 00  | ................
1830: 00 00 00 3c 00 10 00 20 00 20 00 40 00 80 00 80  | ...<... . .@....
1840: 00 00 00 3e 00 08 00 04 00 04 00 02 00 02 00 01  | ...>............
1850: 00 00 00 3e 00 08 00 10 00 10 00 20 00 20 00 40  | ...>....... . .@
1860: 00 00 00 07 00 04 00 08 00 00 00 00 00 00 00 00  | ................
1870: 00 00 00 f8 00 10 00 20 00 20 00 40 00 80 00 80  | ....... . .@....
1880: 00 00 00 00 00 00 00 00 00 00 00 01 00 02 00 04  | ................
1890: 00 00 00 00 00 00 00 00 00 00 00 c0 00 20 00 20  | ............. . 
18a0: 00 00 00 06 00 02 00 02 00 02 00 02 00 03 00 02  | ................
18b0: 00 00 00 00 00 00 00 00 00 00 00 e0 00 10 00 08  | ................
18c0: 00 00 00 00 00 00 00 00 00 00 00 01 00 02 00 04  | ................
18d0: 00 00 00 00 00 00 00 00 00 00 00 c0 00 20 00 10  | ............. ..
18e0: 00 00 00 00 00 00 00 00 00 00 00 03 00 04 00 08  | ................
18f0: 00 00 00 e0 00 20 00 20 00 20 00 a0 00 60 00 20  | ..... . . ...`. 
1900: 00 0a 00 0a 00 0a 00 04 00 04 00 04 00 00 00 00  | ................
1910: 00 28 00 28 00 28 00 10 00 10 00 10 00 00 00 00  | .(.(.(..........
1920: 00 01 00 01 00 02 00 02 00 04 00 1e 00 00 00 00  | ................
1930: 00 40 00 40 00 20 00 20 00 10 00 3c 00 00 00 00  | .@.@. . ...<....
1940: 00 00 00 00 00 00 00 00 00 00 00 03 00 00 00 00  | ................
1950: 00 80 00 80 00 80 00 80 00 80 00 e0 00 00 00 00  | ................
1960: 00 01 00 02 00 04 00 04 00 08 00 1f 00 00 00 00  | ................
1970: 00 00 00 00 00 08 00 08 00 10 00 f0 00 00 00 00  | ................
1980: 00 00 00 03 00 04 00 04 00 04 00 03 00 00 00 00  | ................
1990: 00 e0 00 20 00 20 00 20 00 60 00 b0 00 00 00 00  | ... . . .`......
19a0: 00 02 00 02 00 02 00 02 00 03 00 02 00 00 00 00  | ................
19b0: 00 08 00 08 00 08 00 08 00 10 00 e0 00 00 00 00  | ................
19c0: 00 04 00 04 00 04 00 04 00 02 00 01 00 00 00 00  | ................
19d0: 00 00 00 00 00 00 00 10 00 20 00 c0 00 00 00 00  | ......... ......
19e0: 00 08 00 08 00 08 00 08 00 04 00 03 00 00 00 00  | ................
19f0: 00 20 00 20 00 20 00 20 00 60 00 b0 00 00 00 00  | . . . . .`......
1a00: 00 00 00 00 00 00 00 00 00 00 00 01 00 02 00 04  | ................
1a10: 00 00 00 00 00 00 00 00 00 00 00 c0 00 20 00 10  | ............. ..
1a20: 00 00 00 00 00 00 00 01 00 01 00 07 00 01 00 01  | ................
1a30: 00 00 00 40 00 a0 00 00 00 00 00 c0 00 00 00 00  | ...@............
1a40: 00 00 00 00 00 00 00 03 00 04 00 08 00 04 00 03  | ................
1a50: 00 00 00 00 00 00 00 90 00 68 00 20 00 40 00 80  | .........h. .@..
1a60: 00 00 00 06 00 02 00 02 00 02 00 02 00 03 00 02  | ................
1a70: 00 00 00 00 00 00 00 00 00 00 00 c0 00 20 00 10  | ............. ..
1a80: 00 00 00 00 00 00 00 00 00 00 00 01 00 00 00 00  | ................
1a90: 00 00 00 80 00 80 00 00 00 00 00 80 00 80 00 80  | ................
1aa0: 00 00 00 00 00 00 00 00 00 00 00 00 00 00 00 00  | ................
1ab0: 00 00 00 40 00 40 00 00 00 00 00 c0 00 40 00 40  | ...@.@.......@.@
1ac0: 00 00 00 0c 00 04 00 04 00 04 00 04 00 04 00 04  | ................
1ad0: 00 00 00 00 00 00 00 00 00 00 00 70 00 20 00 40  | ...........p. .@
1ae0: 00 00 00 01 00 00 00 00 00 00 00 00 00 00 00 00  | ................
1af0: 00 00 00 80 00 80 00 80 00 80 00 80 00 80 00 80  | ................
1b00: 00 04 00 07 00 04 00 04 00 02 00 01 00 00 00 00  | ................
1b10: 00 10 00 f0 00 00 00 00 00 10 00 e0 00 00 00 00  | ................
1b20: 00 01 00 01 00 01 00 01 00 01 00 07 00 00 00 00  | ................
1b30: 00 00 00 00 00 00 00 00 00 00 00 c0 00 00 00 00  | ................
1b40: 00 04 00 03 00 04 00 08 00 04 00 03 00 00 00 00  | ................
1b50: 00 00 00 c0 00 20 00 10 00 10 00 e0 00 00 00 00  | ..... ..........
1b60: 00 02 00 02 00 02 00 02 00 02 00 07 00 00 00 00  | ................
1b70: 00 10 00 10 00 10 00 10 00 10 00 38 00 00 00 00  | ...........8....
1b80: 00 00 00 00 00 00 00 00 00 00 00 01 00 00 00 00  | ................
1b90: 00 80 00 80 00 80 00 80 00 80 00 c0 00 00 00 00  | ................
1ba0: 00 00 00 00 00 00 00 00 00 00 00 00 00 02 00 01  | ................
1bb0: 00 40 00 40 00 40 00 40 00 40 00 40 00 40 00 80  | .@.@.@.@.@.@.@..
1bc0: 00 04 00 05 00 06 00 04 00 04 00 0e 00 00 00 00  | ................
1bd0: 00 80 00 00 00 80 00 40 00 20 00 38 00 00 00 00  | .......@. .8....
1be0: 00 00 00 00 00 00 00 00 00 00 00 01 00 00 00 00  | ................
1bf0: 00 80 00 80 00 80 00 80 00 80 00 c0 00 00 00 00  | ................
1c00: 00 00 00 00 00 00 00 00 00 00 00 36 00 19 00 10  | ...........6....
1c10: 00 00 00 00 00 00 00 00 00 00 00 30 00 48 00 84  | ...........0.H..
1c20: 00 00 00 00 00 00 00 00 00 00 00 0d 00 06 00 04  | ................
1c30: 00 00 00 00 00 00 00 00 00 00 00 c0 00 20 00 10  | ............. ..
1c40: 00 00 00 00 00 00 00 00 00 00 00 01 00 02 00 04  | ................
1c50: 00 00 00 00 00 00 00 00 00 00 00 c0 00 20 00 10  | ............. ..
1c60: 00 00 00 00 00 00 00 00 00 00 00 06 00 03 00 02  | ................
1c70: 00 00 00 00 00 00 00 00 00 00 00 e0 00 10 00 08  | ................
1c80: 00 00 00 00 00 00 00 00 00 00 00 03 00 04 00 08  | ................
1c90: 00 00 00 00 00 00 00 00 00 00 00 a0 00 60 00 20  | .............`. 
1ca0: 00 00 00 00 00 00 00 00 00 00 00 01 00 00 00 00  | ................
1cb0: 00 00 00 00 00 00 00 00 00 00 00 98 00 a4 00 c0  | ................
1cc0: 00 00 00 00 00 00 00 00 00 00 00 03 00 04 00 04  | ................
1cd0: 00 00 00 00 00 00 00 00 00 00 00 e0 00 10 00 00  | ................
1ce0: 00 00 00 00 00 00 00 00 00 00 00 03 00 00 00 00  | ................
1cf0: 00 00 00 80 00 80 00 80 00 80 00 e0 00 80 00 80  | ................
1d00: 00 10 00 10 00 10 00 10 00 10 00 39 00 00 00 00  | ...........9....
1d10: 00 84 00 84 00 84 00 84 00 84 00 ce 00 00 00 00  | ................
1d20: 00 04 00 04 00 04 00 04 00 04 00 0e 00 00 00 00  | ................
1d30: 00 10 00 10 00 10 00 10 00 10 00 38 00 00 00 00  | ...........8....
1d40: 00 04 00 04 00 04 00 04 00 02 00 01 00 00 00 00  | ................
1d50: 00 10 00 10 00 10 00 10 00 20 00 c0 00 00 00 00  | ......... ......
1d60: 00 02 00 02 00 02 00 02 00 03 00 02 00 02 00 07  | ................
1d70: 00 08 00 08 00 08 00 08 00 10 00 e0 00 00 00 00  | ................
1d80: 00 08 00 08 00 08 00 08 00 04 00 03 00 00 00 00  | ................
1d90: 00 20 00 20 00 20 00 20 00 60 00 a0 00 20 00 70  | . . . . .`... .p
1da0: 00 00 00 00 00 00 00 00 00 00 00 01 00 00 00 00  | ................
1db0: 00 80 00 80 00 80 00 80 00 80 00 e0 00 00 00 00  | ................
1dc0: 00 02 00 01 00 00 00 04 00 04 00 03 00 00 00 00  | ................
1dd0: 00 00 00 c0 00 20 00 10 00 10 00 e0 00 00 00 00  | ..... ..........
1de0: 00 00 00 00 00 00 00 00 00 00 00 00 00 00 00 00  | ................
1df0: 00 80 00 80 00 80 00 80 00 90 00 60 00 00 00 00  | ...........`....
1e00: 00 00 00 00 00 00 00 00 00 00 00 0c 00 04 00 04  | ................
1e10: 00 00 00 00 00 00 00 00 00 00 00 70 00 10 00 10  | ...........p....
1e20: 00 00 00 00 00 00 00 00 00 00 00 0e 00 04 00 04  | ................
1e30: 00 00 00 00 00 00 00 00 00 00 00 38 00 10 00 10  | ...........8....
1e40: 00 00 00 00 00 00 00 00 00 00 00 39 00 10 00 11  | ...........9....
1e50: 00 00 00 00 00 00 00 00 00 00 00 ce 00 84 00 44  | ...............D
1e60: 00 00 00 00 00 00 00 00 00 00 00 0e 00 04 00 02  | ................
1e70: 00 00 00 00 00 00 00 00 00 00 00 38 00 10 00 20  | ...........8... 
1e80: 00 00 00 00 00 00 00 00 00 00 00 0e 00 04 00 04  | ................
1e90: 00 00 00 00 00 00 00 00 00 00 00 38 00 10 00 10  | ...........8....
1ea0: 00 00 00 00 00 00 00 00 00 00 00 07 00 04 00 08  | ................
1eb0: 00 00 00 00 00 00 00 00 00 00 00 f0 00 20 00 40  | ............. .@
1ec0: 00 ff 00 ff 00 ff 00 ff 00 ff 00 ff 00 ff 00 ff  | ................
1ed0: 00 ff 00 ff 00 ff 00 ff 00 ff 00 ff 00 ff 00 ff  | ................
1ee0: 00 00 00 00 00 00 00 00 00 00 00 00 00 00 00 00  | ................
1ef0: 00 00 00 00 00 00 00 00 00 00 00 00 00 00 00 00  | ................
1f00: 00 04 00 04 00 04 00 04 00 02 00 01 00 00 00 00  | ................
1f10: 00 10 00 10 00 10 00 10 00 30 00 d8 00 00 00 00  | .........0......
1f20: 00 02 00 02 00 01 00 01 00 00 00 00 00 00 00 00  | ................
1f30: 00 20 00 20 00 40 00 40 00 80 00 80 00 00 00 00  | . . .@.@........
1f40: 00 09 00 0a 00 0a 00 0a 00 04 00 04 00 00 00 00  | ................
1f50: 00 48 00 28 00 28 00 28 00 10 00 10 00 00 00 00  | .H.(.(.(........
1f60: 00 01 00 00 00 01 00 02 00 04 00 0e 00 00 00 00  | ................
1f70: 00 40 00 80 00 40 00 20 00 10 00 38 00 00 00 00  | .@...@. ...8....
1f80: 00 02 00 02 00 01 00 01 00 00 00 00 00 09 00 06  | ................
1f90: 00 20 00 20 00 40 00 40 00 80 00 80 00 00 00 00  | . . .@.@........
1fa0: 00 00 00 01 00 01 00 02 00 04 00 0f 00 00 00 00  | ................
1fb0: 00 80 00 00 00 00 00 10 00 20 00 e0 00 00 00 00  | ......... ......
1fc0: 00 ff 00 ff 00 ff 00 ff 00 ff 00 ff 00 ff 00 ff  | ................
1fd0: 00 ff 00 ff 00 ff 00 ff 00 ff 00 ff 00 ff 00 ff  | ................
1fe0: 00 00 00 00 00 00 00 00 00 00 00 00 00 00 00 00  | ................
1ff0: 00 00 00 00 00 00 00 00 00 00 00 00 00 00 00 00  | ................
2000: 00 00 00 00 00 00 00 00 00 00 00 00 00 00 00 00  | ................
2010: 00 1e 00 21 00 40 00 40 00 40 00 30 00 0e 00 01  | ...!.@.@.@.0....
2020: 00 80 00 80 00 80 00 00 00 18 00 08 00 08 00 88  | ................
2030: 00 00 00 00 00 00 00 00 00 e6 00 23 00 22 00 22  | ...........#."."
2040: 00 00 00 00 00 00 00 00 00 e0 00 11 00 0a 00 0a  | ................
2050: 00 00 00 00 00 00 00 00 00 e3 00 11 00 09 00 09  | ................
2060: 00 03 00 00 00 00 00 00 00 30 00 48 00 80 00 00  | .........0.H....
2070: 00 c3 00 c0 00 a0 00 a0 00 90 00 90 00 88 00 84  | ................
2080: 00 ef 00 84 00 84 00 84 00 84 00 84 00 87 00 84  | ................
2090: 00 fc 00 04 00 05 00 01 00 01 00 10 00 f0 00 10  | ................
20a0: 00 7a 00 86 00 02 00 00 00 00 00 c0 00 38 00 06  | .z...........8..
20b0: 00 00 00 00 00 00 00 00 00 00 00 00 00 00 00 00  | ................
20c0: 00 00 00 00 00 00 00 00 00 00 00 00 00 00 00 00  | ................
20d0: 00 00 00 00 00 00 00 00 00 00 00 00 00 00 00 00  | ................
20e0: 00 00 00 00 00 00 00 00 00 00 00 00 00 00 00 00  | ................
20f0: 00 00 00 00 00 00 00 00 00 00 00 00 00 00 00 00  | ................
2100: 00 00 00 00 00 00 00 00 00 00 00 00 00 00 00 00  | ................
2110: 00 00 00 40 00 40 00 60 00 5f 00 00 00 00 00 00  | ...@.@.`._......
2120: 00 48 00 48 00 48 00 84 00 03 00 00 00 00 00 00  | .H.H.H..........
2130: 00 22 00 22 00 22 00 63 00 b2 00 02 00 07 00 00  | .".".".c........
2140: 00 0b 00 0a 00 0a 00 11 00 e0 00 00 00 00 00 00  | ................
2150: 00 f9 00 01 00 01 00 09 00 f3 00 00 00 00 00 00  | ................
2160: 00 00 00 00 00 00 00 00 00 c3 00 00 00 00 00 00  | ................
2170: 00 84 00 82 00 82 00 81 00 e0 00 00 00 00 00 00  | ................
2180: 00 84 00 84 00 84 00 84 00 8f 00 00 00 00 00 00  | ................
2190: 00 00 00 01 00 05 00 05 00 fd 00 00 00 00 00 00  | ................
21a0: 00 01 00 01 00 01 00 82 00 7c 00 00 00 00 00 00  | .........|......
21b0: 00 00 00 00 00 00 00 00 00 00 00 00 00 00 00 00  | ................
21c0: 00 00 00 00 00 00 00 00 00 00 00 00 00 00 00 00  | ................
21d0: 00 00 00 00 00 00 00 00 00 00 00 00 00 00 00 00  | ................
21e0: 00 00 00 00 00 00 00 00 00 00 00 00 00 00 00 00  | ................
21f0: 00 00 00 00 00 00 00 00 00 00 00 00 00 00 00 00  | ................
2200: 00 7f 00 20 00 20 00 20 00 20 00 20 00 3f 00 20  | ... . . . . .?. 
2210: 00 80 00 60 00 10 00 10 00 16 00 62 00 82 00 62  | ...`.......b...b
2220: 00 00 00 00 00 00 00 00 00 39 00 08 00 08 00 08  | .........9......
2230: 00 00 00 00 00 00 00 00 00 99 00 a4 00 c0 00 80  | ................
2240: 00 00 00 00 00 00 00 00 00 b8 00 c4 00 82 00 82  | ................
2250: 00 00 00 00 00 00 00 00 00 00 00 00 00 ff 00 00  | ................
2260: 00 7c 00 10 00 10 00 10 00 11 00 10 00 10 00 10  | .|..............
2270: 00 00 00 00 00 00 00 00 00 b8 00 c4 00 82 00 82  | ................
2280: 00 7c 00 10 00 10 00 08 00 08 00 08 00 04 00 04  | .|..............
2290: 00 7c 00 10 00 10 00 20 00 21 00 22 00 44 00 44  | .|..... .!.".D.D
22a0: 00 00 00 00 00 00 00 00 00 c6 00 22 00 13 00 12  | ..........."....
22b0: 00 00 00 00 00 01 00 00 00 60 00 90 00 00 00 00  | .........`......
22c0: 00 40 00 c0 00 40 00 40 00 40 00 40 00 40 00 40  | .@...@.@.@.@.@.@
22d0: 00 1f 00 20 00 40 00 40 00 40 00 41 00 42 00 44  | ... .@.@.@.A.B.D
22e0: 00 80 00 43 00 24 00 64 00 a4 00 20 00 20 00 20  | ...C.$.d... . . 
22f0: 00 f0 00 0c 00 02 00 02 00 02 00 02 00 0c 00 30  | ...............0
2300: 00 20 00 20 00 20 00 20 00 7f 00 00 00 00 00 00  | . . . . ........
2310: 00 12 00 12 00 12 00 61 00 80 00 00 00 00 00 00  | .......a........
2320: 00 08 00 08 00 08 00 18 00 ed 00 00 00 00 00 00  | ................
2330: 00 80 00 80 00 80 00 80 00 e1 00 00 00 00 00 00  | ................
2340: 00 82 00 82 00 82 00 82 00 c7 00 00 00 00 00 00  | ................
2350: 00 00 00 00 00 00 00 00 00 00 00 00 00 00 00 00  | ................
2360: 00 10 00 10 00 10 00 10 00 7d 00 00 00 00 00 00  | .........}......
2370: 00 82 00 82 00 82 00 82 00 c7 00 00 00 00 00 00  | ................
2380: 00 04 00 02 00 02 00 01 00 01 00 00 00 00 00 00  | ................
2390: 00 47 00 84 00 84 00 02 00 01 00 00 00 00 00 00  | .G..............
23a0: 00 f2 00 02 00 02 00 12 00 e7 00 00 00 00 00 00  | ................
23b0: 00 00 00 00 00 00 00 00 00 80 00 00 00 00 00 00  | ................
23c0: 00 40 00 40 00 40 00 40 00 46 00 e6 00 00 00 00  | .@.@.@.@.F......
23d0: 00 48 00 50 00 60 00 40 00 20 00 1f 00 00 00 00  | .H.P.`.@. ......
23e0: 00 20 00 21 00 22 00 24 00 44 00 87 00 00 00 00  | . .!.".$.D......
23f0: 00 c0 00 00 00 00 00 00 00 00 00 fe 00 00 00 00  | ................
2400: 00 00 00 00 00 00 00 00 00 00 00 00 00 00 00 00  | ................
2410: 00 00 00 00 00 00 00 00 00 00 00 00 00 00 00 00  | ................
2420: 00 00 00 00 00 00 00 00 00 00 00 00 00 00 00 00  | ................
2430: 00 00 00 00 00 00 00 00 00 00 00 00 00 00 00 00  | ................
2440: 00 00 00 00 00 00 00 00 00 00 00 00 00 00 00 00  | ................
2450: 00 00 00 00 00 00 00 00 00 00 00 00 00 00 00 00  | ................
2460: 00 00 00 00 00 00 00 00 00 00 00 00 00 00 00 00  | ................
2470: 00 00 00 00 00 00 00 00 00 00 00 00 00 00 00 00  | ................
2480: 00 00 00 00 00 00 00 00 00 00 00 00 00 00 00 00  | ................
2490: 00 00 00 00 00 00 00 00 00 00 00 00 00 00 00 00  | ................
24a0: 00 00 00 00 00 00 00 00 00 00 00 00 00 00 00 00  | ................
24b0: 00 00 00 00 00 00 00 00 00 00 00 00 00 00 00 00  | ................
24c0: 00 00 00 00 00 00 00 00 00 00 00 00 00 00 00 00  | ................
24d0: 00 00 00 00 00 00 00 00 00 00 00 00 00 00 00 00  | ................
24e0: 00 00 00 00 00 00 00 00 00 00 00 00 00 00 00 00  | ................
24f0: 00 00 00 00 00 00 00 00 00 00 00 00 00 00 00 00  | ................
2500: 00 00 00 00 00 00 00 00 00 00 00 00 00 00 00 00  | ................
2510: 00 00 00 00 00 00 00 00 00 00 00 00 00 00 00 00  | ................
2520: 00 00 00 00 00 00 00 00 00 00 00 00 00 00 00 00  | ................
2530: 00 00 00 00 00 00 00 00 00 00 00 00 00 00 00 00  | ................
2540: 00 00 00 00 00 00 00 00 00 00 00 00 00 00 00 00  | ................
2550: 00 00 00 00 00 00 00 00 00 00 00 00 00 00 00 00  | ................
2560: 00 00 00 00 00 00 00 00 00 00 00 00 00 00 00 00  | ................
2570: 00 00 00 00 00 00 00 00 00 00 00 00 00 00 00 00  | ................
2580: 00 00 00 00 00 00 00 00 00 00 00 00 00 00 00 00  | ................
2590: 00 00 00 00 00 00 00 00 00 00 00 00 00 00 00 00  | ................
25a0: 00 00 00 00 00 00 00 00 00 00 00 00 00 00 00 00  | ................
25b0: 00 00 00 00 00 00 00 00 00 00 00 00 00 00 00 00  | ................
25c0: 00 00 00 00 00 00 00 00 00 00 00 00 00 00 00 00  | ................
25d0: 00 00 00 00 00 00 00 00 00 00 00 00 00 00 00 00  | ................
25e0: 00 00 00 00 00 00 00 00 00 00 00 00 00 00 00 00  | ................
25f0: 00 00 00 00 00 00 00 00 00 00 00 00 00 00 00 00  | ................
2600: 00 00 00 00 00 00 00 00 00 00 00 00 00 00 00 01  | ................
2610: 00 00 00 00 00 00 00 00 00 00 00 00 00 c0 00 e0  | ................
2620: 00 02 00 04 00 08 00 10 00 10 00 20 00 20 00 20  | ........... . . 
2630: 00 20 00 10 00 08 00 04 00 04 00 02 00 02 00 02  | . ..............
2640: 00 00 00 00 00 00 00 00 00 01 00 03 00 02 00 04  | ................
2650: 00 00 00 00 00 00 00 00 00 10 00 30 00 20 00 40  | ...........0. .@
2660: 00 00 00 00 00 00 00 00 00 00 00 00 00 20 00 1f  | ............. ..
2670: 00 00 00 00 00 00 00 00 00 00 00 00 00 3e 00 c0  | .............>..
2680: 00 00 00 00 00 00 00 00 00 00 00 00 00 00 00 00  | ................
2690: 00 00 00 00 00 00 00 00 00 00 00 00 00 00 00 00  | ................
26a0: 00 00 00 00 00 00 00 00 00 00 00 00 00 00 00 00  | ................
26b0: 00 00 00 00 00 00 00 00 00 00 00 00 00 00 00 00  | ................
26c0: 00 00 00 00 00 00 00 00 00 00 00 00 00 00 00 00  | ................
26d0: 00 00 00 00 00 00 00 00 00 00 00 00 00 00 00 00  | ................
26e0: 00 00 00 00 00 00 00 00 00 00 00 00 00 00 00 00  | ................
26f0: 00 00 00 00 00 00 00 00 00 00 00 00 00 00 00 00  | ................
2700: 00 01 00 00 00 00 00 00 00 00 00 00 00 00 00 00  | ................
2710: 00 e0 00 c0 00 00 00 00 00 00 00 00 00 00 00 00  | ................
2720: 00 20 00 20 00 20 00 10 00 10 00 08 00 04 00 02  | . . . ..........
2730: 00 02 00 02 00 02 00 04 00 04 00 08 00 10 00 20  | ............... 
2740: 00 04 00 08 00 00 00 00 00 00 00 00 00 00 00 00  | ................
2750: 00 40 00 80 00 00 00 00 00 00 00 00 00 00 00 00  | .@..............
2760: 00 00 00 00 00 00 00 00 00 00 00 00 00 00 00 00  | ................
2770: 00 00 00 00 00 00 00 00 00 00 00 00 00 00 00 00  | ................
2780: 00 00 00 00 00 00 00 40 00 20 00 30 00 18 00 18  | .......@. .0....
2790: 00 00 00 00 00 00 00 00 00 00 00 00 00 00 00 00  | ................
27a0: 00 00 00 00 00 00 00 38 00 44 00 44 00 44 00 38  | .......8.D.D.D.8
27b0: 00 00 00 00 00 00 00 00 00 00 00 00 00 00 00 00  | ................
27c0: 00 00 00 00 00 00 00 00 00 00 00 60 00 60 00 00  | ...........`.`..
27d0: 00 00 00 00 00 00 00 00 00 00 00 00 00 00 00 00  | ................
27e0: 00 00 00 00 00 00 00 00 00 00 00 00 00 00 00 00  | ................
27f0: 00 00 00 00 00 00 00 00 00 00 00 00 00 00 00 00  | ................
2800: 00 00 00 01 00 00 00 00 00 01 00 1f 00 01 00 02  | ................
2810: 00 02 00 89 00 85 00 84 00 f8 00 08 00 08 00 08  | ................
2820: 00 00 00 03 00 01 00 01 00 01 00 0f 00 01 00 01  | ................
2830: 00 02 00 09 00 05 00 04 00 70 00 80 00 00 00 00  | .........p......
2840: 00 00 00 01 00 00 00 01 00 01 00 02 00 04 00 08  | ................
2850: 00 02 00 01 00 84 00 12 00 fa 00 10 00 10 00 20  | ............... 
2860: 00 00 00 04 00 02 00 02 00 04 00 04 00 0f 00 08  | ................
2870: 00 02 00 09 00 05 00 04 00 00 00 7c 00 80 00 40  | ...........|...@
2880: 00 00 00 00 00 00 00 00 00 08 00 07 00 00 00 00  | ................
2890: 00 02 00 09 00 05 00 04 00 f8 00 08 00 08 00 08  | ................
28a0: 00 00 00 00 00 00 00 00 00 04 00 02 00 02 00 04  | ................
28b0: 00 00 00 06 00 09 00 09 00 26 00 10 00 08 00 04  | .........&......
28c0: 00 00 00 00 00 00 00 0c 00 04 00 04 00 04 00 07  | ................
28d0: 00 00 00 06 00 09 00 09 00 06 00 00 00 70 00 80  | .............p..
28e0: 00 00 00 00 00 00 00 20 00 1f 00 00 00 00 00 00  | ....... ........
28f0: 00 06 00 09 00 09 00 f6 00 10 00 10 00 20 00 20  | ............. . 
2900: 00 02 00 02 00 04 00 04 00 08 00 30 00 00 00 00  | ...........0....
2910: 00 08 00 10 00 10 00 10 00 90 00 60 00 00 00 00  | ...........`....
2920: 00 00 00 27 00 18 00 00 00 00 00 00 00 00 00 00  | ...'............
2930: 00 bc 00 c0 00 80 00 80 00 80 00 80 00 80 00 00  | ................
2940: 00 10 00 00 00 00 00 01 00 02 00 04 00 18 00 00  | ................
2950: 00 20 00 40 00 80 00 00 00 00 00 00 00 00 00 00  | . .@............
2960: 00 10 00 20 00 00 00 00 00 01 00 01 00 06 00 00  | ... ............
2970: 00 40 00 40 00 80 00 80 00 00 00 00 00 00 00 00  | .@.@............
2980: 00 00 00 00 00 00 00 08 00 07 00 00 00 00 00 00  | ................
2990: 00 08 00 08 00 08 00 f8 00 00 00 00 00 00 00 00  | ................
29a0: 00 04 00 08 00 08 00 10 00 20 00 00 00 00 00 00  | ......... ......
29b0: 00 04 00 06 00 02 00 02 00 00 00 00 00 00 00 00  | ................
29c0: 00 04 00 04 00 04 00 04 00 03 00 00 00 00 00 00  | ................
29d0: 00 00 00 00 00 00 00 00 00 f8 00 00 00 00 00 00  | ................
29e0: 00 00 00 00 00 00 00 01 00 02 00 0c 00 00 00 00  | ................
29f0: 00 40 00 40 00 80 00 00 00 00 00 00 00 00 00 00  | .@.@............
2a00: 00 00 00 00 00 00 00 06 00 02 00 02 00 23 00 1e  | .............#..
2a10: 00 02 00 09 00 65 00 24 00 20 00 20 00 fe 00 20  | .....e.$. . ... 
2a20: 00 00 00 00 00 03 00 00 00 00 00 00 00 0c 00 02  | ................
2a30: 00 0c 00 02 00 10 00 88 00 00 00 02 00 02 00 04  | ................
2a40: 00 00 00 00 00 00 00 00 00 0f 00 00 00 00 00 00  | ................
2a50: 00 02 00 09 00 05 00 f4 00 10 00 20 00 20 00 40  | ........... . .@
2a60: 00 00 00 00 00 03 00 01 00 01 00 01 00 01 00 27  | ...............'
2a70: 00 04 00 02 00 12 00 08 00 00 00 1c 00 e4 00 08  | ................
2a80: 00 00 00 00 00 00 00 00 00 20 00 18 00 08 00 00  | ......... ......
2a90: 00 02 00 09 00 04 00 30 00 10 00 10 00 10 00 20  | .......0....... 
2aa0: 00 00 00 00 00 00 00 00 00 00 00 01 00 02 00 04  | ................
2ab0: 00 00 00 00 00 0c 00 12 00 12 00 8c 00 40 00 20  | .............@. 
2ac0: 00 00 00 01 00 00 00 00 00 00 00 10 00 0f 00 00  | ................
2ad0: 00 0c 00 12 00 92 00 8c 00 80 00 fc 00 80 00 80  | ................
2ae0: 00 00 00 00 00 00 00 00 00 00 00 00 00 1f 00 00  | ................
2af0: 00 00 00 00 00 00 00 00 00 00 00 00 00 fc 00 00  | ................
2b00: 00 02 00 02 00 00 00 00 00 00 00 00 00 03 00 00  | ................
2b10: 00 20 00 20 00 20 00 40 00 40 00 80 00 00 00 00  | . . . .@.@......
2b20: 00 00 00 00 00 00 00 00 00 09 00 0e 00 00 00 00  | ................
2b30: 00 08 00 10 00 20 00 40 00 80 00 00 00 00 00 00  | ..... .@........
2b40: 00 00 00 00 00 01 00 02 00 04 00 18 00 00 00 00  | ................
2b50: 00 40 00 a0 00 10 00 08 00 04 00 00 00 00 00 00  | .@..............
2b60: 00 19 00 01 00 01 00 01 00 01 00 00 00 00 00 00  | ................
2b70: 00 10 00 20 00 00 00 00 00 00 00 fc 00 00 00 00  | ... ............
2b80: 00 00 00 00 00 00 00 00 00 01 00 06 00 00 00 00  | ................
2b90: 00 20 00 40 00 40 00 80 00 00 00 00 00 00 00 00  | . .@.@..........
2ba0: 00 28 00 10 00 00 00 00 00 00 00 00 00 00 00 00  | .(..............
2bb0: 00 10 00 08 00 04 00 02 00 00 00 00 00 00 00 00  | ................
2bc0: 00 00 00 08 00 08 00 08 00 10 00 01 00 00 00 00  | ................
2bd0: 00 90 00 88 00 88 00 84 00 84 00 80 00 80 00 00  | ................
2be0: 00 00 00 1f 00 00 00 00 00 00 00 00 00 00 00 00  | ................
2bf0: 00 00 00 fc 00 00 00 00 00 00 00 00 00 00 00 00  | ................
2c00: 00 00 00 00 00 04 00 02 00 03 00 04 00 04 00 08  | ................
2c10: 00 02 00 09 00 05 00 04 00 f0 00 20 00 20 00 40  | ........... . .@
2c20: 00 00 00 00 00 00 00 0f 00 00 00 00 00 00 00 3f  | ...............?
2c30: 00 00 00 02 00 71 00 84 00 82 00 80 00 fc 00 80  | .....q..........
2c40: 00 00 00 00 00 00 00 02 00 21 00 11 00 10 00 00  | .........!......
2c50: 00 02 00 09 00 05 00 10 00 08 00 18 00 10 00 20  | ............... 
2c60: 00 00 00 00 00 08 00 07 00 00 00 00 00 47 00 39  | .............G.9
2c70: 00 00 00 02 00 61 00 89 00 04 00 00 00 f8 00 00  | .....a..........
2c80: 00 00 00 02 00 01 00 01 00 01 00 01 00 01 00 01  | ................
2c90: 00 00 00 00 00 0c 00 02 00 18 00 04 00 c0 00 20  | ............... 
2ca0: 00 00 00 00 00 00 00 01 00 00 00 00 00 00 00 1f  | ................
2cb0: 00 00 00 00 00 80 00 c0 00 80 00 00 00 00 00 fc  | ................
2cc0: 00 00 00 00 00 00 00 08 00 04 00 02 00 01 00 00  | ................
2cd0: 00 00 00 00 00 00 00 08 00 10 00 20 00 40 00 80  | ........... .@..
2ce0: 00 03 00 0c 00 10 00 20 00 20 00 40 00 40 00 40  | ....... . .@.@.@
2cf0: 00 e0 00 18 00 04 00 02 00 02 00 01 00 01 00 01  | ................
2d00: 00 12 00 21 00 00 00 01 00 02 00 0c 00 30 00 00  | ...!.........0..
2d10: 00 40 00 80 00 80 00 00 00 00 00 00 00 00 00 00  | .@..............
2d20: 00 00 00 00 00 00 00 01 00 01 00 02 00 04 00 00  | ................
2d30: 00 80 00 80 00 80 00 00 00 00 00 00 00 00 00 00  | ................
2d40: 00 00 00 00 00 00 00 00 00 01 00 06 00 00 00 00  | ................
2d50: 00 20 00 40 00 40 00 80 00 00 00 00 00 00 00 00  | . .@.@..........
2d60: 00 01 00 01 00 01 00 02 00 02 00 0c 00 00 00 00  | ................
2d70: 00 00 00 00 00 00 00 00 00 00 00 00 00 00 00 00  | ................
2d80: 00 01 00 01 00 01 00 01 00 01 00 01 00 01 00 00  | ................
2d90: 00 10 00 00 00 00 00 00 00 00 00 00 00 00 00 00  | ................
2da0: 00 00 00 00 00 00 00 01 00 00 00 00 00 00 00 00  | ................
2db0: 00 00 00 00 00 80 00 c0 00 80 00 00 00 00 00 00  | ................
2dc0: 00 00 00 01 00 02 00 04 00 08 00 00 00 00 00 00  | ................
2dd0: 00 80 00 40 00 20 00 10 00 08 00 00 00 00 00 00  | ...@. ..........
2de0: 00 40 00 40 00 40 00 20 00 20 00 10 00 0c 00 03  | .@.@.@. . ......
2df0: 00 01 00 01 00 01 00 02 00 02 00 04 00 18 00 e0  | ................
2e00: 00 00 00 00 00 00 00 00 00 04 00 02 00 02 00 04  | ................
2e10: 00 00 00 00 00 02 00 01 00 24 00 12 00 08 00 04  | .........$......
2e20: 00 00 00 00 00 00 00 0c 00 04 00 04 00 04 00 07  | ................
2e30: 00 00 00 04 00 12 00 0a 00 08 00 00 00 70 00 80  | .............p..
2e40: 00 00 00 00 00 00 00 20 00 1f 00 00 00 00 00 00  | ....... ........
2e50: 00 02 00 09 00 04 00 f0 00 10 00 10 00 20 00 20  | ............. . 
2e60: 00 00 00 00 00 00 00 00 00 00 00 01 00 02 00 04  | ................
2e70: 00 00 00 00 00 04 00 12 00 08 00 80 00 40 00 20  | .............@. 
2e80: 00 00 00 01 00 00 00 00 00 00 00 10 00 0f 00 00  | ................
2e90: 00 00 00 04 00 92 00 88 00 80 00 fc 00 80 00 80  | ................
2ea0: 00 00 00 00 00 00 00 01 00 01 00 02 00 7c 00 30  | .............|.0
2eb0: 00 80 00 80 00 80 00 40 00 40 00 20 00 1f 00 06  | .......@.@. ....
2ec0: 00 00 00 07 00 08 00 08 00 08 00 05 00 02 00 05  | ................
2ed0: 00 00 00 00 00 80 00 80 00 80 00 00 00 00 00 00  | ................
2ee0: 00 00 00 00 00 01 00 01 00 02 00 02 00 04 00 04  | ................
2ef0: 00 80 00 80 00 40 00 40 00 20 00 20 00 10 00 10  | .....@.@. . ....
2f00: 00 04 00 08 00 08 00 10 00 20 00 00 00 00 00 00  | ......... ......
2f10: 00 04 00 06 00 02 00 02 00 00 00 00 00 00 00 00  | ................
2f20: 00 04 00 04 00 04 00 04 00 03 00 00 00 00 00 00  | ................
2f30: 00 00 00 00 00 00 00 00 00 f8 00 00 00 00 00 00  | ................
2f40: 00 00 00 00 00 00 00 01 00 02 00 0c 00 00 00 00  | ................
2f50: 00 40 00 40 00 80 00 00 00 00 00 00 00 00 00 00  | .@.@............
2f60: 00 28 00 10 00 00 00 00 00 00 00 00 00 00 00 00  | .(..............
2f70: 00 10 00 08 00 04 00 02 00 00 00 00 00 00 00 00  | ................
2f80: 00 00 00 08 00 08 00 08 00 10 00 01 00 00 00 00  | ................
2f90: 00 90 00 88 00 88 00 84 00 84 00 80 00 80 00 00  | ................
2fa0: 00 0c 00 02 00 04 00 04 00 09 00 0a 00 0c 00 10  | ................
2fb0: 00 18 00 20 00 10 00 90 00 48 00 28 00 18 00 04  | ... .....H.(....
2fc0: 00 09 00 10 00 10 00 10 00 10 00 0f 00 00 00 00  | ................
2fd0: 00 08 00 88 00 50 00 20 00 54 00 88 00 00 00 00  | .....P. .T......
2fe0: 00 08 00 08 00 10 00 10 00 20 00 20 00 7f 00 00  | ......... . ....
2ff0: 00 08 00 08 00 04 00 04 00 02 00 02 00 ff 00 00  | ................
3000: 00 00 00 00 00 00 00 01 00 1e 00 00 00 01 00 00  | ................
3010: 00 00 00 00 00 00 00 fc 00 08 00 10 00 60 00 80  | .............`..
3020: 00 00 00 00 00 00 00 00 00 00 00 00 00 01 00 02  | ................
3030: 00 00 00 20 00 30 00 20 00 40 00 80 00 80 00 80  | ... .0. .@......
3040: 00 00 00 00 00 01 00 00 00 00 00 1f 00 08 00 08  | ................
3050: 00 00 00 00 00 80 00 80 00 f8 00 08 00 08 00 08  | ................
3060: 00 00 00 00 00 00 00 00 00 00 00 0f 00 00 00 00  | ................
3070: 00 00 00 00 00 00 00 00 00 78 00 80 00 80 00 80  | .........x......
3080: 00 00 00 00 00 00 00 00 00 00 00 21 00 1e 00 00  | ...........!....
3090: 00 00 00 c0 00 40 00 40 00 40 00 fc 00 c0 00 c0  | .....@.@.@......
30a0: 00 00 00 00 00 00 00 07 00 00 00 00 00 08 00 07  | ................
30b0: 00 00 00 00 00 30 00 c0 00 00 00 00 00 fc 00 08  | .....0..........
30c0: 00 00 00 00 00 00 00 10 00 0f 00 08 00 08 00 08  | ................
30d0: 00 00 00 00 00 00 00 f8 00 08 00 08 00 08 00 10  | ................
30e0: 00 00 00 00 00 00 00 00 00 00 00 00 00 00 00 0f  | ................
30f0: 00 00 00 00 00 00 00 00 00 00 00 00 00 00 00 f8  | ................
3100: 00 00 00 00 00 00 00 01 00 01 00 02 00 04 00 00  | ................
3110: 00 80 00 80 00 80 00 00 00 00 00 00 00 00 00 00  | ................
3120: 00 04 00 18 00 00 00 00 00 00 00 00 00 00 00 00  | ................
3130: 00 80 00 80 00 80 00 80 00 80 00 80 00 80 00 00  | ................
3140: 00 08 00 08 00 00 00 00 00 00 00 00 00 07 00 00  | ................
3150: 00 10 00 10 00 20 00 20 00 40 00 80 00 00 00 00  | ..... . .@......
3160: 00 00 00 00 00 00 00 00 00 21 00 1e 00 00 00 00  | .........!......
3170: 00 80 00 80 00 80 00 80 00 fc 00 02 00 00 00 00  | ................
3180: 00 01 00 02 00 04 00 08 00 11 00 20 00 00 00 00  | ........... ....
3190: 00 40 00 40 00 40 00 40 00 40 00 c0 00 40 00 00  | .@.@.@.@.@...@..
31a0: 00 00 00 00 00 00 00 00 00 00 00 00 00 03 00 00  | ................
31b0: 00 08 00 10 00 10 00 20 00 40 00 80 00 00 00 00  | ....... .@......
31c0: 00 08 00 00 00 00 00 00 00 00 00 00 00 03 00 00  | ................
31d0: 00 10 00 10 00 20 00 20 00 40 00 80 00 00 00 00  | ..... . .@......
31e0: 00 00 00 00 00 00 00 00 00 00 00 01 00 06 00 00  | ................
31f0: 00 10 00 a0 00 c0 00 80 00 80 00 00 00 00 00 00  | ................
3200: 00 00 00 01 00 00 00 00 00 01 00 1f 00 01 00 02  | ................
3210: 00 00 00 80 00 80 00 80 00 f8 00 08 00 08 00 08  | ................
3220: 00 00 00 03 00 01 00 01 00 01 00 0f 00 01 00 01  | ................
3230: 00 00 00 00 00 00 00 00 00 70 00 80 00 00 00 00  | .........p......
3240: 00 00 00 01 00 00 00 01 00 01 00 02 00 04 00 08  | ................
3250: 00 00 00 00 00 80 00 10 00 f8 00 10 00 10 00 20  | ............... 
3260: 00 00 00 04 00 02 00 02 00 04 00 04 00 0f 00 08  | ................
3270: 00 00 00 00 00 00 00 00 00 00 00 7c 00 80 00 40  | ...........|...@
3280: 00 00 00 00 00 00 00 00 00 08 00 07 00 00 00 00  | ................
3290: 00 00 00 00 00 00 00 00 00 f8 00 08 00 08 00 08  | ................
32a0: 00 00 00 00 00 06 00 02 00 02 00 02 00 02 00 02  | ................
32b0: 00 00 00 30 00 10 00 10 00 10 00 10 00 10 00 10  | ...0............
32c0: 00 00 00 00 00 00 00 11 00 0e 00 00 00 00 00 09  | ................
32d0: 00 00 00 00 00 00 00 f8 00 10 00 10 00 10 00 f0  | ................
32e0: 00 00 00 00 00 00 00 00 00 00 00 00 00 00 00 00  | ................
32f0: 00 00 00 00 00 00 00 00 00 00 00 00 00 20 00 40  | ............. .@
3300: 00 02 00 02 00 04 00 04 00 08 00 30 00 00 00 00  | ...........0....
3310: 00 08 00 10 00 10 00 10 00 90 00 60 00 00 00 00  | ...........`....
3320: 00 00 00 27 00 18 00 00 00 00 00 00 00 00 00 00  | ...'............
3330: 00 bc 00 c0 00 80 00 80 00 80 00 80 00 80 00 00  | ................
3340: 00 10 00 00 00 00 00 01 00 02 00 04 00 18 00 00  | ................
3350: 00 20 00 40 00 80 00 00 00 00 00 00 00 00 00 00  | . .@............
3360: 00 10 00 20 00 00 00 00 00 01 00 01 00 06 00 00  | ... ............
3370: 00 40 00 40 00 80 00 80 00 00 00 00 00 00 00 00  | .@.@............
3380: 00 00 00 00 00 00 00 08 00 07 00 00 00 00 00 00  | ................
3390: 00 08 00 08 00 08 00 f8 00 00 00 00 00 00 00 00  | ................
33a0: 00 02 00 02 00 00 00 00 00 00 00 00 00 00 00 00  | ................
33b0: 00 10 00 10 00 10 00 20 00 20 00 40 00 80 00 00  | ....... . .@....
33c0: 00 0e 00 00 00 00 00 00 00 00 00 01 00 06 00 00  | ................
33d0: 00 20 00 20 00 40 00 40 00 80 00 00 00 00 00 00  | . . .@.@........
33e0: 00 00 00 01 00 02 00 04 00 08 00 00 00 00 00 00  | ................
33f0: 00 80 00 80 00 80 00 80 00 80 00 80 00 80 00 80  | ................
3400: 00 00 00 00 00 00 00 06 00 02 00 02 00 23 00 1e  | .............#..
3410: 00 00 00 00 00 60 00 20 00 20 00 20 00 fe 00 20  | .....`. . . ... 
3420: 00 00 00 00 00 03 00 00 00 00 00 00 00 0c 00 02  | ................
3430: 00 00 00 00 00 00 00 80 00 00 00 02 00 02 00 04  | ................
3440: 00 00 00 00 00 00 00 00 00 0f 00 00 00 00 00 00  | ................
3450: 00 00 00 00 00 00 00 f0 00 10 00 20 00 20 00 40  | ........... . .@
3460: 00 00 00 00 00 03 00 01 00 01 00 01 00 01 00 27  | ...............'
3470: 00 00 00 00 00 00 00 00 00 00 00 1c 00 e4 00 08  | ................
3480: 00 00 00 00 00 00 00 00 00 08 00 06 00 02 00 00  | ................
3490: 00 00 00 00 00 18 00 08 00 08 00 08 00 10 00 10  | ................
34a0: 00 00 00 00 00 00 00 00 00 04 00 02 00 02 00 02  | ................
34b0: 00 00 00 00 00 00 00 c0 00 40 00 40 00 40 00 41  | .........@.@.@.A
34c0: 00 00 00 00 00 00 00 0c 00 02 00 03 00 00 00 00  | ................
34d0: 00 00 00 00 00 00 00 00 00 02 00 04 00 04 00 08  | ................
34e0: 00 00 00 00 00 00 00 00 00 00 00 00 00 00 00 00  | ................
34f0: 00 00 00 00 00 00 00 00 00 00 00 00 00 80 00 80  | ................
3500: 00 02 00 02 00 00 00 00 00 00 00 00 00 03 00 00  | ................
3510: 00 20 00 20 00 20 00 40 00 40 00 80 00 00 00 00  | . . . .@.@......
3520: 00 00 00 00 00 00 00 00 00 09 00 0e 00 00 00 00  | ................
3530: 00 08 00 10 00 20 00 40 00 80 00 00 00 00 00 00  | ..... .@........
3540: 00 00 00 00 00 01 00 02 00 04 00 18 00 00 00 00  | ................
3550: 00 40 00 a0 00 10 00 08 00 04 00 00 00 00 00 00  | .@..............
3560: 00 19 00 01 00 01 00 01 00 01 00 00 00 00 00 00  | ................
3570: 00 10 00 20 00 00 00 00 00 00 00 fc 00 00 00 00  | ... ............
3580: 00 00 00 00 00 00 00 00 00 00 00 03 00 00 00 00  | ................
3590: 00 10 00 20 00 20 00 40 00 80 00 00 00 00 00 00  | ... . .@........
35a0: 00 02 00 04 00 04 00 08 00 10 00 20 00 00 00 00  | ........... ....
35b0: 00 41 00 42 00 44 00 58 00 60 00 00 00 00 00 00  | .A.B.D.X.`......
35c0: 00 00 00 00 00 00 00 00 00 09 00 07 00 00 00 00  | ................
35d0: 00 08 00 10 00 20 00 40 00 80 00 00 00 00 00 00  | ..... .@........
35e0: 00 07 00 04 00 04 00 00 00 00 00 00 00 00 00 01  | ................
35f0: 00 f8 00 08 00 08 00 10 00 10 00 20 00 40 00 80  | ........... .@..
3600: 00 00 00 00 00 02 00 01 00 01 00 02 00 02 00 04  | ................
3610: 00 00 00 00 00 00 00 00 00 f8 00 10 00 10 00 20  | ............... 
3620: 00 00 00 00 00 00 00 0f 00 00 00 00 00 00 00 3f  | ...............?
3630: 00 00 00 00 00 70 00 80 00 80 00 80 00 fc 00 80  | .....p..........
3640: 00 00 00 00 00 00 00 01 00 10 00 08 00 08 00 00  | ................
3650: 00 00 00 00 00 00 00 08 00 84 00 8c 00 08 00 10  | ................
3660: 00 00 00 00 00 04 00 03 00 00 00 00 00 23 00 1c  | .............#..
3670: 00 00 00 00 00 30 00 c0 00 00 00 00 00 fc 00 80  | .....0..........
3680: 00 00 00 02 00 01 00 01 00 01 00 01 00 01 00 01  | ................
3690: 00 00 00 00 00 00 00 00 00 00 00 00 00 c0 00 20  | ............... 
36a0: 00 00 00 00 00 0c 00 04 00 04 00 04 00 04 00 04  | ................
36b0: 00 00 00 00 00 00 00 00 00 00 00 00 00 00 00 02  | ................
36c0: 00 00 00 00 00 00 00 00 00 00 00 00 00 00 00 0f  | ................
36d0: 00 00 00 00 00 00 00 00 00 00 00 00 00 00 00 f0  | ................
36e0: 00 00 00 00 00 00 00 00 00 00 00 00 00 00 00 00  | ................
36f0: 00 00 00 00 00 00 00 00 00 00 00 00 00 00 00 00  | ................
3700: 00 09 00 10 00 00 00 00 00 01 00 06 00 18 00 00  | ................
3710: 00 20 00 c0 00 40 00 80 00 00 00 00 00 00 00 00  | . ...@..........
3720: 00 00 00 00 00 00 00 01 00 01 00 02 00 04 00 00  | ................
3730: 00 80 00 80 00 80 00 00 00 00 00 00 00 00 00 00  | ................
3740: 00 00 00 00 00 00 00 00 00 00 00 03 00 00 00 00  | ................
3750: 00 10 00 20 00 20 00 40 00 80 00 00 00 00 00 00  | ... . .@........
3760: 00 00 00 00 00 00 00 01 00 01 00 06 00 00 00 00  | ................
3770: 00 80 00 80 00 80 00 00 00 00 00 00 00 00 00 00  | ................
3780: 00 01 00 01 00 01 00 01 00 01 00 01 00 01 00 00  | ................
3790: 00 10 00 00 00 00 00 00 00 00 00 00 00 00 00 00  | ................
37a0: 00 04 00 04 00 04 00 04 00 05 00 06 00 00 00 00  | ................
37b0: 00 04 00 08 00 10 00 60 00 80 00 00 00 00 00 00  | .......`........
37c0: 00 08 00 08 00 08 00 00 00 00 00 00 00 00 00 01  | ................
37d0: 00 10 00 10 00 10 00 10 00 20 00 20 00 40 00 80  | ......... . .@..
37e0: 00 07 00 00 00 00 00 00 00 00 00 00 00 0f 00 00  | ................
37f0: 00 f0 00 80 00 80 00 80 00 80 00 80 00 f8 00 00  | ................
3800: 00 00 00 01 00 00 00 00 00 00 00 20 00 1f 00 00  | ........... ....
3810: 00 00 00 00 00 80 00 80 00 80 00 bc 00 c0 00 80  | ................
3820: 00 00 00 00 00 00 00 00 00 00 00 07 00 00 00 00  | ................
3830: 00 00 00 00 00 00 00 00 00 30 00 c0 00 00 00 00  | .........0......
3840: 00 00 00 00 00 00 00 00 00 0f 00 00 00 00 00 03  | ................
3850: 00 00 00 00 00 00 00 70 00 90 00 10 00 20 00 40  | .......p..... .@
3860: 00 01 00 00 00 00 00 00 00 00 00 0f 00 00 00 00  | ................
3870: 00 00 00 80 00 40 00 00 00 f0 00 20 00 40 00 80  | .....@..... .@..
3880: 00 00 00 00 00 00 00 00 00 00 00 00 00 00 00 00  | ................
3890: 00 00 00 00 00 40 00 20 00 20 00 60 00 40 00 40  | .....@. . .`.@.@
38a0: 00 00 00 00 00 00 00 00 00 00 00 0f 00 04 00 04  | ................
38b0: 00 00 00 00 00 00 00 00 00 f8 00 0c 00 08 00 08  | ................
38c0: 00 00 00 00 00 03 00 01 00 21 00 1f 00 10 00 10  | .........!......
38d0: 00 02 00 09 00 05 00 04 00 00 00 f8 00 10 00 10  | ................
38e0: 00 00 00 00 00 00 00 00 00 00 00 00 00 00 00 00  | ................
38f0: 00 00 00 00 00 00 00 00 00 00 00 00 00 40 00 40  | .............@.@
3900: 00 00 00 00 00 00 00 01 00 01 00 02 00 0c 00 00  | ................
3910: 00 80 00 80 00 80 00 00 00 00 00 00 00 00 00 00  | ................
3920: 00 00 00 00 00 00 00 3f 00 00 00 00 00 00 00 00  | .......?........
3930: 00 00 00 00 00 fe 00 00 00 00 00 00 00 00 00 00  | ................
3940: 00 00 00 01 00 01 00 06 00 08 00 30 00 00 00 00  | ...........0....
3950: 00 c0 00 a0 00 10 00 08 00 00 00 00 00 00 00 00  | ................
3960: 00 01 00 02 00 04 00 08 00 30 00 00 00 00 00 00  | .........0......
3970: 00 a0 00 98 00 84 00 84 00 80 00 80 00 80 00 00  | ................
3980: 00 00 00 00 00 01 00 02 00 04 00 18 00 00 00 00  | ................
3990: 00 80 00 80 00 00 00 00 00 00 00 00 00 00 00 00  | ................
39a0: 00 04 00 04 00 04 00 04 00 07 00 04 00 00 00 00  | ................
39b0: 00 08 00 08 00 10 00 10 00 f8 00 00 00 00 00 00  | ................
39c0: 00 10 00 10 00 00 00 00 00 00 00 01 00 06 00 00  | ................
39d0: 00 10 00 20 00 20 00 40 00 80 00 00 00 00 00 00  | ... . .@........
39e0: 00 0f 00 00 00 01 00 02 00 04 00 08 00 00 00 00  | ................
39f0: 00 f8 00 c0 00 40 00 40 00 40 00 40 00 c0 00 40  | .....@.@.@.@...@
3a00: 00 00 00 00 00 00 00 00 00 04 00 02 00 02 00 04  | ................
3a10: 00 00 00 00 00 00 00 00 00 20 00 10 00 08 00 04  | ......... ......
3a20: 00 00 00 00 00 00 00 0c 00 04 00 04 00 04 00 07  | ................
3a30: 00 00 00 00 00 00 00 00 00 00 00 00 00 70 00 80  | .............p..
3a40: 00 00 00 00 00 00 00 10 00 0f 00 00 00 00 00 00  | ................
3a50: 00 00 00 00 00 00 00 78 00 88 00 08 00 10 00 10  | .......x........
3a60: 00 00 00 00 00 00 00 00 00 01 00 02 00 04 00 28  | ...............(
3a70: 00 00 00 00 00 00 00 00 00 80 00 40 00 20 00 10  | ...........@. ..
3a80: 00 00 00 01 00 00 00 00 00 00 00 10 00 0f 00 00  | ................
3a90: 00 00 00 00 00 80 00 80 00 80 00 fc 00 80 00 80  | ................
3aa0: 00 00 00 00 00 00 00 00 00 00 00 00 00 00 00 00  | ................
3ab0: 00 00 00 00 00 00 00 00 00 00 00 00 00 80 00 80  | ................
3ac0: 00 00 00 00 00 00 00 00 00 00 00 02 00 02 00 04  | ................
3ad0: 00 00 00 00 00 00 00 00 00 00 00 00 00 00 00 00  | ................
3ae0: 00 00 00 00 00 00 00 00 00 00 00 00 00 00 00 01  | ................
3af0: 00 00 00 00 00 00 00 00 00 00 00 00 00 00 00 08  | ................
3b00: 00 04 00 08 00 08 00 10 00 20 00 00 00 00 00 00  | ......... ......
3b10: 00 04 00 06 00 02 00 02 00 00 00 00 00 00 00 00  | ................
3b20: 00 04 00 04 00 04 00 04 00 03 00 00 00 00 00 00  | ................
3b30: 00 00 00 00 00 00 00 00 00 f8 00 00 00 00 00 00  | ................
3b40: 00 00 00 00 00 00 00 00 00 01 00 06 00 00 00 00  | ................
3b50: 00 20 00 20 00 40 00 80 00 00 00 00 00 00 00 00  | . . .@..........
3b60: 00 10 00 00 00 00 00 00 00 00 00 00 00 00 00 00  | ................
3b70: 00 08 00 04 00 02 00 00 00 00 00 00 00 00 00 00  | ................
3b80: 00 00 00 08 00 08 00 08 00 10 00 01 00 00 00 00  | ................
3b90: 00 90 00 88 00 88 00 84 00 84 00 80 00 80 00 00  | ................
3ba0: 00 07 00 00 00 00 00 01 00 01 00 02 00 04 00 08  | ................
3bb0: 00 f8 00 88 00 88 00 08 00 08 00 10 00 10 00 60  | ...............`
3bc0: 00 07 00 08 00 10 00 00 00 00 00 00 00 01 00 02  | ................
3bd0: 00 f8 00 40 00 40 00 40 00 80 00 80 00 00 00 00  | ...@.@.@........
3be0: 00 08 00 04 00 04 00 00 00 00 00 00 00 00 00 03  | ................
3bf0: 00 88 00 88 00 08 00 10 00 10 00 20 00 c0 00 00  | ........... ....
3c00: 00 00 00 00 00 00 00 00 00 20 00 1f 00 00 00 00  | ......... ......
3c10: 00 00 00 00 00 00 00 00 00 f8 00 0c 00 08 00 10  | ................
3c20: 00 00 00 00 00 03 00 00 00 00 00 00 00 03 00 00  | ................
3c30: 00 00 00 00 00 80 00 60 00 00 00 00 00 80 00 40  | .......`.......@
3c40: 00 00 00 00 00 01 00 00 00 00 00 01 00 01 00 02  | ................
3c50: 00 00 00 00 00 00 00 80 00 80 00 00 00 00 00 00  | ................
3c60: 00 00 00 00 00 00 00 00 00 00 00 06 00 01 00 00  | ................
3c70: 00 00 00 00 00 20 00 20 00 20 00 40 00 40 00 80  | ..... . . .@.@..
3c80: 00 00 00 00 00 00 00 00 00 0f 00 01 00 01 00 21  | ...............!
3c90: 00 00 00 00 00 00 00 f0 00 00 00 00 00 00 00 fc  | ................
3ca0: 00 00 00 00 00 00 00 00 00 00 00 00 00 00 00 1f  | ................
3cb0: 00 00 00 00 00 80 00 80 00 80 00 80 00 80 00 fc  | ................
3cc0: 00 00 00 00 00 00 00 00 00 00 00 00 00 00 00 1f  | ................
3cd0: 00 00 00 00 00 00 00 00 00 00 00 00 00 00 00 fc  | ................
3ce0: 00 00 00 00 00 00 00 00 00 00 00 1f 00 00 00 00  | ................
3cf0: 00 00 00 80 00 80 00 80 00 80 00 fc 00 80 00 80  | ................
3d00: 00 00 00 03 00 00 00 00 00 00 00 00 00 00 00 00  | ................
3d10: 00 20 00 40 00 80 00 40 00 20 00 00 00 00 00 00  | . .@...@. ......
3d20: 00 00 00 00 00 0e 00 01 00 00 00 00 00 00 00 00  | ................
3d30: 00 00 00 00 00 00 00 80 00 40 00 20 00 00 00 00  | .........@. ....
3d40: 00 02 00 04 00 04 00 24 00 3f 00 00 00 00 00 00  | .......$.?......
3d50: 00 00 00 10 00 08 00 7c 00 84 00 02 00 00 00 00  | .......|........
3d60: 00 01 00 01 00 02 00 04 00 08 00 10 00 00 00 00  | ................
3d70: 00 40 00 20 00 20 00 00 00 00 00 00 00 00 00 00  | .@. . ..........
3d80: 00 1f 00 01 00 01 00 01 00 00 00 00 00 00 00 00  | ................
3d90: 00 00 00 00 00 00 00 00 00 f8 00 00 00 00 00 00  | ................
3da0: 00 00 00 00 00 00 00 00 00 00 00 00 00 00 00 00  | ................
3db0: 00 80 00 80 00 80 00 80 00 80 00 00 00 00 00 00  | ................
3dc0: 00 00 00 00 00 00 00 00 00 00 00 00 00 00 00 00  | ................
3dd0: 00 00 00 00 00 00 00 00 00 00 00 00 00 00 00 00  | ................
3de0: 00 00 00 00 00 00 00 00 00 1f 00 00 00 00 00 00  | ................
3df0: 00 80 00 80 00 00 00 00 00 fc 00 00 00 00 00 00  | ................
3e00: 00 00 00 06 00 02 00 02 00 02 00 01 00 0f 00 31  | ...............1
3e10: 00 00 00 00 00 00 00 00 00 38 00 cc 00 08 00 10  | .........8......
3e20: 00 00 00 00 00 01 00 00 00 00 00 1f 00 08 00 08  | ................
3e30: 00 00 00 00 00 80 00 80 00 80 00 f0 00 80 00 80  | ................
3e40: 00 00 00 00 00 00 00 00 00 01 00 0e 00 00 00 00  | ................
3e50: 00 00 00 00 00 00 00 00 00 e0 00 20 00 20 00 20  | ........... . . 
3e60: 00 00 00 00 00 00 00 00 00 09 00 06 00 00 00 00  | ................
3e70: 00 00 00 00 00 00 00 00 00 f8 00 10 00 20 00 40  | ............. .@
3e80: 00 00 00 00 00 00 00 00 00 0f 00 00 00 00 00 00  | ................
3e90: 00 00 00 00 00 00 00 f0 00 18 00 10 00 10 00 f0  | ................
3ea0: 00 00 00 00 00 00 00 00 00 00 00 00 00 01 00 01  | ................
3eb0: 00 00 00 00 00 00 00 00 00 00 00 00 00 00 00 00  | ................
3ec0: 00 00 00 00 00 00 00 00 00 00 00 00 00 00 00 00  | ................
3ed0: 00 00 00 00 00 00 00 00 00 00 00 00 00 00 00 00  | ................
3ee0: 00 00 00 00 00 00 00 00 00 00 00 00 00 00 00 07  | ................
3ef0: 00 00 00 00 00 00 00 00 00 00 00 00 00 00 00 f0  | ................
3f00: 00 01 00 01 00 00 00 00 00 00 00 00 00 00 00 00  | ................
3f10: 00 20 00 00 00 80 00 80 00 80 00 80 00 80 00 00  | . ..............
3f20: 00 08 00 3f 00 00 00 00 00 00 00 00 00 00 00 00  | ...?............
3f30: 00 80 00 fc 00 80 00 80 00 80 00 80 00 80 00 00  | ................
3f40: 00 00 00 00 00 00 00 23 00 1c 00 00 00 00 00 00  | .......#........
3f50: 00 40 00 40 00 40 00 fe 00 00 00 00 00 00 00 00  | .@.@.@..........
3f60: 00 01 00 00 00 00 00 00 00 3f 00 00 00 00 00 00  | .........?......
3f70: 00 80 00 80 00 80 00 fc 00 02 00 00 00 00 00 00  | ................
3f80: 00 07 00 00 00 00 00 00 00 0f 00 00 00 00 00 00  | ................
3f90: 00 10 00 10 00 10 00 f0 00 10 00 00 00 00 00 00  | ................
3fa0: 00 01 00 0f 00 01 00 01 00 01 00 00 00 00 00 00  | ................
3fb0: 00 78 00 88 00 10 00 20 00 00 00 80 00 80 00 80  | .x..... ........
3fc0: 00 07 00 00 00 00 00 00 00 00 00 0f 00 00 00 00  | ................
3fd0: 00 e0 00 20 00 20 00 20 00 20 00 f8 00 00 00 00  | ... . . . ......
3fe0: 00 00 00 00 00 07 00 00 00 00 00 00 00 07 00 00  | ................
3ff0: 00 10 00 10 00 f0 00 10 00 10 00 10 00 f0 00 00  | ................
4000: 20 1c 20 1c 20 1c 20 1c 20 1c 20 1c 20 1c 20 1c  |  . . . . . . . .
4010: 20 1c 20 1c 20 1c 20 1c 20 1c 20 1c 20 1c 20 1c  |  . . . . . . . .
4020: 20 1c 20 1c 20 1c 20 1c 20 1c 20 1c 20 1c 20 1c  |  . . . . . . . .
4030: 20 1c 20 1c 20 1c 20 1c 20 1c 20 1c 20 1c 20 1c  |  . . . . . . . .
4040: 20 1c 20 1c 20 1c 20 1c 20 1c 20 1c 20 1c 20 1c  |  . . . . . . . .
4050: 20 1c 20 1c 20 1c 20 1c 20 1c 20 1c 20 1c 20 1c  |  . . . . . . . .
4060: 20 1c 20 1c 20 1c 20 1c 20 1c 20 1c 20 1c 20 1c  |  . . . . . . . .
4070: 20 1c 20 1c 20 1c 20 1c 20 1c 20 1c 20 1c 20 1c  |  . . . . . . . .
4080: 20 1c 20 1c 20 1c 20 1c 20 1c 20 1c 20 1c 20 1c  |  . . . . . . . .
4090: 20 1c 20 1c 20 1c 20 1c 20 1c 20 1c 20 1c 20 1c  |  . . . . . . . .
40a0: 20 1c 20 1c 20 1c 20 1c 20 1c 20 1c 20 1c 20 1c  |  . . . . . . . .
40b0: 20 1c 20 1c 20 1c 20 1c 20 1c 20 1c 20 1c 20 1c  |  . . . . . . . .
40c0: 20 1c 20 1c 20 1c 20 1c 20 1c 20 1c 20 1c 20 1c  |  . . . . . . . .
40d0: 20 1c 20 1c 20 1c 20 1c 20 1c 20 1c 20 1c 20 1c  |  . . . . . . . .
40e0: 20 1c 20 1c 20 1c 20 1c 20 1c 20 1c 20 1c 20 1c  |  . . . . . . . .
40f0: 20 1c 20 1c 20 1c 20 1c 20 1c 20 1c 20 1c 20 1c  |  . . . . . . . .
4100: 20 1c 20 1c 20 1c 20 1c 20 1c 20 1c 20 1c 20 1c  |  . . . . . . . .
4110: 20 1c 20 1c 20 1c 20 1c 20 1c 20 1c 20 1c 20 1c  |  . . . . . . . .
4120: 20 1c 20 1c 20 1c 20 1c 20 1c 20 1c 20 1c 20 1c  |  . . . . . . . .
4130: 20 1c 20 1c 20 1c 20 1c 20 1c 20 1c 20 1c 20 1c  |  . . . . . . . .
4140: 20 1c 20 1c 20 1c 20 1c 20 1c 20 1c 20 1c 20 1c  |  . . . . . . . .
4150: 20 1c 20 1c 20 1c 20 1c 20 1c 20 1c 20 1c 20 1c  |  . . . . . . . .
4160: 20 1c 20 1c 20 1c 20 1c 20 1c 20 1c 20 1c 20 1c  |  . . . . . . . .
4170: 20 1c 20 1c 20 1c 20 1c 20 1c 20 1c 20 1c 20 1c  |  . . . . . . . .
4180: 20 1c 20 1c 20 1c 20 1c 20 1c 20 1c 20 1c 20 1c  |  . . . . . . . .
4190: 20 1c 20 1c 20 1c 20 1c 20 1c 20 1c 20 1c 20 1c  |  . . . . . . . .
41a0: 20 1c 20 1c 20 1c 20 1c 20 1c 20 1c 20 1c 20 1c  |  . . . . . . . .
41b0: 20 1c 20 1c 20 1c 20 1c 20 1c 20 1c 20 1c 20 1c  |  . . . . . . . .
41c0: 20 1c 20 1c 20 1c 20 1c 20 1c 20 1c 20 1c 20 1c  |  . . . . . . . .
41d0: 20 1c 20 1c 20 1c 20 1c 20 1c 20 1c 20 1c 20 1c  |  . . . . . . . .
41e0: 20 1c 20 1c 20 1c 20 1c 20 1c 20 1c 20 1c 20 1c  |  . . . . . . . .
41f0: 20 1c 20 1c 20 1c 20 1c 20 1c 20 1c 20 1c 20 1c  |  . . . . . . . .
4200: 20 1c 20 1c 20 1c 20 1c 20 1c 20 1c 20 1c 20 1c  |  . . . . . . . .
4210: 20 1c 20 1c 20 1c 20 1c 20 1c 20 1c 20 1c 20 1c  |  . . . . . . . .
4220: 20 1c 20 1c 20 1c 20 1c 20 1c 20 1c 20 1c 20 1c  |  . . . . . . . .
4230: 20 1c 20 1c 20 1c 20 1c 20 1c 20 1c 20 1c 20 1c  |  . . . . . . . .
4240: 20 1c 20 1c 20 1c 20 1c 20 1c 20 1c 20 1c 20 1c  |  . . . . . . . .
4250: 20 1c 20 1c 20 1c 20 1c 20 1c 20 1c 20 1c 20 1c  |  . . . . . . . .
4260: 20 1c 20 1c 20 1c 20 1c 20 1c 20 1c 20 1c 20 1c  |  . . . . . . . .
4270: 20 1c 20 1c 20 1c 20 1c 20 1c 20 1c 20 1c 20 1c  |  . . . . . . . .
4280: 20 1c 20 1c 20 1c 20 1c 20 1c 20 1c 20 1c 20 1c  |  . . . . . . . .
4290: 20 1c 20 1c 20 1c 20 1c 20 1c 20 1c 20 1c 20 1c  |  . . . . . . . .
42a0: 20 1c 20 1c 20 1c 20 1c 20 1c 20 1c 20 1c 20 1c  |  . . . . . . . .
42b0: 20 1c 20 1c 20 1c 20 1c 20 1c 20 1c 20 1c 20 1c  |  . . . . . . . .
42c0: 20 1c 20 1c 20 1c 20 1c 20 1c 20 1c 20 1c 20 1c  |  . . . . . . . .
42d0: 20 1c 20 1c 20 1c 20 1c 20 1c 20 1c 20 1c 20 1c  |  . . . . . . . .
42e0: 20 1c 20 1c 20 1c 20 1c 20 1c 20 1c 20 1c 20 1c  |  . . . . . . . .
42f0: 20 1c 20 1c 20 1c 20 1c 20 1c 20 1c 20 1c 20 1c  |  . . . . . . . .
4300: 20 1c 20 1c 20 1c 20 1c 20 1c 20 1c 20 1c 20 1c  |  . . . . . . . .
4310: 20 1c 20 1c 20 1c 20 1c 20 1c 20 1c 20 1c 20 1c  |  . . . . . . . .
4320: 20 1c 20 1c 20 1c 20 1c 20 1c 20 1c 20 1c 20 1c  |  . . . . . . . .
4330: 20 1c 20 1c 20 1c 20 1c 20 1c 20 1c 20 1c 20 1c  |  . . . . . . . .
4340: 20 1c 20 1c 20 1c 20 1c 20 1c 20 1c 20 1c 20 1c  |  . . . . . . . .
4350: 20 1c 20 1c 20 1c 20 1c 20 1c 20 1c 20 1c 20 1c  |  . . . . . . . .
4360: 20 1c 20 1c 20 1c 20 1c 20 1c 20 1c 20 1c 20 1c  |  . . . . . . . .
4370: 20 1c 20 1c 20 1c 20 1c 20 1c 20 1c 20 1c 20 1c  |  . . . . . . . .
4380: 20 1c 20 1c 20 1c 20 1c 20 1c 20 1c 20 1c 20 1c  |  . . . . . . . .
4390: 20 1c 20 1c 20 1c 20 1c 20 1c 20 1c 20 1c 20 1c  |  . . . . . . . .
43a0: 20 1c 20 1c 20 1c 20 1c 20 1c 20 1c 20 1c 20 1c  |  . . . . . . . .
43b0: 20 1c 20 1c 20 1c 20 1c 20 1c 20 1c 20 1c 20 1c  |  . . . . . . . .
43c0: 20 1c 20 1c 20 1c 20 1c 20 1c 20 1c 20 1c 20 1c  |  . . . . . . . .
43d0: 20 1c 20 1c 20 1c 20 1c 20 1c 20 1c 20 1c 20 1c  |  . . . . . . . .
43e0: 20 1c 20 1c 20 1c 20 1c 20 1c 20 1c 20 1c 20 1c  |  . . . . . . . .
43f0: 20 1c 20 1c 20 1c 20 1c 20 1c 20 1c 20 1c 20 1c  |  . . . . . . . .
4400: 20 1c 20 1c 20 1c 20 1c 20 1c 20 1c 20 1c 20 1c  |  . . . . . . . .
4410: 20 1c 20 1c 20 1c 20 1c 20 1c 20 1c 20 1c 20 1c  |  . . . . . . . .
4420: 20 1c 20 1c 20 1c 20 1c 20 1c 20 1c 20 1c 20 1c  |  . . . . . . . .
4430: 20 1c 20 1c 20 1c 20 1c 20 1c 20 1c 20 1c 20 1c  |  . . . . . . . .
4440: 20 1c 20 1c 20 1c 20 1c 20 1c 20 1c 20 1c 20 1c  |  . . . . . . . .
4450: 20 1c 20 1c 20 1c 20 1c 20 1c 20 1c 20 1c 20 1c  |  . . . . . . . .
4460: 20 1c 20 1c 20 1c 20 1c 20 1c 20 1c 20 1c 20 1c  |  . . . . . . . .
4470: 20 1c 20 1c 20 1c 20 1c 20 1c 20 1c 20 1c 20 1c  |  . . . . . . . .
4480: 20 1c 20 1c 20 1c 20 1c 20 1c 20 1c 20 1c 20 1c  |  . . . . . . . .
4490: 20 1c 20 1c 20 1c 20 1c 20 1c 20 1c 20 1c 20 1c  |  . . . . . . . .
44a0: 20 1c 20 1c 20 1c 20 1c 20 1c 20 1c 20 1c 20 1c  |  . . . . . . . .
44b0: 20 1c 20 1c 20 1c 20 1c 20 1c 20 1c 20 1c 20 1c  |  . . . . . . . .
44c0: 20 1c 20 1c 20 1c 20 1c 20 1c 20 1c 20 1c 20 1c  |  . . . . . . . .
44d0: 20 1c 20 1c 20 1c 20 1c 20 1c 20 1c 20 1c 20 1c  |  . . . . . . . .
44e0: 20 1c 20 1c 20 1c 20 1c 20 1c 20 1c 20 1c 20 1c  |  . . . . . . . .
44f0: 20 1c 20 1c 20 1c 20 1c 20 1c 20 1c 20 1c 20 1c  |  . . . . . . . .
4500: 20 1c 20 1c 20 1c 20 1c 20 1c 20 1c 20 1c 20 1c  |  . . . . . . . .
4510: 20 1c 20 1c 20 1c 20 1c 20 1c 20 1c 20 1c 20 1c  |  . . . . . . . .
4520: 20 1c 20 1c 20 1c 20 1c 20 1c 20 1c 20 1c 20 1c  |  . . . . . . . .
4530: 20 1c 20 1c 20 1c 20 1c 20 1c 20 1c 20 1c 20 1c  |  . . . . . . . .
4540: 20 1c 20 1c 20 1c 20 1c 20 1c 20 1c 20 1c 20 1c  |  . . . . . . . .
4550: 20 1c 20 1c 20 1c 20 1c 20 1c 20 1c 20 1c 20 1c  |  . . . . . . . .
4560: 20 1c 20 1c 20 1c 20 1c 20 1c 20 1c 20 1c 20 1c  |  . . . . . . . .
4570: 20 1c 20 1c 20 1c 20 1c 20 1c 20 1c 20 1c 20 1c  |  . . . . . . . .
4580: 20 1c 20 1c 20 1c 20 1c 20 1c 20 1c 20 1c 20 1c  |  . . . . . . . .
4590: 20 1c 20 1c 20 1c 20 1c 20 1c 20 1c 20 1c 20 1c  |  . . . . . . . .
45a0: 20 1c 20 1c 20 1c 20 1c 20 1c 20 1c 20 1c 20 1c  |  . . . . . . . .
45b0: 20 1c 20 1c 20 1c 20 1c 20 1c 20 1c 20 1c 20 1c  |  . . . . . . . .
45c0: 20 1c 20 1c 20 1c 20 1c 20 1c 4c 00 6f 00 6f 00  |  . . . . .L.o.o.
45d0: 6b 00 20 1c 66 00 6f 00 72 00 20 1c 63 00 6c 00  | k. .f.o.r. .c.l.
45e0: 65 00 61 00 72 00 20 1c 69 00 6d 00 61 00 67 00  | e.a.r. .i.m.a.g.
45f0: 65 00 73 00 20 1c 20 1c 20 1c 20 1c 20 1c 20 1c  | e.s. . . . . . .
4600: 20 1c 20 1c 20 1c 20 1c 20 1c 20 1c 20 1c 20 1c  |  . . . . . . . .
4610: 20 1c 20 1c 20 1c 20 1c 20 1c 20 1c 20 1c 20 1c  |  . . . . . . . .
4620: 20 1c 20 1c 20 1c 20 1c 20 1c 20 1c 20 1c 20 1c  |  . . . . . . . .
4630: 20 1c 20 1c 20 1c 20 1c 20 1c 20 1c 20 1c 20 1c  |  . . . . . . . .
4640: 20 1c 20 1c 20 1c 20 1c 20 1c 6d 00 6f 00 76 00  |  . . . . .m.o.v.
4650: 69 00 6e 00 67 00 20 1c 61 00 63 00 72 00 6f 00  | i.n.g. .a.c.r.o.
4660: 73 00 73 00 20 1c 73 00 63 00 72 00 65 00 65 00  | s.s. .s.c.r.e.e.
4670: 6e 00 20 1c 20 1c 20 1c 20 1c 20 1c 20 1c 20 1c  | n. . . . . . . .
4680: 20 1c 20 1c 20 1c 20 1c 20 1c 20 1c 20 1c 20 1c  |  . . . . . . . .
4690: 20 1c 20 1c 20 1c 20 1c 20 1c 20 1c 20 1c 20 1c  |  . . . . . . . .
46a0: 20 1c 20 1c 20 1c 20 1c 20 1c 20 1c 20 1c 20 1c  |  . . . . . . . .
46b0: 20 1c 20 1c 20 1c 20 1c 20 1c 20 1c 20 1c 20 1c  |  . . . . . . . .
46c0: 20 1c 20 1c 20 1c 20 1c 20 1c 20 1c 20 1c 20 1c  |  . . . . . . . .
46d0: 20 1c 20 1c 20 1c 20 1c 20 1c 20 1c 20 1c 20 1c  |  . . . . . . . .
46e0: 20 1c 20 1c 20 1c 20 1c 20 1c 20 1c 20 1c 20 1c  |  . . . . . . . .
46f0: 20 1c 20 1c 20 1c 20 1c 20 1c 20 1c 20 1c 20 1c  |  . . . . . . . .
4700: 20 1c 20 1c 20 1c 20 1c 20 1c 20 1c 20 1c 20 1c  |  . . . . . . . .
4710: 20 1c 20 1c 20 1c 20 1c 20 1c 20 1c 20 1c 20 1c  |  . . . . . . . .
4720: 20 1c 20 1c 20 1c 20 1c 20 1c 20 1c 20 1c 20 1c  |  . . . . . . . .
4730: 20 1c 20 1c 20 1c 20 1c 20 1c 20 1c 20 1c 20 1c  |  . . . . . . . .
4740: 20 1c 20 1c 20 1c 20 1c 20 1c 20 1c 20 1c 20 1c  |  . . . . . . . .
4750: 20 1c 20 1c 20 1c 20 1c 20 1c 20 1c 20 1c 20 1c  |  . . . . . . . .
4760: 20 1c 20 1c 20 1c 20 1c 20 1c 20 1c 20 1c 20 1c  |  . . . . . . . .
4770: 20 1c 20 1c 20 1c 20 1c 20 1c 20 1c 20 1c 20 1c  |  . . . . . . . .
4780: 20 1c 20 1c 20 1c 20 1c 20 1c 20 1c 20 1c 20 1c  |  . . . . . . . .
4790: 20 1c 20 1c 20 1c 20 1c 20 1c 20 1c 20 1c 20 1c  |  . . . . . . . .
47a0: 20 1c 20 1c 20 1c 20 1c 20 1c 20 1c 20 1c 20 1c  |  . . . . . . . .
47b0: 20 1c 20 1c 20 1c 20 1c 20 1c 20 1c 20 1c 20 1c  |  . . . . . . . .
47c0: 20 1c 20 1c 20 1c 20 1c 20 1c 20 1c 20 1c 20 1c  |  . . . . . . . .
47d0: 20 1c 20 1c 20 1c 20 1c 20 1c 20 1c 20 1c 20 1c  |  . . . . . . . .
47e0: 20 1c 20 1c 20 1c 20 1c 20 1c 20 1c 20 1c 20 1c  |  . . . . . . . .
47f0: 20 1c 20 1c 20 1c 20 1c 20 1c 20 1c 20 1c 20 1c  |  . . . . . . . .
4800: 20 1c 20 1c 20 1c 20 1c 20 1c 20 1c 20 1c 20 1c  |  . . . . . . . .
4810: 20 1c 20 1c 20 1c 20 1c 20 1c 20 1c 20 1c 20 1c  |  . . . . . . . .
4820: 20 1c 20 1c 20 1c 20 1c 20 1c 20 1c 20 1c 20 1c  |  . . . . . . . .
4830: 20 1c 20 1c 20 1c 20 1c 20 1c 20 1c 20 1c 20 1c  |  . . . . . . . .
4840: 20 1c 20 1c 20 1c 20 1c 20 1c 20 1c 20 1c 20 1c  |  . . . . . . . .
4850: 20 1c 20 1c 20 1c 20 1c 20 1c 20 1c 20 1c 20 1c  |  . . . . . . . .
4860: 20 1c 20 1c 20 1c 20 1c 20 1c 20 1c 20 1c 20 1c  |  . . . . . . . .
4870: 20 1c 20 1c 20 1c 20 1c 20 1c 20 1c 20 1c 20 1c  |  . . . . . . . .
4880: 20 1c 20 1c 20 1c 20 1c 20 1c 20 1c 20 1c 20 1c  |  . . . . . . . .
4890: 20 1c 20 1c 20 1c 20 1c 20 1c 20 1c 20 1c 20 1c  |  . . . . . . . .
48a0: 20 1c 20 1c 20 1c 20 1c 20 1c 20 1c 20 1c 20 1c  |  . . . . . . . .
48b0: 20 1c 20 1c 20 1c 20 1c 20 1c 20 1c 20 1c 20 1c  |  . . . . . . . .
48c0: 20 1c 20 1c 20 1c 20 1c 20 1c 20 1c 20 1c 20 1c  |  . . . . . . . .
48d0: 20 1c 20 1c 20 1c 20 1c 20 1c 20 1c 20 1c 20 1c  |  . . . . . . . .
48e0: 20 1c 20 1c 20 1c 20 1c 20 1c 20 1c 20 1c 20 1c  |  . . . . . . . .
48f0: 20 1c 20 1c 20 1c 20 1c 20 1c 20 1c 20 1c 20 1c  |  . . . . . . . .
4900: 20 1c 20 1c 20 1c 20 1c 20 1c 20 1c 20 1c 20 1c  |  . . . . . . . .
4910: 20 1c 20 1c 20 1c 20 1c 20 1c 20 1c 20 1c 20 1c  |  . . . . . . . .
4920: 20 1c 20 1c 20 1c 20 1c 20 1c 20 1c 20 1c 20 1c  |  . . . . . . . .
4930: 20 1c 20 1c 20 1c 20 1c 20 1c 20 1c 20 1c 20 1c  |  . . . . . . . .
4940: 20 1c 20 1c 20 1c 20 1c 20 1c 20 1c 20 1c 20 1c  |  . . . . . . . .
4950: 20 1c 20 1c 20 1c 20 1c 20 1c 20 1c 20 1c 20 1c  |  . . . . . . . .
4960: 20 1c 20 1c 20 1c 20 1c 20 1c 20 1c 20 1c 20 1c  |  . . . . . . . .
4970: 20 1c 20 1c 20 1c 20 1c 20 1c 20 1c 20 1c 20 1c  |  . . . . . . . .
4980: 20 1c 20 1c 20 1c 20 1c 20 1c 20 1c 20 1c 20 1c  |  . . . . . . . .
4990: 20 1c 20 1c 20 1c 20 1c 20 1c 20 1c 20 1c 20 1c  |  . . . . . . . .
49a0: 20 1c 20 1c 20 1c 20 1c 20 1c 20 1c 20 1c 20 1c  |  . . . . . . . .
49b0: 20 1c 20 1c 20 1c 20 1c 20 1c 20 1c 20 1c 20 1c  |  . . . . . . . .
49c0: 20 1c 20 1c 20 1c 20 1c 20 1c 20 1c 20 1c 20 1c  |  . . . . . . . .
49d0: 20 1c 20 1c 20 1c 20 1c 20 1c 20 1c 20 1c 20 1c  |  . . . . . . . .
49e0: 20 1c 20 1c 20 1c 20 1c 20 1c 20 1c 20 1c 20 1c  |  . . . . . . . .
49f0: 20 1c 20 1c 20 1c 20 1c 20 1c 20 1c 20 1c 20 1c  |  . . . . . . . .
4a00: 20 1c 20 1c 20 1c 20 1c 20 1c 20 1c 20 1c 20 1c  |  . . . . . . . .
4a10: 20 1c 20 1c 20 1c 20 1c 20 1c 20 1c 20 1c 20 1c  |  . . . . . . . .
4a20: 20 1c 20 1c 20 1c 20 1c 20 1c 20 1c 20 1c 20 1c  |  . . . . . . . .
4a30: 20 1c 20 1c 20 1c 20 1c 20 1c 20 1c 20 1c 20 1c  |  . . . . . . . .
4a40: 20 1c 20 1c 20 1c 20 1c 20 1c 20 1c 20 1c 20 1c  |  . . . . . . . .
4a50: 20 1c 20 1c 20 1c 20 1c 20 1c 20 1c 20 1c 20 1c  |  . . . . . . . .
4a60: 20 1c 20 1c 20 1c 20 1c 20 1c 20 1c 20 1c 20 1c  |  . . . . . . . .
4a70: 20 1c 20 1c 20 1c 20 1c 20 1c 20 1c 20 1c 20 1c  |  . . . . . . . .
4a80: 20 1c 20 1c 20 1c 20 1c 20 1c 20 1c 20 1c 20 1c  |  . . . . . . . .
4a90: 20 1c 20 1c 20 1c 20 1c 20 1c 20 1c 20 1c 20 1c  |  . . . . . . . .
4aa0: 20 1c 20 1c 20 1c 20 1c 20 1c 20 1c 20 1c 20 1c  |  . . . . . . . .
4ab0: 20 1c 20 1c 20 1c 20 1c 20 1c 20 1c 20 1c 20 1c  |  . . . . . . . .
4ac0: 20 1c 20 1c 20 1c 20 1c 20 1c 20 1c 20 1c 20 1c  |  . . . . . . . .
4ad0: 20 1c 20 1c 20 1c 20 1c 20 1c 20 1c 20 1c 20 1c  |  . . . . . . . .
4ae0: 20 1c 20 1c 20 1c 20 1c 20 1c 20 1c 20 1c 20 1c  |  . . . . . . . .
4af0: 20 1c 20 1c 20 1c 20 1c 20 1c 20 1c 20 1c 20 1c  |  . . . . . . . .
4b00: 20 1c 20 1c 20 1c 20 1c 20 1c 20 1c 20 1c 20 1c  |  . . . . . . . .
4b10: 20 1c 20 1c 20 1c 20 1c 20 1c 20 1c 20 1c 20 1c  |  . . . . . . . .
4b20: 20 1c 20 1c 20 1c 20 1c 20 1c 20 1c 20 1c 20 1c  |  . . . . . . . .
4b30: 20 1c 20 1c 20 1c 20 1c 20 1c 20 1c 20 1c 20 1c  |  . . . . . . . .
4b40: 20 1c 20 1c 20 1c 20 1c 20 1c 20 1c 20 1c 20 1c  |  . . . . . . . .
4b50: 20 1c 20 1c 20 1c 20 1c 20 1c 20 1c 20 1c 20 1c  |  . . . . . . . .
4b60: 20 1c 20 1c 20 1c 20 1c 20 1c 20 1c 20 1c 20 1c  |  . . . . . . . .
4b70: 20 1c 20 1c 20 1c 20 1c 20 1c 20 1c 20 1c 20 1c  |  . . . . . . . .
4b80: 20 1c 20 1c 20 1c 20 1c 20 1c 20 1c 20 1c 20 1c  |  . . . . . . . .
4b90: 20 1c 20 1c 20 1c 20 1c 20 1c 20 1c 20 1c 20 1c  |  . . . . . . . .
4ba0: 20 1c 20 1c 20 1c 20 1c 20 1c 20 1c 20 1c 20 1c  |  . . . . . . . .
4bb0: 20 1c 20 1c 20 1c 20 1c 20 1c 20 1c 20 1c 20 1c  |  . . . . . . . .
4bc0: 20 1c 20 1c 20 1c 20 1c 20 1c 20 1c 20 1c 20 1c  |  . . . . . . . .
4bd0: 20 1c 20 1c 20 1c 20 1c 20 1c 20 1c 20 1c 20 1c  |  . . . . . . . .
4be0: 20 1c 20 1c 20 1c 20 1c 20 1c 20 1c 20 1c 20 1c  |  . . . . . . . .
4bf0: 20 1c 20 1c 20 1c 20 1c 20 1c 20 1c 20 1c 20 1c  |  . . . . . . . .
4c00: 20 1c 20 1c 20 1c 20 1c 20 1c 20 1c 20 1c 20 1c  |  . . . . . . . .
4c10: 20 1c 20 1c 20 1c 20 1c 20 1c 20 1c 20 1c 20 1c  |  . . . . . . . .
4c20: 20 1c 20 1c 20 1c 20 1c 20 1c 20 1c 20 1c 20 1c  |  . . . . . . . .
4c30: 20 1c 20 1c 20 1c 20 1c 20 1c 20 1c 20 1c 20 1c  |  . . . . . . . .
4c40: 20 1c 20 1c 20 1c 20 1c 20 1c 20 1c 20 1c 20 1c  |  . . . . . . . .
4c50: 20 1c 20 1c 20 1c 20 1c 20 1c 20 1c 20 1c 20 1c  |  . . . . . . . .
4c60: 20 1c 20 1c 20 1c 20 1c 20 1c 20 1c 20 1c 20 1c  |  . . . . . . . .
4c70: 20 1c 20 1c 20 1c 20 1c 20 1c 20 1c 20 1c 20 1c  |  . . . . . . . .
4c80: 20 1c 20 1c 20 1c 20 1c 20 1c 20 1c 20 1c 20 1c  |  . . . . . . . .
4c90: 20 1c 20 1c 20 1c 20 1c 20 1c 20 1c 20 1c 20 1c  |  . . . . . . . .
4ca0: 20 1c 20 1c 20 1c 20 1c 20 1c 20 1c 20 1c 20 1c  |  . . . . . . . .
4cb0: 20 1c 20 1c 20 1c 20 1c 20 1c 20 1c 20 1c 20 1c  |  . . . . . . . .
4cc0: 20 1c 20 1c 20 1c 20 1c 20 1c 20 1c 20 1c 20 1c  |  . . . . . . . .
4cd0: 20 1c 20 1c 20 1c 20 1c 20 1c 20 1c 20 1c 20 1c  |  . . . . . . . .
4ce0: 20 1c 20 1c 20 1c 20 1c 20 1c 20 1c 20 1c 20 1c  |  . . . . . . . .
4cf0: 20 1c 20 1c 20 1c 20 1c 20 1c 20 1c 20 1c 20 1c  |  . . . . . . . .
4d00: 20 1c 20 1c 20 1c 20 1c 20 1c 20 1c 20 1c 20 1c  |  . . . . . . . .
4d10: 20 1c 20 1c 20 1c 20 1c 20 1c 20 1c 20 1c 20 1c  |  . . . . . . . .
4d20: 20 1c 20 1c 20 1c 20 1c 20 1c 20 1c 20 1c 20 1c  |  . . . . . . . .
4d30: 20 1c 20 1c 20 1c 20 1c 20 1c 20 1c 20 1c 20 1c  |  . . . . . . . .
4d40: 20 1c 20 1c 20 1c 20 1c 20 1c 20 1c 20 1c 20 1c  |  . . . . . . . .
4d50: 20 1c 20 1c 20 1c 20 1c 20 1c 20 1c 20 1c 20 1c  |  . . . . . . . .
4d60: 20 1c 20 1c 20 1c 20 1c 20 1c 20 1c 20 1c 20 1c  |  . . . . . . . .
4d70: 20 1c 20 1c 20 1c 20 1c 20 1c 20 1c 20 1c 20 1c  |  . . . . . . . .
4d80: 20 1c 20 1c 20 1c 20 1c 20 1c 20 1c 20 1c 20 1c  |  . . . . . . . .
4d90: 20 1c 20 1c 20 1c 20 1c 20 1c 20 1c 20 1c 20 1c  |  . . . . . . . .
4da0: 20 1c 20 1c 20 1c 20 1c 20 1c 20 1c 20 1c 20 1c  |  . . . . . . . .
4db0: 20 1c 20 1c 20 1c 20 1c 20 1c 20 1c 20 1c 20 1c  |  . . . . . . . .
4dc0: 20 1c 20 1c 20 1c 20 1c 4c 00 6f 00 6f 00 6b 00  |  . . . .L.o.o.k.
4dd0: 20 00 66 00 6f 00 72 00 20 00 63 00 6c 00 65 00  |  .f.o.r. .c.l.e.
4de0: 61 00 72 00 20 00 69 00 6d 00 61 00 67 00 65 00  | a.r. .i.m.a.g.e.
4df0: 20 00 6f 00 66 00 20 1c 20 1c 20 1c 20 1c 20 1c  |  .o.f. . . . . .
4e00: 20 1c 20 1c 20 1c 20 1c 20 1c 20 1c 20 1c 20 1c  |  . . . . . . . .
4e10: 20 1c 20 1c 20 1c 20 1c 20 1c 20 1c 20 1c 20 1c  |  . . . . . . . .
4e20: 20 1c 20 1c 20 1c 20 1c 20 1c 20 1c 20 1c 20 1c  |  . . . . . . . .
4e30: 20 1c 20 1c 20 1c 20 1c 20 1c 20 1c 20 1c 20 1c  |  . . . . . . . .
4e40: 20 1c 20 1c 20 1c 20 1c 70 00 72 00 69 00 6e 00  |  . . . .p.r.i.n.
4e50: 63 00 65 00 73 00 73 00 20 00 66 00 6c 00 69 00  | c.e.s.s. .f.l.i.
4e60: 70 00 70 00 69 00 6e 00 67 00 20 1c 20 1c 20 1c  | p.p.i.n.g. . . .
4e70: 20 1c 20 1c 20 1c 20 1c 20 1c 20 1c 20 1c 20 1c  |  . . . . . . . .
4e80: 20 1c 20 1c 20 1c 20 1c 20 1c 20 1c 20 1c 20 1c  |  . . . . . . . .
4e90: 20 1c 20 1c 20 1c 20 1c 20 1c 20 1c 20 1c 20 1c  |  . . . . . . . .
4ea0: 20 1c 20 1c 20 1c 20 1c 20 1c 20 1c 20 1c 20 1c  |  . . . . . . . .
4eb0: 20 1c 20 1c 20 1c 20 1c 20 1c 20 1c 20 1c 20 1c  |  . . . . . . . .
4ec0: 20 1c 20 1c 20 1c 20 1c 20 1c 20 1c 20 1c 20 1c  |  . . . . . . . .
4ed0: 20 1c 20 1c 20 1c 20 1c 20 1c 20 1c 20 1c 20 1c  |  . . . . . . . .
4ee0: 20 1c 20 1c 20 1c 20 1c 20 1c 20 1c 20 1c 20 1c  |  . . . . . . . .
4ef0: 20 1c 20 1c 20 1c 20 1c 20 1c 20 1c 20 1c 20 1c  |  . . . . . . . .
4f00: 20 1c 20 1c 20 1c 20 1c 20 1c 20 1c 20 1c 20 1c  |  . . . . . . . .
4f10: 20 1c 20 1c 20 1c 20 1c 20 1c 20 1c 20 1c 20 1c  |  . . . . . . . .
4f20: 20 1c 20 1c 20 1c 20 1c 20 1c 20 1c 20 1c 20 1c  |  . . . . . . . .
4f30: 20 1c 20 1c 20 1c 20 1c 20 1c 20 1c 20 1c 20 1c  |  . . . . . . . .
4f40: 20 1c 20 1c 20 1c 20 1c 20 1c 20 1c 20 1c 20 1c  |  . . . . . . . .
4f50: 20 1c 20 1c 20 1c 20 1c 20 1c 20 1c 20 1c 20 1c  |  . . . . . . . .
4f60: 20 1c 20 1c 20 1c 20 1c 20 1c 20 1c 20 1c 20 1c  |  . . . . . . . .
4f70: 20 1c 20 1c 20 1c 20 1c 20 1c 20 1c 20 1c 20 1c  |  . . . . . . . .
4f80: 20 1c 20 1c 20 1c 20 1c 20 1c 20 1c 20 1c 20 1c  |  . . . . . . . .
4f90: 20 1c 20 1c 20 1c 20 1c 20 1c 20 1c 20 1c 20 1c  |  . . . . . . . .
4fa0: 20 1c 20 1c 20 1c 20 1c 20 1c 20 1c 20 1c 20 1c  |  . . . . . . . .
4fb0: 20 1c 20 1c 20 1c 20 1c 20 1c 20 1c 20 1c 20 1c  |  . . . . . . . .
4fc0: 20 1c 20 1c 20 1c 20 1c 20 1c 20 1c 20 1c 20 1c  |  . . . . . . . .
4fd0: 20 1c 20 1c 20 1c 20 1c 20 1c 20 1c 20 1c 20 1c  |  . . . . . . . .
4fe0: 20 1c 20 1c 20 1c 20 1c 20 1c 20 1c 20 1c 20 1c  |  . . . . . . . .
4ff0: 20 1c 20 1c 20 1c 20 1c 20 1c 20 1c 20 1c 20 1c  |  . . . . . . . .
5000: 20 1c 20 1c 20 1c 20 1c 20 1c 20 1c 20 1c 20 1c  |  . . . . . . . .
5010: 20 1c 20 1c 20 1c 20 1c 20 1c 20 1c 20 1c 20 1c  |  . . . . . . . .
5020: 20 1c 20 1c 20 1c 20 1c 20 1c 20 1c 20 1c 20 1c  |  . . . . . . . .
5030: 20 1c 20 1c 20 1c 20 1c 20 1c 20 1c 20 1c 20 1c  |  . . . . . . . .
5040: 20 1c 20 1c 20 1c 20 1c 20 1c 20 1c 20 1c 20 1c  |  . . . . . . . .
5050: 20 1c 20 1c 20 1c 20 1c 20 1c 20 1c 20 1c 20 1c  |  . . . . . . . .
5060: 20 1c 20 1c 20 1c 20 1c 20 1c 20 1c 20 1c 20 1c  |  . . . . . . . .
5070: 20 1c 20 1c 20 1c 20 1c 20 1c 20 1c 20 1c 20 1c  |  . . . . . . . .
5080: 20 1c 20 1c 20 1c 20 1c 20 1c 20 1c 20 1c 20 1c  |  . . . . . . . .
5090: 20 1c 20 1c 20 1c 20 1c 20 1c 20 1c 20 1c 20 1c  |  . . . . . . . .
50a0: 20 1c 20 1c 20 1c 20 1c 20 1c 20 1c 20 1c 20 1c  |  . . . . . . . .
50b0: 20 1c 20 1c 20 1c 20 1c 20 1c 20 1c 20 1c 20 1c  |  . . . . . . . .
50c0: 20 1c 20 1c 20 1c 20 1c 20 1c 20 1c 20 1c 20 1c  |  . . . . . . . .
50d0: 20 1c 20 1c 20 1c 20 1c 20 1c 20 1c 20 1c 20 1c  |  . . . . . . . .
50e0: 20 1c 20 1c 20 1c 20 1c 20 1c 20 1c 20 1c 20 1c  |  . . . . . . . .
50f0: 20 1c 20 1c 20 1c 20 1c 20 1c 20 1c 20 1c 20 1c  |  . . . . . . . .
5100: 20 1c 20 1c 20 1c 20 1c 20 1c 20 1c 20 1c 20 1c  |  . . . . . . . .
5110: 20 1c 20 1c 20 1c 20 1c 20 1c 20 1c 20 1c 20 1c  |  . . . . . . . .
5120: 20 1c 20 1c 20 1c 20 1c 20 1c 20 1c 20 1c 20 1c  |  . . . . . . . .
5130: 20 1c 20 1c 20 1c 20 1c 20 1c 20 1c 20 1c 20 1c  |  . . . . . . . .
5140: 20 1c 20 1c 20 1c 20 1c 20 1c 20 1c 20 1c 20 1c  |  . . . . . . . .
5150: 20 1c 20 1c 20 1c 20 1c 20 1c 20 1c 20 1c 20 1c  |  . . . . . . . .
5160: 20 1c 20 1c 20 1c 20 1c 20 1c 20 1c 20 1c 20 1c  |  . . . . . . . .
5170: 20 1c 20 1c 20 1c 20 1c 20 1c 20 1c 20 1c 20 1c  |  . . . . . . . .
5180: 20 1c 20 1c 20 1c 20 1c 20 1c 20 1c 20 1c 20 1c  |  . . . . . . . .
5190: 20 1c 20 1c 20 1c 20 1c 20 1c 20 1c 20 1c 20 1c  |  . . . . . . . .
51a0: 20 1c 20 1c 20 1c 20 1c 20 1c 20 1c 20 1c 20 1c  |  . . . . . . . .
51b0: 20 1c 20 1c 20 1c 20 1c 20 1c 20 1c 20 1c 20 1c  |  . . . . . . . .
51c0: 20 1c 20 1c 20 1c 20 1c 20 1c 20 1c 20 1c 20 1c  |  . . . . . . . .
51d0: 20 1c 20 1c 20 1c 20 1c 20 1c 20 1c 20 1c 20 1c  |  . . . . . . . .
51e0: 20 1c 20 1c 20 1c 20 1c 20 1c 20 1c 20 1c 20 1c  |  . . . . . . . .
51f0: 20 1c 20 1c 20 1c 20 1c 20 1c 20 1c 20 1c 20 1c  |  . . . . . . . .
5200: 20 1c 20 1c 20 1c 20 1c 20 1c 20 1c 20 1c 20 1c  |  . . . . . . . .
5210: 20 1c 20 1c 20 1c 20 1c 20 1c 20 1c 20 1c 20 1c  |  . . . . . . . .
5220: 20 1c 20 1c 20 1c 20 1c 20 1c 20 1c 20 1c 20 1c  |  . . . . . . . .
5230: 20 1c 20 1c 20 1c 20 1c 20 1c 20 1c 20 1c 20 1c  |  . . . . . . . .
5240: 20 1c 20 1c 20 1c 20 1c 20 1c 20 1c 20 1c 20 1c  |  . . . . . . . .
5250: 20 1c 20 1c 20 1c 20 1c 20 1c 20 1c 20 1c 20 1c  |  . . . . . . . .
5260: 20 1c 20 1c 20 1c 20 1c 20 1c 20 1c 20 1c 20 1c  |  . . . . . . . .
5270: 20 1c 20 1c 20 1c 20 1c 20 1c 20 1c 20 1c 20 1c  |  . . . . . . . .
5280: 20 1c 20 1c 20 1c 20 1c 20 1c 20 1c 20 1c 20 1c  |  . . . . . . . .
5290: 20 1c 20 1c 20 1c 20 1c 20 1c 20 1c 20 1c 20 1c  |  . . . . . . . .
52a0: 20 1c 20 1c 20 1c 20 1c 20 1c 20 1c 20 1c 20 1c  |  . . . . . . . .
52b0: 20 1c 20 1c 20 1c 20 1c 20 1c 20 1c 20 1c 20 1c  |  . . . . . . . .
52c0: 20 1c 20 1c 20 1c 20 1c 20 1c 20 1c 20 1c 20 1c  |  . . . . . . . .
52d0: 20 1c 20 1c 20 1c 20 1c 20 1c 20 1c 20 1c 20 1c  |  . . . . . . . .
52e0: 20 1c 20 1c 20 1c 20 1c 20 1c 20 1c 20 1c 20 1c  |  . . . . . . . .
52f0: 20 1c 20 1c 20 1c 20 1c 20 1c 20 1c 20 1c 20 1c  |  . . . . . . . .
5300: 20 1c 20 1c 20 1c 20 1c 20 1c 20 1c 20 1c 20 1c  |  . . . . . . . .
5310: 20 1c 20 1c 20 1c 20 1c 20 1c 20 1c 20 1c 20 1c  |  . . . . . . . .
5320: 20 1c 20 1c 20 1c 20 1c 20 1c 20 1c 20 1c 20 1c  |  . . . . . . . .
5330: 20 1c 20 1c 20 1c 20 1c 20 1c 20 1c 20 1c 20 1c  |  . . . . . . . .
5340: 20 1c 20 1c 20 1c 20 1c 20 1c 20 1c 20 1c 20 1c  |  . . . . . . . .
5350: 20 1c 20 1c 20 1c 20 1c 20 1c 20 1c 20 1c 20 1c  |  . . . . . . . .
5360: 20 1c 20 1c 20 1c 20 1c 20 1c 20 1c 20 1c 20 1c  |  . . . . . . . .
5370: 20 1c 20 1c 20 1c 20 1c 20 1c 20 1c 20 1c 20 1c  |  . . . . . . . .
5380: 20 1c 20 1c 20 1c 20 1c 20 1c 20 1c 20 1c 20 1c  |  . . . . . . . .
5390: 20 1c 20 1c 20 1c 20 1c 20 1c 20 1c 20 1c 20 1c  |  . . . . . . . .
53a0: 20 1c 20 1c 20 1c 20 1c 20 1c 20 1c 20 1c 20 1c  |  . . . . . . . .
53b0: 20 1c 20 1c 20 1c 20 1c 20 1c 20 1c 20 1c 20 1c  |  . . . . . . . .
53c0: 20 1c 20 1c 20 1c 20 1c 20 1c 20 1c 20 1c 20 1c  |  . . . . . . . .
53d0: 20 1c 20 1c 20 1c 20 1c 20 1c 20 1c 20 1c 20 1c  |  . . . . . . . .
53e0: 20 1c 20 1c 20 1c 20 1c 20 1c 20 1c 20 1c 20 1c  |  . . . . . . . .
53f0: 20 1c 20 1c 20 1c 20 1c 20 1c 20 1c 20 1c 20 1c  |  . . . . . . . .
5400: 20 1c 20 1c 20 1c 20 1c 20 1c 20 1c 20 1c 20 1c  |  . . . . . . . .
5410: 20 1c 20 1c 20 1c 20 1c 20 1c 20 1c 20 1c 20 1c  |  . . . . . . . .
5420: 20 1c 20 1c 20 1c 20 1c 20 1c 20 1c 20 1c 20 1c  |  . . . . . . . .
5430: 20 1c 20 1c 20 1c 20 1c 20 1c 20 1c 20 1c 20 1c  |  . . . . . . . .
5440: 20 1c 20 1c 20 1c 20 1c 20 1c 20 1c 20 1c 20 1c  |  . . . . . . . .
5450: 20 1c 20 1c 20 1c 20 1c 20 1c 20 1c 20 1c 20 1c  |  . . . . . . . .
5460: 20 1c 20 1c 20 1c 20 1c 20 1c 20 1c 20 1c 20 1c  |  . . . . . . . .
5470: 20 1c 20 1c 20 1c 20 1c 20 1c 20 1c 20 1c 20 1c  |  . . . . . . . .
5480: 20 1c 20 1c 20 1c 20 1c 20 1c 20 1c 20 1c 20 1c  |  . . . . . . . .
5490: 20 1c 20 1c 20 1c 20 1c 20 1c 20 1c 20 1c 20 1c  |  . . . . . . . .
54a0: 20 1c 20 1c 20 1c 20 1c 20 1c 20 1c 20 1c 20 1c  |  . . . . . . . .
54b0: 20 1c 20 1c 20 1c 20 1c 20 1c 20 1c 20 1c 20 1c  |  . . . . . . . .
54c0: 20 1c 20 1c 20 1c 20 1c 20 1c 20 1c 20 1c 20 1c  |  . . . . . . . .
54d0: 20 1c 20 1c 20 1c 20 1c 20 1c 20 1c 20 1c 20 1c  |  . . . . . . . .
54e0: 20 1c 20 1c 20 1c 20 1c 20 1c 20 1c 20 1c 20 1c  |  . . . . . . . .
54f0: 20 1c 20 1c 20 1c 20 1c 20 1c 20 1c 20 1c 20 1c  |  . . . . . . . .
5500: 20 1c 20 1c 20 1c 20 1c 20 1c 20 1c 20 1c 20 1c  |  . . . . . . . .
5510: 20 1c 20 1c 20 1c 20 1c 20 1c 20 1c 20 1c 20 1c  |  . . . . . . . .
5520: 20 1c 20 1c 20 1c 20 1c 20 1c 20 1c 20 1c 20 1c  |  . . . . . . . .
5530: 20 1c 20 1c 20 1c 20 1c 20 1c 20 1c 20 1c 20 1c  |  . . . . . . . .
5540: 20 1c 20 1c 20 1c 20 1c 20 1c 20 1c 20 1c 20 1c  |  . . . . . . . .
5550: 20 1c 20 1c 20 1c 20 1c 20 1c 20 1c 20 1c 20 1c  |  . . . . . . . .
5560: 20 1c 20 1c 20 1c 20 1c 20 1c 20 1c 20 1c 20 1c  |  . . . . . . . .
5570: 20 1c 20 1c 20 1c 20 1c 20 1c 20 1c 20 1c 20 1c  |  . . . . . . . .
5580: 20 1c 20 1c 20 1c 20 1c 20 1c 20 1c 20 1c 20 1c  |  . . . . . . . .
5590: 20 1c 20 1c 20 1c 20 1c 20 1c 20 1c 20 1c 20 1c  |  . . . . . . . .
55a0: 20 1c 20 1c 20 1c 20 1c 20 1c 20 1c 20 1c 20 1c  |  . . . . . . . .
55b0: 20 1c 20 1c 20 1c 20 1c 20 1c 20 1c 20 1c 20 1c  |  . . . . . . . .
55c0: 20 1c 20 1c 20 1c 20 1c 20 1c 4c 14 6f 14 6f 14  |  . . . . .L.o.o.
55d0: 6b 14 20 14 66 14 6f 14 72 14 20 14 63 14 6c 14  | k. .f.o.r. .c.l.
55e0: 65 14 61 14 72 14 20 14 69 14 6d 14 61 14 67 14  | e.a.r. .i.m.a.g.
55f0: 65 14 73 14 20 1c 20 1c 20 1c 20 1c 20 1c 20 1c  | e.s. . . . . . .
5600: 20 1c 20 1c 20 1c 20 1c 20 1c 20 1c 20 1c 20 1c  |  . . . . . . . .
5610: 20 1c 20 1c 20 1c 20 1c 20 1c 20 1c 20 1c 20 1c  |  . . . . . . . .
5620: 20 1c 20 1c 20 1c 20 1c 20 1c 20 1c 20 1c 20 1c  |  . . . . . . . .
5630: 20 1c 20 1c 20 1c 20 1c 20 1c 20 1c 20 1c 20 1c  |  . . . . . . . .
5640: 20 1c 20 1c 20 1c 20 1c 20 1c 6d 14 6f 14 76 14  |  . . . . .m.o.v.
5650: 69 14 6e 14 67 14 20 14 61 14 63 14 72 14 6f 14  | i.n.g. .a.c.r.o.
5660: 73 14 73 14 20 14 73 14 63 14 72 14 65 14 65 14  | s.s. .s.c.r.e.e.
5670: 6e 14 20 1c 20 1c 20 1c 20 1c 20 1c 20 1c 20 1c  | n. . . . . . . .
5680: 20 1c 20 1c 20 1c 20 1c 20 1c 20 1c 20 1c 20 1c  |  . . . . . . . .
5690: 20 1c 20 1c 20 1c 20 1c 20 1c 20 1c 20 1c 20 1c  |  . . . . . . . .
56a0: 20 1c 20 1c 20 1c 20 1c 20 1c 20 1c 20 1c 20 1c  |  . . . . . . . .
56b0: 20 1c 20 1c 20 1c 20 1c 20 1c 20 1c 20 1c 20 1c  |  . . . . . . . .
56c0: 20 1c 20 1c 20 1c 20 1c 20 1c 20 1c 20 1c 20 1c  |  . . . . . . . .
56d0: 20 1c 20 1c 20 1c 20 1c 20 1c 20 1c 20 1c 20 1c  |  . . . . . . . .
56e0: 20 1c 20 1c 20 1c 20 1c 20 1c 20 1c 20 1c 20 1c  |  . . . . . . . .
56f0: 20 1c 20 1c 20 1c 20 1c 20 1c 20 1c 20 1c 20 1c  |  . . . . . . . .
5700: 20 08 20 08 20 08 20 08 20 08 20 08 20 08 20 08  |  . . . . . . . .
5710: 20 08 20 08 20 08 20 08 20 08 20 08 20 08 20 08  |  . . . . . . . .
5720: 20 08 20 08 20 08 20 08 20 08 20 08 20 08 20 08  |  . . . . . . . .
5730: 20 08 20 08 20 08 20 08 20 08 20 08 20 08 20 08  |  . . . . . . . .
5740: 20 08 20 08 20 08 20 08 20 08 20 08 20 08 20 08  |  . . . . . . . .
5750: 20 08 20 08 20 08 20 08 20 08 20 08 20 08 20 08  |  . . . . . . . .
5760: 20 08 20 08 20 08 20 08 20 08 20 08 20 08 20 08  |  . . . . . . . .
5770: 20 08 20 08 20 08 20 08 20 08 20 08 20 08 20 08  |  . . . . . . . .
5780: 20 08 20 08 20 08 20 08 20 08 20 08 20 08 20 08  |  . . . . . . . .
5790: 20 08 20 08 20 08 20 08 20 08 20 08 20 08 20 08  |  . . . . . . . .
57a0: 20 08 20 08 20 08 20 08 20 08 20 08 20 08 20 08  |  . . . . . . . .
57b0: 20 08 20 08 20 08 20 08 20 08 20 08 20 08 20 08  |  . . . . . . . .
57c0: 20 08 20 08 20 08 20 08 20 08 20 08 20 08 20 08  |  . . . . . . . .
57d0: 20 08 20 08 20 08 20 08 20 08 20 08 20 08 20 08  |  . . . . . . . .
57e0: 20 08 20 08 20 08 20 08 20 08 20 08 20 08 20 08  |  . . . . . . . .
57f0: 20 08 20 08 20 08 20 08 20 08 20 08 20 08 20 08  |  . . . . . . . .
5800: 20 08 20 08 20 08 20 08 20 08 20 08 20 08 20 08  |  . . . . . . . .
5810: 20 08 20 08 20 08 20 08 20 08 20 08 20 08 20 08  |  . . . . . . . .
5820: 20 08 20 08 20 08 20 08 20 08 20 08 20 08 20 08  |  . . . . . . . .
5830: 20 08 20 08 20 08 20 08 20 08 20 08 20 08 20 08  |  . . . . . . . .
5840: 20 10 20 10 20 10 20 10 20 10 20 10 20 10 20 10  |  . . . . . . . .
5850: 20 10 20 10 20 10 20 10 20 10 20 10 20 10 20 10  |  . . . . . . . .
5860: 20 10 20 10 20 10 20 10 20 10 20 10 20 10 20 10  |  . . . . . . . .
5870: 20 10 20 10 20 10 20 10 20 10 20 10 20 10 20 10  |  . . . . . . . .
5880: 20 10 20 10 20 10 20 10 20 10 20 10 20 10 20 10  |  . . . . . . . .
5890: 20 10 20 10 20 10 20 10 20 10 20 10 20 10 20 10  |  . . . . . . . .
58a0: 20 10 20 10 20 10 20 10 20 10 20 10 20 10 20 10  |  . . . . . . . .
58b0: 20 10 20 10 20 10 20 10 20 10 20 10 20 10 20 10  |  . . . . . . . .
58c0: 20 10 20 10 20 10 20 10 20 10 20 10 20 10 20 10  |  . . . . . . . .
58d0: 20 10 20 10 20 10 20 10 20 10 20 10 20 10 20 10  |  . . . . . . . .
58e0: 20 10 20 10 20 10 20 10 20 10 20 10 20 10 20 10  |  . . . . . . . .
58f0: 20 10 20 10 20 10 20 10 20 10 20 10 20 10 20 10  |  . . . . . . . .
5900: 20 10 20 10 20 10 20 10 20 10 20 10 20 10 20 10  |  . . . . . . . .
5910: 20 10 20 10 20 10 20 10 20 10 20 10 20 10 20 10  |  . . . . . . . .
5920: 20 10 20 10 20 10 20 10 20 10 20 10 20 10 20 10  |  . . . . . . . .
5930: 20 10 20 10 20 10 20 10 20 10 20 10 20 10 20 10  |  . . . . . . . .
5940: 20 10 20 10 20 10 20 10 20 10 20 10 20 10 20 10  |  . . . . . . . .
5950: 68 11 69 11 e0 11 e1 11 c6 11 c7 11 a0 11 a1 11  | h.i.............
5960: ca 11 cb 11 4e 11 4f 11 2c 11 2d 11 68 11 69 11  | ....N.O.,.-.h.i.
5970: 20 10 20 10 20 10 20 10 20 10 20 10 20 10 20 10  |  . . . . . . . .
5980: 20 10 20 10 20 10 20 10 20 10 20 10 20 10 20 10  |  . . . . . . . .
5990: 78 11 79 11 f0 11 f1 11 d6 11 d7 11 b0 11 b1 11  | x.y.............
59a0: da 11 db 11 5e 11 5f 11 3c 11 3d 11 78 11 79 11  | ....^._.<.=.x.y.
59b0: 20 10 20 10 20 10 20 10 20 10 20 10 20 10 20 10  |  . . . . . . . .
59c0: 20 10 20 10 20 10 20 10 20 10 20 10 20 10 20 10  |  . . . . . . . .
59d0: 20 10 20 10 20 10 20 10 20 10 20 10 20 10 20 10  |  . . . . . . . .
59e0: 20 10 20 10 20 10 20 10 20 10 20 10 20 10 20 10  |  . . . . . . . .
59f0: 20 10 20 10 20 10 20 10 20 10 20 10 20 10 20 10  |  . . . . . . . .
5a00: 20 10 20 10 20 10 20 10 20 10 20 10 20 10 20 10  |  . . . . . . . .
5a10: 20 10 20 10 20 10 20 10 20 10 20 10 20 10 20 10  |  . . . . . . . .
5a20: 20 10 20 10 20 10 20 10 20 10 20 10 20 10 20 10  |  . . . . . . . .
5a30: 20 10 20 10 20 10 20 10 20 10 20 10 20 10 20 10  |  . . . . . . . .
5a40: 20 10 20 10 20 10 20 10 20 10 20 10 20 10 20 10  |  . . . . . . . .
5a50: 20 10 20 10 20 10 20 10 20 10 20 10 20 10 20 10  |  . . . . . . . .
5a60: 20 10 20 10 20 10 20 10 20 10 20 10 20 10 20 10  |  . . . . . . . .
5a70: 20 10 20 10 20 10 20 10 20 10 20 10 20 10 20 10  |  . . . . . . . .
5a80: 20 10 20 10 20 10 20 10 20 10 20 10 20 10 20 10  |  . . . . . . . .
5a90: 20 10 20 10 20 10 20 10 20 10 20 10 20 10 20 10  |  . . . . . . . .
5aa0: 20 10 20 10 20 10 20 10 20 10 20 10 20 10 20 10  |  . . . . . . . .
5ab0: 20 10 20 10 20 10 20 10 20 10 20 10 20 10 20 10  |  . . . . . . . .
5ac0: 20 10 20 10 20 10 20 10 20 10 20 10 20 10 20 10  |  . . . . . . . .
5ad0: 20 10 20 10 20 10 20 10 20 10 20 10 20 10 20 10  |  . . . . . . . .
5ae0: 20 10 20 10 20 10 20 10 20 10 20 10 20 10 20 10  |  . . . . . . . .
5af0: 20 10 20 10 20 10 20 10 20 10 20 10 20 10 20 10  |  . . . . . . . .
5b00: 20 10 20 10 20 10 20 10 20 10 20 10 20 10 20 10  |  . . . . . . . .
5b10: 20 10 20 10 20 10 20 10 6a 11 6b 11 2c 11 2d 11  |  . . . .j.k.,.-.
5b20: 68 11 69 11 6a 11 6b 11 20 10 20 10 20 10 20 10  | h.i.j.k. . . . .
5b30: 20 10 20 10 20 10 20 10 20 10 20 10 20 10 20 10  |  . . . . . . . .
5b40: 20 10 20 10 20 10 20 10 20 10 20 10 20 10 20 10  |  . . . . . . . .
5b50: 20 10 20 10 20 10 20 10 7a 11 7b 11 3c 11 3d 11  |  . . . .z.{.<.=.
5b60: 78 11 79 11 7a 11 7b 11 20 10 20 10 20 10 20 10  | x.y.z.{. . . . .
5b70: 20 10 20 10 20 10 20 10 20 10 20 10 20 10 20 10  |  . . . . . . . .
5b80: 20 10 20 10 20 10 20 10 20 10 20 10 20 10 20 10  |  . . . . . . . .
5b90: 20 10 20 10 20 10 20 10 20 10 20 10 20 10 20 10  |  . . . . . . . .
5ba0: 20 10 20 10 20 10 20 10 20 10 20 10 20 10 20 10  |  . . . . . . . .
5bb0: 20 10 20 10 20 10 20 10 20 10 20 10 20 10 20 10  |  . . . . . . . .
5bc0: 20 10 20 10 20 10 20 10 20 10 20 10 20 10 20 10  |  . . . . . . . .
5bd0: 20 10 20 10 20 10 20 10 20 10 20 10 20 10 20 10  |  . . . . . . . .
5be0: 20 10 20 10 20 10 20 10 20 10 20 10 20 10 20 10  |  . . . . . . . .
5bf0: 20 10 20 10 20 10 20 10 20 10 20 10 20 10 20 10  |  . . . . . . . .
5c00: 20 10 20 10 20 10 20 10 20 10 20 10 20 10 20 10  |  . . . . . . . .
5c10: 20 10 20 10 20 10 20 10 20 10 20 10 20 10 20 10  |  . . . . . . . .
5c20: 20 10 20 10 20 10 20 10 20 10 20 10 20 10 20 10  |  . . . . . . . .
5c30: 20 10 20 10 20 10 20 10 20 10 20 10 20 10 20 10  |  . . . . . . . .
5c40: 20 10 20 10 20 10 20 10 20 10 20 10 20 10 20 10  |  . . . . . . . .
5c50: 20 10 20 10 20 10 20 10 20 10 20 10 20 10 20 10  |  . . . . . . . .
5c60: 20 10 20 10 20 10 20 10 20 10 20 10 20 10 20 10  |  . . . . . . . .
5c70: 20 10 20 10 20 10 20 10 20 10 20 10 20 10 20 10  |  . . . . . . . .
5c80: 20 10 20 10 20 10 20 10 20 10 20 10 20 10 20 10  |  . . . . . . . .
5c90: 20 10 20 10 20 10 20 10 20 10 20 10 20 10 20 10  |  . . . . . . . .
5ca0: 20 10 20 10 20 10 20 10 20 10 20 10 20 10 20 10  |  . . . . . . . .
5cb0: 20 10 20 10 20 10 20 10 20 10 20 10 20 10 20 10  |  . . . . . . . .
5cc0: 20 10 20 10 20 10 20 10 20 10 20 10 20 10 20 10  |  . . . . . . . .
5cd0: 26 11 27 11 40 11 41 11 20 10 4c 11 4d 11 60 11  | &.'.@.A. .L.M.`.
5ce0: 61 11 2a 11 2b 11 2c 11 2d 11 20 10 00 11 01 11  | a.*.+.,.-. .....
5cf0: 20 10 20 10 20 10 20 10 20 10 20 10 20 10 20 10  |  . . . . . . . .
5d00: 20 10 20 10 20 10 20 10 20 10 20 10 20 10 20 10  |  . . . . . . . .
5d10: 36 11 37 11 50 11 51 11 20 10 5c 11 5d 11 70 11  | 6.7.P.Q. .\.].p.
5d20: 71 11 3a 11 3b 11 3c 11 3d 11 20 10 10 11 11 11  | q.:.;.<.=. .....
5d30: 20 10 20 10 20 10 20 10 20 10 20 10 20 10 20 10  |  . . . . . . . .
5d40: 20 10 20 10 20 10 20 10 20 10 20 10 20 10 20 10  |  . . . . . . . .
5d50: 20 10 20 10 20 10 20 10 20 10 20 10 20 10 20 10  |  . . . . . . . .
5d60: 20 10 20 10 20 10 20 10 20 10 20 10 20 10 20 10  |  . . . . . . . .
5d70: 20 10 20 10 20 10 20 10 20 10 20 10 20 10 20 10  |  . . . . . . . .
5d80: 20 10 20 10 20 10 20 10 20 10 20 10 20 10 20 10  |  . . . . . . . .
5d90: 20 10 20 10 20 10 20 10 20 10 20 10 20 10 20 10  |  . . . . . . . .
5da0: 20 10 20 10 20 10 20 10 20 10 20 10 20 10 20 10  |  . . . . . . . .
5db0: 20 10 20 10 20 10 20 10 20 10 20 10 20 10 20 10  |  . . . . . . . .
5dc0: 20 10 20 10 20 10 20 10 20 10 20 10 20 10 20 10  |  . . . . . . . .
5dd0: 20 10 20 10 20 10 20 10 20 10 20 10 20 10 20 10  |  . . . . . . . .
5de0: 20 10 20 10 20 10 20 10 20 10 20 10 20 10 20 10  |  . . . . . . . .
5df0: 20 10 20 10 20 10 20 10 20 10 20 10 20 10 20 10  |  . . . . . . . .
5e00: 20 10 20 10 20 10 20 10 20 10 20 10 20 10 20 10  |  . . . . . . . .
5e10: 20 10 20 10 20 10 20 10 20 10 20 10 20 10 20 10  |  . . . . . . . .
5e20: 20 10 20 10 20 10 20 10 20 10 20 10 20 10 20 10  |  . . . . . . . .
5e30: 20 10 20 10 20 10 20 10 20 10 20 10 20 10 20 10  |  . . . . . . . .
5e40: 20 10 20 10 20 10 20 10 20 10 20 10 20 10 20 10  |  . . . . . . . .
5e50: 20 10 20 10 20 10 20 10 20 10 20 10 20 10 20 10  |  . . . . . . . .
5e60: 20 10 20 10 20 10 20 10 20 10 20 10 20 10 20 10  |  . . . . . . . .
5e70: 20 10 20 10 20 10 20 10 20 10 20 10 20 10 20 10  |  . . . . . . . .
5e80: 20 10 20 10 20 10 20 10 20 10 20 10 20 10 20 10  |  . . . . . . . .
5e90: 20 10 20 10 20 10 20 10 20 10 20 10 20 10 20 10  |  . . . . . . . .
5ea0: 20 10 20 10 20 10 20 10 20 10 20 10 20 10 20 10  |  . . . . . . . .
5eb0: 0a 10 0b 10 0c 10 0d 10 0e 10 0f 10 20 10 20 10  | ............ . .
5ec0: 20 10 20 10 20 10 20 10 20 10 20 10 20 10 20 10  |  . . . . . . . .
5ed0: 20 10 20 10 20 10 20 10 20 10 20 10 20 10 20 10  |  . . . . . . . .
5ee0: 20 10 20 10 20 10 20 10 20 10 20 10 20 10 20 10  |  . . . . . . . .
5ef0: 20 10 20 10 20 10 20 10 20 10 20 10 20 10 20 10  |  . . . . . . . .
5f00: 20 10 20 10 20 10 20 10 20 10 20 10 20 10 20 10  |  . . . . . . . .
5f10: 20 10 20 10 20 10 20 10 20 10 20 10 20 10 20 10  |  . . . . . . . .
5f20: 20 10 20 10 20 10 20 10 20 10 20 10 20 10 20 10  |  . . . . . . . .
5f30: 20 10 20 10 20 10 20 10 20 10 20 10 20 10 20 10  |  . . . . . . . .
5f40: 20 10 20 10 20 10 20 10 20 10 20 10 20 10 20 10  |  . . . . . . . .
5f50: 20 10 20 10 20 10 20 10 20 10 20 10 20 10 20 10  |  . . . . . . . .
5f60: 20 10 20 10 20 10 20 10 20 10 20 10 20 10 20 10  |  . . . . . . . .
5f70: 20 10 20 10 20 10 20 10 20 10 20 10 20 10 20 10  |  . . . . . . . .
5f80: 20 10 20 10 20 10 20 10 20 10 20 10 20 10 20 10  |  . . . . . . . .
5f90: 20 10 20 10 20 10 20 10 20 10 20 10 20 10 20 10  |  . . . . . . . .
5fa0: 20 10 20 10 20 10 20 10 20 10 20 10 20 10 20 10  |  . . . . . . . .
5fb0: 20 10 20 10 20 10 20 10 20 10 20 10 20 10 20 10  |  . . . . . . . .
5fc0: 20 10 20 10 20 10 20 10 20 10 20 10 20 10 20 10  |  . . . . . . . .
5fd0: 20 10 20 10 20 10 20 10 20 10 20 10 20 10 20 10  |  . . . . . . . .
5fe0: 20 10 20 10 20 10 20 10 20 10 20 10 20 10 20 10  |  . . . . . . . .
5ff0: 20 10 20 10 20 10 20 10 20 10 20 10 20 10 20 10  |  . . . . . . . .
6000: 00 00 00 00 00 00 00 00 00 00 00 00 00 00 00 00  | ................
6010: 00 00 00 00 00 00 00 00 00 00 00 00 00 00 00 00  | ................
6020: 00 00 00 00 00 00 00 00 00 00 00 00 00 00 00 00  | ................
6030: 00 00 00 00 00 00 00 00 00 00 00 00 00 00 00 00  | ................
6040: 00 00 00 00 00 00 00 00 00 00 00 00 00 00 00 00  | ................
6050: 00 00 00 00 00 00 00 00 00 00 00 00 00 00 00 00  | ................
6060: 00 00 00 00 00 00 00 00 00 00 00 00 00 00 00 00  | ................
6070: 00 00 00 00 00 00 00 00 00 00 00 00 00 00 00 00  | ................
6080: 00 00 00 00 00 00 00 00 00 00 00 00 00 00 00 00  | ................
6090: 00 00 00 00 00 00 00 00 00 00 00 00 00 00 00 00  | ................
60a0: 00 00 00 00 00 00 00 00 00 00 00 00 00 00 00 00  | ................
60b0: 00 00 00 00 00 00 00 00 00 00 00 00 00 00 00 00  | ................
60c0: 00 00 00 00 00 00 00 00 00 00 00 00 00 00 00 00  | ................
60d0: 00 00 00 00 00 00 00 00 00 00 00 00 00 00 00 00  | ................
60e0: 00 00 00 00 00 00 00 00 00 00 00 00 00 00 00 00  | ................
60f0: 00 00 00 00 00 00 00 00 00 00 00 00 00 00 00 00  | ................
6100: 00 00 00 00 00 00 00 00 00 00 00 00 00 00 00 00  | ................
6110: 00 00 00 00 00 00 00 00 00 00 00 00 00 00 00 00  | ................
6120: 00 00 00 00 00 00 00 00 00 00 00 00 00 00 00 00  | ................
6130: 00 00 00 00 00 00 00 00 00 00 00 00 00 00 00 00  | ................
6140: 00 00 00 00 00 00 00 00 00 00 00 00 00 00 00 00  | ................
6150: 00 00 00 00 00 00 00 00 00 00 00 00 00 00 00 00  | ................
6160: 00 00 00 00 00 00 00 00 00 00 00 00 00 00 00 00  | ................
6170: 00 00 00 00 00 00 00 00 00 00 00 00 00 00 00 00  | ................
6180: 00 00 00 00 00 00 00 00 00 00 00 00 00 00 00 00  | ................
6190: 00 00 00 00 00 00 00 00 00 00 00 00 00 00 00 00  | ................
61a0: 00 00 00 00 00 00 00 00 00 00 00 00 00 00 00 00  | ................
61b0: 00 00 00 00 00 00 00 00 00 00 00 00 00 00 00 00  | ................
61c0: 00 00 00 00 00 00 00 00 00 00 00 00 00 00 00 00  | ................
61d0: 00 00 00 00 00 00 00 00 00 00 00 00 00 00 00 00  | ................
61e0: 00 00 00 00 00 00 00 00 00 00 00 00 00 00 00 00  | ................
61f0: 00 00 00 00 00 00 00 00 00 00 00 00 00 00 00 00  | ................
6200: 00 00 00 00 00 00 00 00 00 00 00 00 00 00 00 00  | ................
6210: 00 00 00 00 00 00 00 00 00 00 00 00 00 00 00 00  | ................
6220: 00 00 00 00 00 00 00 00 00 00 00 00 00 00 00 00  | ................
6230: 00 00 00 00 00 00 00 00 00 00 00 00 00 00 00 00  | ................
6240: 00 00 00 00 00 00 00 00 00 00 00 00 00 00 00 00  | ................
6250: 00 00 00 00 00 00 00 00 00 00 00 00 00 00 00 00  | ................
6260: 00 00 00 00 00 00 00 00 00 00 00 00 00 00 00 00  | ................
6270: 00 00 00 00 00 00 00 00 00 00 00 00 00 00 00 00  | ................
6280: 00 00 00 00 00 00 00 00 00 00 00 00 00 00 00 00  | ................
6290: 00 00 00 00 00 00 00 00 00 00 00 00 00 00 00 00  | ................
62a0: 00 00 00 00 00 00 00 00 00 00 00 00 00 00 00 00  | ................
62b0: 00 00 00 00 00 00 00 00 00 00 00 00 00 00 00 00  | ................
62c0: 00 00 00 00 00 00 00 00 00 00 00 00 00 00 00 00  | ................
62d0: 00 00 00 00 00 00 00 00 00 00 00 00 00 00 00 00  | ................
62e0: 00 00 00 00 00 00 00 00 00 00 00 00 00 00 00 00  | ................
62f0: 00 00 00 00 00 00 00 00 00 00 00 00 00 00 00 00  | ................
6300: 00 00 00 00 00 00 00 00 00 00 00 00 00 00 00 00  | ................
6310: 00 00 00 00 00 00 00 00 00 00 00 00 00 00 00 00  | ................
6320: 00 00 00 00 00 00 00 00 00 00 00 00 00 00 00 00  | ................
6330: 00 00 00 00 00 00 00 00 00 00 00 00 00 00 00 00  | ................
6340: 00 00 00 00 00 00 00 00 00 00 00 00 00 00 00 00  | ................
6350: 00 00 00 00 00 00 00 00 00 00 00 00 00 00 00 00  | ................
6360: 00 00 00 00 00 00 00 00 00 00 00 00 00 00 00 00  | ................
6370: 00 00 00 00 00 00 00 00 00 00 00 00 00 00 00 00  | ................
6380: 00 00 00 00 00 00 00 00 00 00 00 00 00 00 00 00  | ................
6390: 00 00 00 00 00 00 00 00 00 00 00 00 00 00 00 00  | ................
63a0: 00 00 00 00 00 00 00 00 00 00 00 00 00 00 00 00  | ................
63b0: 00 00 00 00 00 00 00 00 00 00 00 00 00 00 00 00  | ................
63c0: 00 00 00 00 00 00 00 00 00 00 00 00 00 00 00 00  | ................
63d0: 00 00 00 00 00 00 00 00 00 00 00 00 00 00 00 00  | ................
63e0: 00 00 00 00 00 00 00 00 00 00 00 00 00 00 00 00  | ................
63f0: 00 00 00 00 00 00 00 00 00 00 00 00 00 00 00 00  | ................
6400: 00 00 00 00 00 00 00 00 00 00 00 00 00 00 00 00  | ................
6410: 00 00 00 00 00 00 00 00 00 00 00 00 00 00 00 00  | ................
6420: 00 00 00 00 00 00 00 00 00 00 00 00 00 00 00 00  | ................
6430: 00 00 00 00 00 00 00 00 00 00 00 00 00 00 00 00  | ................
6440: 00 00 00 00 00 00 00 00 00 00 00 00 00 00 00 00  | ................
6450: 00 00 00 00 00 00 00 00 00 00 00 00 00 00 00 00  | ................
6460: 00 00 00 00 00 00 00 00 00 00 00 00 00 00 00 00  | ................
6470: 00 00 00 00 00 00 00 00 00 00 00 00 00 00 00 00  | ................
6480: 00 00 00 00 00 00 00 00 00 00 00 00 00 00 00 00  | ................
6490: 00 00 00 00 00 00 00 00 00 00 00 00 00 00 00 00  | ................
64a0: 00 00 00 00 00 00 00 00 00 00 00 00 00 00 00 00  | ................
64b0: 00 00 00 00 00 00 00 00 00 00 00 00 00 00 00 00  | ................
64c0: 00 00 00 00 00 00 00 00 00 00 00 00 00 00 00 00  | ................
64d0: 00 00 00 00 00 00 00 00 00 00 00 00 00 00 00 00  | ................
64e0: 00 00 00 00 00 00 00 00 00 00 00 00 00 00 00 00  | ................
64f0: 00 00 00 00 00 00 00 00 00 00 00 00 00 00 00 00  | ................
6500: 00 00 00 00 00 00 00 00 00 00 00 00 00 00 00 00  | ................
6510: 00 00 00 00 00 00 00 00 00 00 00 00 00 00 00 00  | ................
6520: 00 00 00 00 00 00 00 00 00 00 00 00 00 00 00 00  | ................
6530: 00 00 00 00 00 00 00 00 00 00 00 00 00 00 00 00  | ................
6540: 00 00 00 00 00 00 00 00 00 00 00 00 00 00 00 00  | ................
6550: 00 00 00 00 00 00 00 00 00 00 00 00 00 00 00 00  | ................
6560: 00 00 00 00 00 00 00 00 00 00 00 00 00 00 00 00  | ................
6570: 00 00 00 00 00 00 00 00 00 00 00 00 00 00 00 00  | ................
6580: 00 00 00 00 00 00 00 00 00 00 00 00 00 00 00 00  | ................
6590: 00 00 00 00 00 00 00 00 00 00 00 00 00 00 00 00  | ................
65a0: 00 00 00 00 00 00 00 00 00 00 00 00 00 00 00 00  | ................
65b0: 00 00 00 00 00 00 00 00 00 00 00 00 00 00 00 00  | ................
65c0: 00 00 00 00 00 00 00 00 00 00 00 00 00 00 00 00  | ................
65d0: 00 00 00 00 00 00 00 00 00 00 00 00 00 00 00 00  | ................
65e0: 00 00 00 00 00 00 00 00 00 00 00 00 00 00 00 00  | ................
65f0: 00 00 00 00 00 00 00 00 00 00 00 00 00 00 00 00  | ................
6600: 00 00 00 00 00 00 00 00 00 00 00 00 00 00 00 00  | ................
6610: 00 00 00 00 00 00 00 00 00 00 00 00 00 00 00 00  | ................
6620: 00 00 00 00 00 00 00 00 00 00 00 00 00 00 00 00  | ................
6630: 00 00 00 00 00 00 00 00 00 00 00 00 00 00 00 00  | ................
6640: 00 00 00 00 00 00 00 00 00 00 00 00 00 00 00 00  | ................
6650: 00 00 00 00 00 00 00 00 00 00 00 00 00 00 00 00  | ................
6660: 00 00 00 00 00 00 00 00 00 00 00 00 00 00 00 00  | ................
6670: 00 00 00 00 00 00 00 00 00 00 00 00 00 00 00 00  | ................
6680: 00 00 00 00 00 00 00 00 00 00 00 00 00 00 00 00  | ................
6690: 00 00 00 00 00 00 00 00 00 00 00 00 00 00 00 00  | ................
66a0: 00 00 00 00 00 00 00 00 00 00 00 00 00 00 00 00  | ................
66b0: 00 00 00 00 00 00 00 00 00 00 00 00 00 00 00 00  | ................
66c0: 00 00 00 00 00 00 00 00 00 00 00 00 00 00 00 00  | ................
66d0: 00 00 00 00 00 00 00 00 00 00 00 00 00 00 00 00  | ................
66e0: 00 00 00 00 00 00 00 00 00 00 00 00 00 00 00 00  | ................
66f0: 00 00 00 00 00 00 00 00 00 00 00 00 00 00 00 00  | ................
6700: 00 00 00 00 00 00 00 00 00 00 00 00 00 00 00 00  | ................
6710: 00 00 00 00 00 00 00 00 00 00 00 00 00 00 00 00  | ................
6720: 00 00 00 00 00 00 00 00 00 00 00 00 00 00 00 00  | ................
6730: 00 00 00 00 00 00 00 00 00 00 00 00 00 00 00 00  | ................
6740: 00 00 00 00 00 00 00 00 00 00 00 00 00 00 00 00  | ................
6750: 00 00 00 00 00 00 00 00 00 00 00 00 00 00 00 00  | ................
6760: 00 00 00 00 00 00 00 00 00 00 00 00 00 00 00 00  | ................
6770: 00 00 00 00 00 00 00 00 00 00 00 00 00 00 00 00  | ................
6780: 00 00 00 00 00 00 00 00 00 00 00 00 00 00 00 00  | ................
6790: 00 00 00 00 00 00 00 00 00 00 00 00 00 00 00 00  | ................
67a0: 00 00 00 00 00 00 00 00 00 00 00 00 00 00 00 00  | ................
67b0: 00 00 00 00 00 00 00 00 00 00 00 00 00 00 00 00  | ................
67c0: 00 00 00 00 00 00 00 00 00 00 00 00 00 00 00 00  | ................
67d0: 00 00 00 00 00 00 00 00 00 00 00 00 00 00 00 00  | ................
67e0: 00 00 00 00 00 00 00 00 00 00 00 00 00 00 00 00  | ................
67f0: 00 00 00 00 00 00 00 00 00 00 00 00 00 00 00 00  | ................
6800: 00 00 00 00 00 00 00 00 00 00 00 00 00 00 00 00  | ................
6810: 00 00 00 00 00 00 00 00 00 00 00 00 00 00 00 00  | ................
6820: 00 00 00 00 00 00 00 00 00 00 00 00 00 00 00 00  | ................
6830: 00 00 00 00 00 00 00 00 00 00 00 00 00 00 00 00  | ................
6840: 00 00 00 00 00 00 00 00 00 00 00 00 00 00 00 00  | ................
6850: 00 00 00 00 00 00 00 00 00 00 00 00 00 00 00 00  | ................
6860: 00 00 00 00 00 00 00 00 00 00 00 00 00 00 00 00  | ................
6870: 00 00 00 00 00 00 00 00 00 00 00 00 00 00 00 00  | ................
6880: 00 00 00 00 00 00 00 00 00 00 00 00 00 00 00 00  | ................
6890: 00 00 00 00 00 00 00 00 00 00 00 00 00 00 00 00  | ................
68a0: 00 00 00 00 00 00 00 00 00 00 00 00 00 00 00 00  | ................
68b0: 00 00 00 00 00 00 00 00 00 00 00 00 00 00 00 00  | ................
68c0: 00 00 00 00 00 00 00 00 00 00 00 00 00 00 00 00  | ................
68d0: 00 00 00 00 00 00 00 00 00 00 00 00 00 00 00 00  | ................
68e0: 00 00 00 00 00 00 00 00 00 00 00 00 00 00 00 00  | ................
68f0: 00 00 00 00 00 00 00 00 00 00 00 00 00 00 00 00  | ................
6900: 00 00 00 00 00 00 00 00 00 00 00 00 00 00 00 00  | ................
6910: 00 00 00 00 00 00 00 00 00 00 00 00 00 00 00 00  | ................
6920: 00 00 00 00 00 00 00 00 00 00 00 00 00 00 00 00  | ................
6930: 00 00 00 00 00 00 00 00 00 00 00 00 00 00 00 00  | ................
6940: 00 00 00 00 00 00 00 00 00 00 00 00 00 00 00 00  | ................
6950: 00 00 00 00 00 00 00 00 00 00 00 00 00 00 00 00  | ................
6960: 00 00 00 00 00 00 00 00 00 00 00 00 00 00 00 00  | ................
6970: 00 00 00 00 00 00 00 00 00 00 00 00 00 00 00 00  | ................
6980: 00 00 00 00 00 00 00 00 00 00 00 00 00 00 00 00  | ................
6990: 00 00 00 00 00 00 00 00 00 00 00 00 00 00 00 00  | ................
69a0: 00 00 00 00 00 00 00 00 00 00 00 00 00 00 00 00  | ................
69b0: 00 00 00 00 00 00 00 00 00 00 00 00 00 00 00 00  | ................
69c0: 00 00 00 00 00 00 00 00 00 00 00 00 00 00 00 00  | ................
69d0: 00 00 00 00 00 00 00 00 00 00 00 00 00 00 00 00  | ................
69e0: 00 00 00 00 00 00 00 00 00 00 00 00 00 00 00 00  | ................
69f0: 00 00 00 00 00 00 00 00 00 00 00 00 00 00 00 00  | ................
6a00: 00 00 00 00 00 00 00 00 00 00 00 00 00 00 00 00  | ................
6a10: 00 00 00 00 00 00 00 00 00 00 00 00 00 00 00 00  | ................
6a20: 00 00 00 00 00 00 00 00 00 00 00 00 00 00 00 00  | ................
6a30: 00 00 00 00 00 00 00 00 00 00 00 00 00 00 00 00  | ................
6a40: 00 00 00 00 00 00 00 00 00 00 00 00 00 00 00 00  | ................
6a50: 00 00 00 00 00 00 00 00 00 00 00 00 00 00 00 00  | ................
6a60: 00 00 00 00 00 00 00 00 00 00 00 00 00 00 00 00  | ................
6a70: 00 00 00 00 00 00 00 00 00 00 00 00 00 00 00 00  | ................
6a80: 00 00 00 00 00 00 00 00 00 00 00 00 00 00 00 00  | ................
6a90: 00 00 00 00 00 00 00 00 00 00 00 00 00 00 00 00  | ................
6aa0: 00 00 00 00 00 00 00 00 00 00 00 00 00 00 00 00  | ................
6ab0: 00 00 00 00 00 00 00 00 00 00 00 00 00 00 00 00  | ................
6ac0: 00 00 00 00 00 00 00 00 00 00 00 00 00 00 00 00  | ................
6ad0: 00 00 00 00 00 00 00 00 00 00 00 00 00 00 00 00  | ................
6ae0: 00 00 00 00 00 00 00 00 00 00 00 00 00 00 00 00  | ................
6af0: 00 00 00 00 00 00 00 00 00 00 00 00 00 00 00 00  | ................
6b00: 00 00 00 00 00 00 00 00 00 00 00 00 00 00 00 00  | ................
6b10: 00 00 00 00 00 00 00 00 00 00 00 00 00 00 00 00  | ................
6b20: 00 00 00 00 00 00 00 00 00 00 00 00 00 00 00 00  | ................
6b30: 00 00 00 00 00 00 00 00 00 00 00 00 00 00 00 00  | ................
6b40: 00 00 00 00 00 00 00 00 00 00 00 00 00 00 00 00  | ................
6b50: 00 00 00 00 00 00 00 00 00 00 00 00 00 00 00 00  | ................
6b60: 00 00 00 00 00 00 00 00 00 00 00 00 00 00 00 00  | ................
6b70: 00 00 00 00 00 00 00 00 00 00 00 00 00 00 00 00  | ................
6b80: 00 00 00 00 00 00 00 00 00 00 00 00 00 00 00 00  | ................
6b90: 00 00 00 00 00 00 00 00 00 00 00 00 00 00 00 00  | ................
6ba0: 00 00 00 00 00 00 00 00 00 00 00 00 00 00 00 00  | ................
6bb0: 00 00 00 00 00 00 00 00 00 00 00 00 00 00 00 00  | ................
6bc0: 00 00 00 00 00 00 00 00 00 00 00 00 00 00 00 00  | ................
6bd0: 00 00 00 00 00 00 00 00 00 00 00 00 00 00 00 00  | ................
6be0: 00 00 00 00 00 00 00 00 00 00 00 00 00 00 00 00  | ................
6bf0: 00 00 00 00 00 00 00 00 00 00 00 00 00 00 00 00  | ................
6c00: 00 00 00 00 00 00 00 00 00 00 00 00 00 00 00 00  | ................
6c10: 00 00 00 00 00 00 00 00 00 00 00 00 00 00 00 00  | ................
6c20: 00 00 00 00 00 00 00 00 00 00 00 00 00 00 00 00  | ................
6c30: 00 00 00 00 00 00 00 00 00 00 00 00 00 00 00 00  | ................
6c40: 00 00 00 00 00 00 00 00 00 00 00 00 00 00 00 00  | ................
6c50: 00 00 00 00 00 00 00 00 00 00 00 00 00 00 00 00  | ................
6c60: 00 00 00 00 00 00 00 00 00 00 00 00 00 00 00 00  | ................
6c70: 00 00 00 00 00 00 00 00 00 00 00 00 00 00 00 00  | ................
6c80: 00 00 00 00 00 00 00 00 00 00 00 00 00 00 00 00  | ................
6c90: 00 00 00 00 00 00 00 00 00 00 00 00 00 00 00 00  | ................
6ca0: 00 00 00 00 00 00 00 00 00 00 00 00 00 00 00 00  | ................
6cb0: 00 00 00 00 00 00 00 00 00 00 00 00 00 00 00 00  | ................
6cc0: 00 00 00 00 00 00 00 00 00 00 00 00 00 00 00 00  | ................
6cd0: 00 00 00 00 00 00 00 00 00 00 00 00 00 00 00 00  | ................
6ce0: 00 00 00 00 00 00 00 00 00 00 00 00 00 00 00 00  | ................
6cf0: 00 00 00 00 00 00 00 00 00 00 00 00 00 00 00 00  | ................
6d00: 00 00 00 00 00 00 00 00 00 00 00 00 00 00 00 00  | ................
6d10: 00 00 00 00 00 00 00 00 00 00 00 00 00 00 00 00  | ................
6d20: 00 00 00 00 00 00 00 00 00 00 00 00 00 00 00 00  | ................
6d30: 00 00 00 00 00 00 00 00 00 00 00 00 00 00 00 00  | ................
6d40: 00 00 00 00 00 00 00 00 00 00 00 00 00 00 00 00  | ................
6d50: 00 00 00 00 00 00 00 00 00 00 00 00 00 00 00 00  | ................
6d60: 00 00 00 00 00 00 00 00 00 00 00 00 00 00 00 00  | ................
6d70: 00 00 00 00 00 00 00 00 00 00 00 00 00 00 00 00  | ................
6d80: 00 00 00 00 00 00 00 00 00 00 00 00 00 00 00 00  | ................
6d90: 00 00 00 00 00 00 00 00 00 00 00 00 00 00 00 00  | ................
6da0: 00 00 00 00 00 00 00 00 00 00 00 00 00 00 00 00  | ................
6db0: 00 00 00 00 00 00 00 00 00 00 00 00 00 00 00 00  | ................
6dc0: 00 00 00 00 00 00 00 00 00 00 00 00 00 00 00 00  | ................
6dd0: 00 00 00 00 00 00 00 00 00 00 00 00 00 00 00 00  | ................
6de0: 00 00 00 00 00 00 00 00 00 00 00 00 00 00 00 00  | ................
6df0: 00 00 00 00 00 00 00 00 00 00 00 00 00 00 00 00  | ................
6e00: 00 00 00 00 00 00 00 00 00 00 00 00 00 00 00 00  | ................
6e10: 00 00 00 00 00 00 00 00 00 00 00 00 00 00 00 00  | ................
6e20: 00 00 00 00 00 00 00 00 00 00 00 00 00 00 00 00  | ................
6e30: 00 00 00 00 00 00 00 00 00 00 00 00 00 00 00 00  | ................
6e40: 00 00 00 00 00 00 00 00 00 00 00 00 00 00 00 00  | ................
6e50: 00 00 00 00 00 00 00 00 00 00 00 00 00 00 00 00  | ................
6e60: 00 00 00 00 00 00 00 00 00 00 00 00 00 00 00 00  | ................
6e70: 00 00 00 00 00 00 00 00 00 00 00 00 00 00 00 00  | ................
6e80: 00 00 00 00 00 00 00 00 00 00 00 00 00 00 00 00  | ................
6e90: 00 00 00 00 00 00 00 00 00 00 00 00 00 00 00 00  | ................
6ea0: 00 00 00 00 00 00 00 00 00 00 00 00 00 00 00 00  | ................
6eb0: 00 00 00 00 00 00 00 00 00 00 00 00 00 00 00 00  | ................
6ec0: 00 00 00 00 00 00 00 00 00 00 00 00 00 00 00 00  | ................
6ed0: 00 00 00 00 00 00 00 00 00 00 00 00 00 00 00 00  | ................
6ee0: 00 00 00 00 00 00 00 00 00 00 00 00 00 00 00 00  | ................
6ef0: 00 00 00 00 00 00 00 00 00 00 00 00 00 00 00 00  | ................
6f00: 00 00 00 00 00 00 00 00 00 00 00 00 00 00 00 00  | ................
6f10: 00 00 00 00 00 00 00 00 00 00 00 00 00 00 00 00  | ................
6f20: 00 00 00 00 00 00 00 00 00 00 00 00 00 00 00 00  | ................
6f30: 00 00 00 00 00 00 00 00 00 00 00 00 00 00 00 00  | ................
6f40: 00 00 00 00 00 00 00 00 00 00 00 00 00 00 00 00  | ................
6f50: 00 00 00 00 00 00 00 00 00 00 00 00 00 00 00 00  | ................
6f60: 00 00 00 00 00 00 00 00 00 00 00 00 00 00 00 00  | ................
6f70: 00 00 00 00 00 00 00 00 00 00 00 00 00 00 00 00  | ................
6f80: 00 00 00 00 00 00 00 00 00 00 00 00 00 00 00 00  | ................
6f90: 00 00 00 00 00 00 00 00 00 00 00 00 00 00 00 00  | ................
6fa0: 00 00 00 00 00 00 00 00 00 00 00 00 00 00 00 00  | ................
6fb0: 00 00 00 00 00 00 00 00 00 00 00 00 00 00 00 00  | ................
6fc0: 00 00 00 00 00 00 00 00 00 00 00 00 00 00 00 00  | ................
6fd0: 00 00 00 00 00 00 00 00 00 00 00 00 00 00 00 00  | ................
6fe0: 00 00 00 00 00 00 00 00 00 00 00 00 00 00 00 00  | ................
6ff0: 00 00 00 00 00 00 00 00 00 00 00 00 00 00 00 00  | ................
7000: 00 00 00 00 00 00 00 00 00 00 00 00 00 00 00 00  | ................
7010: 00 00 00 00 00 00 00 00 00 00 00 00 00 00 00 00  | ................
7020: 00 00 00 00 00 00 00 00 00 00 00 00 00 00 00 00  | ................
7030: 00 00 00 00 00 00 00 00 00 00 00 00 00 00 00 00  | ................
7040: 00 00 00 00 00 00 00 00 00 00 00 00 00 00 00 00  | ................
7050: 00 00 00 00 00 00 00 00 00 00 00 00 00 00 00 00  | ................
7060: 00 00 00 00 00 00 00 00 00 00 00 00 00 00 00 00  | ................
7070: 00 00 00 00 00 00 00 00 00 00 00 00 00 00 00 00  | ................
7080: 00 00 00 00 00 00 00 00 00 00 00 00 00 00 00 00  | ................
7090: 00 00 00 00 00 00 00 00 00 00 00 00 00 00 00 00  | ................
70a0: 00 00 00 00 00 00 00 00 00 00 00 00 00 00 00 00  | ................
70b0: 00 00 00 00 00 00 00 00 00 00 00 00 00 00 00 00  | ................
70c0: 00 00 00 00 00 00 00 00 00 00 00 00 00 00 00 00  | ................
70d0: 00 00 00 00 00 00 00 00 00 00 00 00 00 00 00 00  | ................
70e0: 00 00 00 00 00 00 00 00 00 00 00 00 00 00 00 00  | ................
70f0: 00 00 00 00 00 00 00 00 00 00 00 00 00 00 00 00  | ................
7100: 00 00 00 00 00 00 00 00 00 00 00 00 00 00 00 00  | ................
7110: 00 00 00 00 00 00 00 00 00 00 00 00 00 00 00 00  | ................
7120: 00 00 00 00 00 00 00 00 00 00 00 00 00 00 00 00  | ................
7130: 00 00 00 00 00 00 00 00 00 00 00 00 00 00 00 00  | ................
7140: 00 00 00 00 00 00 00 00 00 00 00 00 00 00 00 00  | ................
7150: 00 00 00 00 00 00 00 00 00 00 00 00 00 00 00 00  | ................
7160: 00 00 00 00 00 00 00 00 00 00 00 00 00 00 00 00  | ................
7170: 00 00 00 00 00 00 00 00 00 00 00 00 00 00 00 00  | ................
7180: 00 00 00 00 00 00 00 00 00 00 00 00 00 00 00 00  | ................
7190: 00 00 00 00 00 00 00 00 00 00 00 00 00 00 00 00  | ................
71a0: 00 00 00 00 00 00 00 00 00 00 00 00 00 00 00 00  | ................
71b0: 00 00 00 00 00 00 00 00 00 00 00 00 00 00 00 00  | ................
71c0: 00 00 00 00 00 00 00 00 00 00 00 00 00 00 00 00  | ................
71d0: 00 00 00 00 00 00 00 00 00 00 00 00 00 00 00 00  | ................
71e0: 00 00 00 00 00 00 00 00 00 00 00 00 00 00 00 00  | ................
71f0: 00 00 00 00 00 00 00 00 00 00 00 00 00 00 00 00  | ................
7200: 00 00 00 00 00 00 00 00 00 00 00 00 00 00 00 00  | ................
7210: 00 00 00 00 00 00 00 00 00 00 00 00 00 00 00 00  | ................
7220: 00 00 00 00 00 00 00 00 00 00 00 00 00 00 00 00  | ................
7230: 00 00 00 00 00 00 00 00 00 00 00 00 00 00 00 00  | ................
7240: 00 00 00 00 00 00 00 00 00 00 00 00 00 00 00 00  | ................
7250: 00 00 00 00 00 00 00 00 00 00 00 00 00 00 00 00  | ................
7260: 00 00 00 00 00 00 00 00 00 00 00 00 00 00 00 00  | ................
7270: 00 00 00 00 00 00 00 00 00 00 00 00 00 00 00 00  | ................
7280: 00 00 00 00 00 00 00 00 00 00 00 00 00 00 00 00  | ................
7290: 00 00 00 00 00 00 00 00 00 00 00 00 00 00 00 00  | ................
72a0: 00 00 00 00 00 00 00 00 00 00 00 00 00 00 00 00  | ................
72b0: 00 00 00 00 00 00 00 00 00 00 00 00 00 00 00 00  | ................
72c0: 00 00 00 00 00 00 00 00 00 00 00 00 00 00 00 00  | ................
72d0: 00 00 00 00 00 00 00 00 00 00 00 00 00 00 00 00  | ................
72e0: 00 00 00 00 00 00 00 00 00 00 00 00 00 00 00 00  | ................
72f0: 00 00 00 00 00 00 00 00 00 00 00 00 00 00 00 00  | ................
7300: 00 00 00 00 00 00 00 00 00 00 00 00 00 00 00 00  | ................
7310: 00 00 00 00 00 00 00 00 00 00 00 00 00 00 00 00  | ................
7320: 00 00 00 00 00 00 00 00 00 00 00 00 00 00 00 00  | ................
7330: 00 00 00 00 00 00 00 00 00 00 00 00 00 00 00 00  | ................
7340: 00 00 00 00 00 00 00 00 00 00 00 00 00 00 00 00  | ................
7350: 00 00 00 00 00 00 00 00 00 00 00 00 00 00 00 00  | ................
7360: 00 00 00 00 00 00 00 00 00 00 00 00 00 00 00 00  | ................
7370: 00 00 00 00 00 00 00 00 00 00 00 00 00 00 00 00  | ................
7380: 00 00 00 00 00 00 00 00 00 00 00 00 00 00 00 00  | ................
7390: 00 00 00 00 00 00 00 00 00 00 00 00 00 00 00 00  | ................
73a0: 00 00 00 00 00 00 00 00 00 00 00 00 00 00 00 00  | ................
73b0: 00 00 00 00 00 00 00 00 00 00 00 00 00 00 00 00  | ................
73c0: 00 00 00 00 00 00 00 00 00 00 00 00 00 00 00 00  | ................
73d0: 00 00 00 00 00 00 00 00 00 00 00 00 00 00 00 00  | ................
73e0: 00 00 00 00 00 00 00 00 00 00 00 00 00 00 00 00  | ................
73f0: 00 00 00 00 00 00 00 00 00 00 00 00 00 00 00 00  | ................
7400: 00 00 00 00 00 00 00 00 00 00 00 00 00 00 00 00  | ................
7410: 00 00 00 00 00 00 00 00 00 00 00 00 00 00 00 00  | ................
7420: 00 00 00 00 00 00 00 00 00 00 00 00 00 00 00 00  | ................
7430: 00 00 00 00 00 00 00 00 00 00 00 00 00 00 00 00  | ................
7440: 00 00 00 00 00 00 00 00 00 00 00 00 00 00 00 00  | ................
7450: 00 00 00 00 00 00 00 00 00 00 00 00 00 00 00 00  | ................
7460: 00 00 00 00 00 00 00 00 00 00 00 00 00 00 00 00  | ................
7470: 00 00 00 00 00 00 00 00 00 00 00 00 00 00 00 00  | ................
7480: 00 00 00 00 00 00 00 00 00 00 00 00 00 00 00 00  | ................
7490: 00 00 00 00 00 00 00 00 00 00 00 00 00 00 00 00  | ................
74a0: 00 00 00 00 00 00 00 00 00 00 00 00 00 00 00 00  | ................
74b0: 00 00 00 00 00 00 00 00 00 00 00 00 00 00 00 00  | ................
74c0: 00 00 00 00 00 00 00 00 00 00 00 00 00 00 00 00  | ................
74d0: 00 00 00 00 00 00 00 00 00 00 00 00 00 00 00 00  | ................
74e0: 00 00 00 00 00 00 00 00 00 00 00 00 00 00 00 00  | ................
74f0: 00 00 00 00 00 00 00 00 00 00 00 00 00 00 00 00  | ................
7500: 00 00 00 00 00 00 00 00 00 00 00 00 00 00 00 00  | ................
7510: 00 00 00 00 00 00 00 00 00 00 00 00 00 00 00 00  | ................
7520: 00 00 00 00 00 00 00 00 00 00 00 00 00 00 00 00  | ................
7530: 00 00 00 00 00 00 00 00 00 00 00 00 00 00 00 00  | ................
7540: 00 00 00 00 00 00 00 00 00 00 00 00 00 00 00 00  | ................
7550: 00 00 00 00 00 00 00 00 00 00 00 00 00 00 00 00  | ................
7560: 00 00 00 00 00 00 00 00 00 00 00 00 00 00 00 00  | ................
7570: 00 00 00 00 00 00 00 00 00 00 00 00 00 00 00 00  | ................
7580: 00 00 00 00 00 00 00 00 00 00 00 00 00 00 00 00  | ................
7590: 00 00 00 00 00 00 00 00 00 00 00 00 00 00 00 00  | ................
75a0: 00 00 00 00 00 00 00 00 00 00 00 00 00 00 00 00  | ................
75b0: 00 00 00 00 00 00 00 00 00 00 00 00 00 00 00 00  | ................
75c0: 00 00 00 00 00 00 00 00 00 00 00 00 00 00 00 00  | ................
75d0: 00 00 00 00 00 00 00 00 00 00 00 00 00 00 00 00  | ................
75e0: 00 00 00 00 00 00 00 00 00 00 00 00 00 00 00 00  | ................
75f0: 00 00 00 00 00 00 00 00 00 00 00 00 00 00 00 00  | ................
7600: 00 00 00 00 00 00 00 00 00 00 00 00 00 00 00 00  | ................
7610: 00 00 00 00 00 00 00 00 00 00 00 00 00 00 00 00  | ................
7620: 00 00 00 00 00 00 00 00 00 00 00 00 00 00 00 00  | ................
7630: 00 00 00 00 00 00 00 00 00 00 00 00 00 00 00 00  | ................
7640: 00 00 00 00 00 00 00 00 00 00 00 00 00 00 00 00  | ................
7650: 00 00 00 00 00 00 00 00 00 00 00 00 00 00 00 00  | ................
7660: 00 00 00 00 00 00 00 00 00 00 00 00 00 00 00 00  | ................
7670: 00 00 00 00 00 00 00 00 00 00 00 00 00 00 00 00  | ................
7680: 00 00 00 00 00 00 00 00 00 00 00 00 00 00 00 00  | ................
7690: 00 00 00 00 00 00 00 00 00 00 00 00 00 00 00 00  | ................
76a0: 00 00 00 00 00 00 00 00 00 00 00 00 00 00 00 00  | ................
76b0: 00 00 00 00 00 00 00 00 00 00 00 00 00 00 00 00  | ................
76c0: 00 00 00 00 00 00 00 00 00 00 00 00 00 00 00 00  | ................
76d0: 00 00 00 00 00 00 00 00 00 00 00 00 00 00 00 00  | ................
76e0: 00 00 00 00 00 00 00 00 00 00 00 00 00 00 00 00  | ................
76f0: 00 00 00 00 00 00 00 00 00 00 00 00 00 00 00 00  | ................
7700: 00 00 00 00 00 00 00 00 00 00 00 00 00 00 00 00  | ................
7710: 00 00 00 00 00 00 00 00 00 00 00 00 00 00 00 00  | ................
7720: 00 00 00 00 00 00 00 00 00 00 00 00 00 00 00 00  | ................
7730: 00 00 00 00 00 00 00 00 00 00 00 00 00 00 00 00  | ................
7740: 00 00 00 00 00 00 00 00 00 00 00 00 00 00 00 00  | ................
7750: 00 00 00 00 00 00 00 00 00 00 00 00 00 00 00 00  | ................
7760: 00 00 00 00 00 00 00 00 00 00 00 00 00 00 00 00  | ................
7770: 00 00 00 00 00 00 00 00 00 00 00 00 00 00 00 00  | ................
7780: 00 00 00 00 00 00 00 00 00 00 00 00 00 00 00 00  | ................
7790: 00 00 00 00 00 00 00 00 00 00 00 00 00 00 00 00  | ................
77a0: 00 00 00 00 00 00 00 00 00 00 00 00 00 00 00 00  | ................
77b0: 00 00 00 00 00 00 00 00 00 00 00 00 00 00 00 00  | ................
77c0: 00 00 00 00 00 00 00 00 00 00 00 00 00 00 00 00  | ................
77d0: 00 00 00 00 00 00 00 00 00 00 00 00 00 00 00 00  | ................
77e0: 00 00 00 00 00 00 00 00 00 00 00 00 00 00 00 00  | ................
77f0: 00 00 00 00 00 00 00 00 00 00 00 00 00 00 00 00  | ................
7800: 00 00 00 00 00 00 00 00 00 00 00 00 00 00 00 00  | ................
7810: 00 00 00 00 00 00 00 00 00 00 00 00 00 00 00 00  | ................
7820: 00 00 00 00 00 00 00 00 00 00 00 00 00 00 00 00  | ................
7830: 00 00 00 00 00 00 00 00 00 00 00 00 00 00 00 00  | ................
7840: 00 00 00 00 00 00 00 00 00 00 00 00 00 00 00 00  | ................
7850: 00 00 00 00 00 00 00 00 00 00 00 00 00 00 00 00  | ................
7860: 00 00 00 00 00 00 00 00 00 00 00 00 00 00 00 00  | ................
7870: 00 00 00 00 00 00 00 00 00 00 00 00 00 00 00 00  | ................
7880: 00 00 00 00 00 00 00 00 00 00 00 00 00 00 00 00  | ................
7890: 00 00 00 00 00 00 00 00 00 00 00 00 00 00 00 00  | ................
78a0: 00 00 00 00 00 00 00 00 00 00 00 00 00 00 00 00  | ................
78b0: 00 00 00 00 00 00 00 00 00 00 00 00 00 00 00 00  | ................
78c0: 00 00 00 00 00 00 00 00 00 00 00 00 00 00 00 00  | ................
78d0: 00 00 00 00 00 00 00 00 00 00 00 00 00 00 00 00  | ................
78e0: 00 00 00 00 00 00 00 00 00 00 00 00 00 00 00 00  | ................
78f0: 00 00 00 00 00 00 00 00 00 00 00 00 00 00 00 00  | ................
7900: 00 00 00 00 00 00 00 00 00 00 00 00 00 00 00 00  | ................
7910: 00 00 00 00 00 00 00 00 00 00 00 00 00 00 00 00  | ................
7920: 00 00 00 00 00 00 00 00 00 00 00 00 00 00 00 00  | ................
7930: 00 00 00 00 00 00 00 00 00 00 00 00 00 00 00 00  | ................
7940: 00 00 00 00 00 00 00 00 00 00 00 00 00 00 00 00  | ................
7950: 00 00 00 00 00 00 00 00 00 00 00 00 00 00 00 00  | ................
7960: 00 00 00 00 00 00 00 00 00 00 00 00 00 00 00 00  | ................
7970: 00 00 00 00 00 00 00 00 00 00 00 00 00 00 00 00  | ................
7980: 00 00 00 00 00 00 00 00 00 00 00 00 00 00 00 00  | ................
7990: 00 00 00 00 00 00 00 00 00 00 00 00 00 00 00 00  | ................
79a0: 00 00 00 00 00 00 00 00 00 00 00 00 00 00 00 00  | ................
79b0: 00 00 00 00 00 00 00 00 00 00 00 00 00 00 00 00  | ................
79c0: 00 00 00 00 00 00 00 00 00 00 00 00 00 00 00 00  | ................
79d0: 00 00 00 00 00 00 00 00 00 00 00 00 00 00 00 00  | ................
79e0: 00 00 00 00 00 00 00 00 00 00 00 00 00 00 00 00  | ................
79f0: 00 00 00 00 00 00 00 00 00 00 00 00 00 00 00 00  | ................
7a00: 00 00 00 00 00 00 00 00 00 00 00 00 00 00 00 00  | ................
7a10: 00 00 00 00 00 00 00 00 00 00 00 00 00 00 00 00  | ................
7a20: 00 00 00 00 00 00 00 00 00 00 00 00 00 00 00 00  | ................
7a30: 00 00 00 00 00 00 00 00 00 00 00 00 00 00 00 00  | ................
7a40: 00 00 00 00 00 00 00 00 00 00 00 00 00 00 00 00  | ................
7a50: 00 00 00 00 00 00 00 00 00 00 00 00 00 00 00 00  | ................
7a60: 00 00 00 00 00 00 00 00 00 00 00 00 00 00 00 00  | ................
7a70: 00 00 00 00 00 00 00 00 00 00 00 00 00 00 00 00  | ................
7a80: 00 00 00 00 00 00 00 00 00 00 00 00 00 00 00 00  | ................
7a90: 00 00 00 00 00 00 00 00 00 00 00 00 00 00 00 00  | ................
7aa0: 00 00 00 00 00 00 00 00 00 00 00 00 00 00 00 00  | ................
7ab0: 00 00 00 00 00 00 00 00 00 00 00 00 00 00 00 00  | ................
7ac0: 00 00 00 00 00 00 00 00 00 00 00 00 00 00 00 00  | ................
7ad0: 00 00 00 00 00 00 00 00 00 00 00 00 00 00 00 00  | ................
7ae0: 00 00 00 00 00 00 00 00 00 00 00 00 00 00 00 00  | ................
7af0: 00 00 00 00 00 00 00 00 00 00 00 00 00 00 00 00  | ................
7b00: 00 00 00 00 00 00 00 00 00 00 00 00 00 00 00 00  | ................
7b10: 00 00 00 00 00 00 00 00 00 00 00 00 00 00 00 00  | ................
7b20: 00 00 00 00 00 00 00 00 00 00 00 00 00 00 00 00  | ................
7b30: 00 00 00 00 00 00 00 00 00 00 00 00 00 00 00 00  | ................
7b40: 00 00 00 00 00 00 00 00 00 00 00 00 00 00 00 00  | ................
7b50: 00 00 00 00 00 00 00 00 00 00 00 00 00 00 00 00  | ................
7b60: 00 00 00 00 00 00 00 00 00 00 00 00 00 00 00 00  | ................
7b70: 00 00 00 00 00 00 00 00 00 00 00 00 00 00 00 00  | ................
7b80: 00 00 00 00 00 00 00 00 00 00 00 00 00 00 00 00  | ................
7b90: 00 00 00 00 00 00 00 00 00 00 00 00 00 00 00 00  | ................
7ba0: 00 00 00 00 00 00 00 00 00 00 00 00 00 00 00 00  | ................
7bb0: 00 00 00 00 00 00 00 00 00 00 00 00 00 00 00 00  | ................
7bc0: 00 00 00 00 00 00 00 00 00 00 00 00 00 00 00 00  | ................
7bd0: 00 00 00 00 00 00 00 00 00 00 00 00 00 00 00 00  | ................
7be0: 00 00 00 00 00 00 00 00 00 00 00 00 00 00 00 00  | ................
7bf0: 00 00 00 00 00 00 00 00 00 00 00 00 00 00 00 00  | ................
7c00: 00 00 00 00 00 00 00 00 00 00 00 00 00 00 00 00  | ................
7c10: 00 00 00 00 00 00 00 00 00 00 00 00 00 00 00 00  | ................
7c20: 00 00 00 00 00 00 00 00 00 00 00 00 00 00 00 00  | ................
7c30: 00 00 00 00 00 00 00 00 00 00 00 00 00 00 00 00  | ................
7c40: 00 00 00 00 00 00 00 00 00 00 00 00 00 00 00 00  | ................
7c50: 00 00 00 00 00 00 00 00 00 00 00 00 00 00 00 00  | ................
7c60: 00 00 00 00 00 00 00 00 00 00 00 00 00 00 00 00  | ................
7c70: 00 00 00 00 00 00 00 00 00 00 00 00 00 00 00 00  | ................
7c80: 00 00 00 00 00 00 00 00 00 00 00 00 00 00 00 00  | ................
7c90: 00 00 00 00 00 00 00 00 00 00 00 00 00 00 00 00  | ................
7ca0: 00 00 00 00 00 00 00 00 00 00 00 00 00 00 00 00  | ................
7cb0: 00 00 00 00 00 00 00 00 00 00 00 00 00 00 00 00  | ................
7cc0: 00 00 00 00 00 00 00 00 00 00 00 00 00 00 00 00  | ................
7cd0: 00 00 00 00 00 00 00 00 00 00 00 00 00 00 00 00  | ................
7ce0: 00 00 00 00 00 00 00 00 00 00 00 00 00 00 00 00  | ................
7cf0: 00 00 00 00 00 00 00 00 00 00 00 00 00 00 00 00  | ................
7d00: 00 00 00 00 00 00 00 00 00 00 00 00 00 00 00 00  | ................
7d10: 00 00 00 00 00 00 00 00 00 00 00 00 00 00 00 00  | ................
7d20: 00 00 00 00 00 00 00 00 00 00 00 00 00 00 00 00  | ................
7d30: 00 00 00 00 00 00 00 00 00 00 00 00 00 00 00 00  | ................
7d40: 00 00 00 00 00 00 00 00 00 00 00 00 00 00 00 00  | ................
7d50: 00 00 00 00 00 00 00 00 00 00 00 00 00 00 00 00  | ................
7d60: 00 00 00 00 00 00 00 00 00 00 00 00 00 00 00 00  | ................
7d70: 00 00 00 00 00 00 00 00 00 00 00 00 00 00 00 00  | ................
7d80: 00 00 00 00 00 00 00 00 00 00 00 00 00 00 00 00  | ................
7d90: 00 00 00 00 00 00 00 00 00 00 00 00 00 00 00 00  | ................
7da0: 00 00 00 00 00 00 00 00 00 00 00 00 00 00 00 00  | ................
7db0: 00 00 00 00 00 00 00 00 00 00 00 00 00 00 00 00  | ................
7dc0: 00 00 00 00 00 00 00 00 00 00 00 00 00 00 00 00  | ................
7dd0: 00 00 00 00 00 00 00 00 00 00 00 00 00 00 00 00  | ................
7de0: 00 00 00 00 00 00 00 00 00 00 00 00 00 00 00 00  | ................
7df0: 00 00 00 00 00 00 00 00 00 00 00 00 00 00 00 00  | ................
7e00: 00 00 00 00 00 00 00 00 00 00 00 00 00 00 00 00  | ................
7e10: 00 00 00 00 00 00 00 00 00 00 00 00 00 00 00 00  | ................
7e20: 00 00 00 00 00 00 00 00 00 00 00 00 00 00 00 00  | ................
7e30: 00 00 00 00 00 00 00 00 00 00 00 00 00 00 00 00  | ................
7e40: 00 00 00 00 00 00 00 00 00 00 00 00 00 00 00 00  | ................
7e50: 00 00 00 00 00 00 00 00 00 00 00 00 00 00 00 00  | ................
7e60: 00 00 00 00 00 00 00 00 00 00 00 00 00 00 00 00  | ................
7e70: 00 00 00 00 00 00 00 00 00 00 00 00 00 00 00 00  | ................
7e80: 00 00 00 00 00 00 00 00 00 00 00 00 00 00 00 00  | ................
7e90: 00 00 00 00 00 00 00 00 00 00 00 00 00 00 00 00  | ................
7ea0: 00 00 00 00 00 00 00 00 00 00 00 00 00 00 00 00  | ................
7eb0: 00 00 00 00 00 00 00 00 00 00 00 00 00 00 00 00  | ................
7ec0: 00 00 00 00 00 00 00 00 00 00 00 00 00 00 00 00  | ................
7ed0: 00 00 00 00 00 00 00 00 00 00 00 00 00 00 00 00  | ................
7ee0: 00 00 00 00 00 00 00 00 00 00 00 00 00 00 00 00  | ................
7ef0: 00 00 00 00 00 00 00 00 00 00 00 00 00 00 00 00  | ................
7f00: 00 00 00 00 00 00 00 00 00 00 00 00 00 00 00 00  | ................
7f10: 00 00 00 00 00 00 00 00 00 00 00 00 00 00 00 00  | ................
7f20: 00 00 00 00 00 00 00 00 00 00 00 00 00 00 00 00  | ................
7f30: 00 00 00 00 00 00 00 00 00 00 00 00 00 00 00 00  | ................
7f40: 00 00 00 00 00 00 00 00 00 00 00 00 00 00 00 00  | ................
7f50: 00 00 00 00 00 00 00 00 00 00 00 00 00 00 00 00  | ................
7f60: 00 00 00 00 00 00 00 00 00 00 00 00 00 00 00 00  | ................
7f70: 00 00 00 00 00 00 00 00 00 00 00 00 00 00 00 00  | ................
7f80: 00 00 00 00 00 00 00 00 00 00 00 00 00 00 00 00  | ................
7f90: 00 00 00 00 00 00 00 00 00 00 00 00 00 00 00 00  | ................
7fa0: 00 00 00 00 00 00 00 00 00 00 00 00 00 00 00 00  | ................
7fb0: 00 00 00 00 00 00 00 00 00 00 00 00 00 00 00 00  | ................
7fc0: 00 00 00 00 00 00 00 00 00 00 00 00 00 00 00 00  | ................
7fd0: 00 00 00 00 00 00 00 00 00 00 00 00 00 00 00 00  | ................
7fe0: 00 00 00 00 00 00 00 00 00 00 00 00 00 00 00 00  | ................
7ff0: 00 00 00 00 00 00 00 00 00 00 00 00 00 00 00 00  | ................
8000: 00 00 00 00 00 00 00 00 00 00 00 00 00 00 00 00  | ................
8010: 00 00 00 00 00 00 00 00 00 00 00 00 00 00 00 00  | ................
8020: 00 00 00 00 00 00 00 00 00 00 00 00 00 00 00 00  | ................
8030: 00 00 00 00 00 00 00 00 00 00 00 00 00 00 00 00  | ................
8040: 00 00 00 00 00 00 00 00 00 00 00 00 00 00 00 00  | ................
8050: 00 00 00 00 00 00 00 00 00 00 00 00 00 00 00 00  | ................
8060: 00 00 00 00 00 00 00 00 00 00 00 00 00 00 00 00  | ................
8070: 00 00 00 00 00 00 00 00 00 00 00 00 00 00 00 00  | ................
8080: 00 00 00 00 00 00 00 00 00 00 00 00 00 00 00 00  | ................
8090: 00 00 00 00 00 00 00 00 00 00 00 00 00 00 00 00  | ................
80a0: 00 00 00 00 00 00 00 00 00 00 00 00 00 00 00 00  | ................
80b0: 00 00 00 00 00 00 00 00 00 00 00 00 00 00 00 00  | ................
80c0: 00 00 00 00 00 00 00 00 00 00 00 00 00 00 00 00  | ................
80d0: 00 00 00 00 00 00 00 00 00 00 00 00 00 00 00 00  | ................
80e0: 00 00 00 00 00 00 00 00 00 00 00 00 00 00 00 00  | ................
80f0: 00 00 00 00 00 00 00 00 00 00 00 00 00 00 00 00  | ................
8100: 00 00 00 00 00 00 00 00 00 00 00 00 00 00 00 00  | ................
8110: 00 00 00 00 00 00 00 00 00 00 00 00 00 00 00 00  | ................
8120: 00 00 00 00 00 00 00 00 00 00 00 00 00 00 00 00  | ................
8130: 00 00 00 00 00 00 00 00 00 00 00 00 00 00 00 00  | ................
8140: 00 00 00 00 00 00 00 00 00 00 00 00 00 00 00 00  | ................
8150: 00 00 00 00 00 00 00 00 00 00 00 00 00 00 00 00  | ................
8160: 00 00 00 00 00 00 00 00 00 00 00 00 00 00 00 00  | ................
8170: 00 00 00 00 00 00 00 00 00 00 00 00 00 00 00 00  | ................
8180: 00 00 00 00 00 00 00 00 00 00 00 00 00 00 00 00  | ................
8190: 00 00 00 00 00 00 00 00 00 00 00 00 00 00 00 00  | ................
81a0: 00 00 00 00 00 00 00 00 00 00 00 00 00 00 00 00  | ................
81b0: 00 00 00 00 00 00 00 00 00 00 00 00 00 00 00 00  | ................
81c0: 00 00 00 00 00 00 00 00 00 00 00 00 00 00 00 00  | ................
81d0: 00 00 00 00 00 00 00 00 00 00 00 00 00 00 00 00  | ................
81e0: 00 00 00 00 00 00 00 00 00 00 00 00 00 00 00 00  | ................
81f0: 00 00 00 00 00 00 00 00 00 00 00 00 00 00 00 00  | ................
8200: 00 00 00 00 00 00 00 00 00 00 00 00 00 00 00 00  | ................
8210: 00 00 00 00 00 00 00 00 00 00 00 00 00 00 00 00  | ................
8220: 00 00 00 00 00 00 00 00 00 00 00 00 00 00 00 00  | ................
8230: 00 00 00 00 00 00 00 00 00 00 00 00 00 00 00 00  | ................
8240: 00 00 00 00 00 00 00 00 00 00 00 00 00 00 00 00  | ................
8250: 00 00 00 00 00 00 00 00 00 00 00 00 00 00 00 00  | ................
8260: 00 00 00 00 00 00 00 00 00 00 00 00 00 00 00 00  | ................
8270: 00 00 00 00 00 00 00 00 00 00 00 00 00 00 00 00  | ................
8280: 00 00 00 00 00 00 00 00 00 00 00 00 00 00 00 00  | ................
8290: 00 00 00 00 00 00 00 00 00 00 00 00 00 00 00 00  | ................
82a0: 00 00 00 00 00 00 00 00 00 00 00 00 00 00 00 00  | ................
82b0: 00 00 00 00 00 00 00 00 00 00 00 00 00 00 00 00  | ................
82c0: 00 00 00 00 00 00 00 00 00 00 00 00 00 00 00 00  | ................
82d0: 00 00 00 00 00 00 00 00 00 00 00 00 00 00 00 00  | ................
82e0: 00 00 00 00 00 00 00 00 00 00 00 00 00 00 00 00  | ................
82f0: 00 00 00 00 00 00 00 00 00 00 00 00 00 00 00 00  | ................
8300: 00 00 00 00 00 00 00 00 00 00 00 00 00 00 00 00  | ................
8310: 00 00 00 00 00 00 00 00 00 00 00 00 00 00 00 00  | ................
8320: 00 00 00 00 00 00 00 00 00 00 00 00 00 00 00 00  | ................
8330: 00 00 00 00 00 00 00 00 00 00 00 00 00 00 00 00  | ................
8340: 00 00 00 00 00 00 00 00 00 00 00 00 00 00 00 00  | ................
8350: 00 00 00 00 00 00 00 00 00 00 00 00 00 00 00 00  | ................
8360: 00 00 00 00 00 00 00 00 00 00 00 00 00 00 00 00  | ................
8370: 00 00 00 00 00 00 00 00 00 00 00 00 00 00 00 00  | ................
8380: 00 00 00 00 00 00 00 00 00 00 00 00 00 00 00 00  | ................
8390: 00 00 00 00 00 00 00 00 00 00 00 00 00 00 00 00  | ................
83a0: 00 00 00 00 00 00 00 00 00 00 00 00 00 00 00 00  | ................
83b0: 00 00 00 00 00 00 00 00 00 00 00 00 00 00 00 00  | ................
83c0: 00 00 00 00 00 00 00 00 00 00 00 00 00 00 00 00  | ................
83d0: 00 00 00 00 00 00 00 00 00 00 00 00 00 00 00 00  | ................
83e0: 00 00 00 00 00 00 00 00 00 00 00 00 00 00 00 00  | ................
83f0: 00 00 00 00 00 00 00 00 00 00 00 00 00 00 00 00  | ................
8400: 00 00 00 00 00 00 00 00 00 00 00 00 00 00 00 00  | ................
8410: 00 00 00 00 00 00 00 00 00 00 00 00 00 00 00 00  | ................
8420: 00 00 00 00 00 00 00 00 00 00 00 00 00 00 00 00  | ................
8430: 00 00 00 00 00 00 00 00 00 00 00 00 00 00 00 00  | ................
8440: 00 00 00 00 00 00 00 00 00 00 00 00 00 00 00 00  | ................
8450: 00 00 00 00 00 00 00 00 00 00 00 00 00 00 00 00  | ................
8460: 00 00 00 00 00 00 00 00 00 00 00 00 00 00 00 00  | ................
8470: 00 00 00 00 00 00 00 00 00 00 00 00 00 00 00 00  | ................
8480: 00 00 00 00 00 00 00 00 00 00 00 00 00 00 00 00  | ................
8490: 00 00 00 00 00 00 00 00 00 00 00 00 00 00 00 00  | ................
84a0: 00 00 00 00 00 00 00 00 00 00 00 00 00 00 00 00  | ................
84b0: 00 00 00 00 00 00 00 00 00 00 00 00 00 00 00 00  | ................
84c0: 00 00 00 00 00 00 00 00 00 00 00 00 00 00 00 00  | ................
84d0: 00 00 00 00 00 00 00 00 00 00 00 00 00 00 00 00  | ................
84e0: 00 00 00 00 00 00 00 00 00 00 00 00 00 00 00 00  | ................
84f0: 00 00 00 00 00 00 00 00 00 00 00 00 00 00 00 00  | ................
8500: 00 00 00 00 00 00 00 00 00 00 00 00 00 00 00 00  | ................
8510: 00 00 00 00 00 00 00 00 00 00 00 00 00 00 00 00  | ................
8520: 00 00 00 00 00 00 00 00 00 00 00 00 00 00 00 00  | ................
8530: 00 00 00 00 00 00 00 00 00 00 00 00 00 00 00 00  | ................
8540: 00 00 00 00 00 00 00 00 00 00 00 00 00 00 00 00  | ................
8550: 00 00 00 00 00 00 00 00 00 00 00 00 00 00 00 00  | ................
8560: 00 00 00 00 00 00 00 00 00 00 00 00 00 00 00 00  | ................
8570: 00 00 00 00 00 00 00 00 00 00 00 00 00 00 00 00  | ................
8580: 00 00 00 00 00 00 00 00 00 00 00 00 00 00 00 00  | ................
8590: 00 00 00 00 00 00 00 00 00 00 00 00 00 00 00 00  | ................
85a0: 00 00 00 00 00 00 00 00 00 00 00 00 00 00 00 00  | ................
85b0: 00 00 00 00 00 00 00 00 00 00 00 00 00 00 00 00  | ................
85c0: 00 00 00 00 00 00 00 00 00 00 00 00 00 00 00 00  | ................
85d0: 00 00 00 00 00 00 00 00 00 00 00 00 00 00 00 00  | ................
85e0: 00 00 00 00 00 00 00 00 00 00 00 00 00 00 00 00  | ................
85f0: 00 00 00 00 00 00 00 00 00 00 00 00 00 00 00 00  | ................
8600: 00 00 00 00 00 00 00 00 00 00 00 00 00 00 00 00  | ................
8610: 00 00 00 00 00 00 00 00 00 00 00 00 00 00 00 00  | ................
8620: 00 00 00 00 00 00 00 00 00 00 00 00 00 00 00 00  | ................
8630: 00 00 00 00 00 00 00 00 00 00 00 00 00 00 00 00  | ................
8640: 00 00 00 00 00 00 00 00 00 00 00 00 00 00 00 00  | ................
8650: 00 00 00 00 00 00 00 00 00 00 00 00 00 00 00 00  | ................
8660: 00 00 00 00 00 00 00 00 00 00 00 00 00 00 00 00  | ................
8670: 00 00 00 00 00 00 00 00 00 00 00 00 00 00 00 00  | ................
8680: 00 00 00 00 00 00 00 00 00 00 00 00 00 00 00 00  | ................
8690: 00 00 00 00 00 00 00 00 00 00 00 00 00 00 00 00  | ................
86a0: 00 00 00 00 00 00 00 00 00 00 00 00 00 00 00 00  | ................
86b0: 00 00 00 00 00 00 00 00 00 00 00 00 00 00 00 00  | ................
86c0: 00 00 00 00 00 00 00 00 00 00 00 00 00 00 00 00  | ................
86d0: 00 00 00 00 00 00 00 00 00 00 00 00 00 00 00 00  | ................
86e0: 00 00 00 00 00 00 00 00 00 00 00 00 00 00 00 00  | ................
86f0: 00 00 00 00 00 00 00 00 00 00 00 00 00 00 00 00  | ................
8700: 00 00 00 00 00 00 00 00 00 00 00 00 00 00 00 00  | ................
8710: 00 00 00 00 00 00 00 00 00 00 00 00 00 00 00 00  | ................
8720: 00 00 00 00 00 00 00 00 00 00 00 00 00 00 00 00  | ................
8730: 00 00 00 00 00 00 00 00 00 00 00 00 00 00 00 00  | ................
8740: 00 00 00 00 00 00 00 00 00 00 00 00 00 00 00 00  | ................
8750: 00 00 00 00 00 00 00 00 00 00 00 00 00 00 00 00  | ................
8760: 00 00 00 00 00 00 00 00 00 00 00 00 00 00 00 00  | ................
8770: 00 00 00 00 00 00 00 00 00 00 00 00 00 00 00 00  | ................
8780: 00 00 00 00 00 00 00 00 00 00 00 00 00 00 00 00  | ................
8790: 00 00 00 00 00 00 00 00 00 00 00 00 00 00 00 00  | ................
87a0: 00 00 00 00 00 00 00 00 00 00 00 00 00 00 00 00  | ................
87b0: 00 00 00 00 00 00 00 00 00 00 00 00 00 00 00 00  | ................
87c0: 00 00 00 00 00 00 00 00 00 00 00 00 00 00 00 00  | ................
87d0: 00 00 00 00 00 00 00 00 00 00 00 00 00 00 00 00  | ................
87e0: 00 00 00 00 00 00 00 00 00 00 00 00 00 00 00 00  | ................
87f0: 00 00 00 00 00 00 00 00 00 00 00 00 00 00 00 00  | ................
8800: 00 00 00 00 00 00 00 00 00 00 00 00 00 00 00 00  | ................
8810: 00 00 00 00 00 00 00 00 00 00 00 00 00 00 00 00  | ................
8820: 00 00 00 00 00 00 00 00 00 00 00 00 00 00 00 00  | ................
8830: 00 00 00 00 00 00 00 00 00 00 00 00 00 00 00 00  | ................
8840: 00 00 00 00 00 00 00 00 00 00 00 00 00 00 00 00  | ................
8850: 00 00 00 00 00 00 00 00 00 00 00 00 00 00 00 00  | ................
8860: 00 00 00 00 00 00 00 00 00 00 00 00 00 00 00 00  | ................
8870: 00 00 00 00 00 00 00 00 00 00 00 00 00 00 00 00  | ................
8880: 00 00 00 00 00 00 00 00 00 00 00 00 00 00 00 00  | ................
8890: 00 00 00 00 00 00 00 00 00 00 00 00 00 00 00 00  | ................
88a0: 00 00 00 00 00 00 00 00 00 00 00 00 00 00 00 00  | ................
88b0: 00 00 00 00 00 00 00 00 00 00 00 00 00 00 00 00  | ................
88c0: 00 00 00 00 00 00 00 00 00 00 00 00 00 00 00 00  | ................
88d0: 00 00 00 00 00 00 00 00 00 00 00 00 00 00 00 00  | ................
88e0: 00 00 00 00 00 00 00 00 00 00 00 00 00 00 00 00  | ................
88f0: 00 00 00 00 00 00 00 00 00 00 00 00 00 00 00 00  | ................
8900: 00 00 00 00 00 00 00 00 00 00 00 00 00 00 00 00  | ................
8910: 00 00 00 00 00 00 00 00 00 00 00 00 00 00 00 00  | ................
8920: 00 00 00 00 00 00 00 00 00 00 00 00 00 00 00 00  | ................
8930: 00 00 00 00 00 00 00 00 00 00 00 00 00 00 00 00  | ................
8940: 00 00 00 00 00 00 00 00 00 00 00 00 00 00 00 00  | ................
8950: 00 00 00 00 00 00 00 00 00 00 00 00 00 00 00 00  | ................
8960: 00 00 00 00 00 00 00 00 00 00 00 00 00 00 00 00  | ................
8970: 00 00 00 00 00 00 00 00 00 00 00 00 00 00 00 00  | ................
8980: 00 00 00 00 00 00 00 00 00 00 00 00 00 00 00 00  | ................
8990: 00 00 00 00 00 00 00 00 00 00 00 00 00 00 00 00  | ................
89a0: 00 00 00 00 00 00 00 00 00 00 00 00 00 00 00 00  | ................
89b0: 00 00 00 00 00 00 00 00 00 00 00 00 00 00 00 00  | ................
89c0: 00 00 00 00 00 00 00 00 00 00 00 00 00 00 00 00  | ................
89d0: 00 00 00 00 00 00 00 00 00 00 00 00 00 00 00 00  | ................
89e0: 00 00 00 00 00 00 00 00 00 00 00 00 00 00 00 00  | ................
89f0: 00 00 00 00 00 00 00 00 00 00 00 00 00 00 00 00  | ................
8a00: 00 00 00 00 00 00 00 00 00 00 00 00 00 00 00 00  | ................
8a10: 00 00 00 00 00 00 00 00 00 00 00 00 00 00 00 00  | ................
8a20: 00 00 00 00 00 00 00 00 00 00 00 00 00 00 00 00  | ................
8a30: 00 00 00 00 00 00 00 00 00 00 00 00 00 00 00 00  | ................
8a40: 00 00 00 00 00 00 00 00 00 00 00 00 00 00 00 00  | ................
8a50: 00 00 00 00 00 00 00 00 00 00 00 00 00 00 00 00  | ................
8a60: 00 00 00 00 00 00 00 00 00 00 00 00 00 00 00 00  | ................
8a70: 00 00 00 00 00 00 00 00 00 00 00 00 00 00 00 00  | ................
8a80: 00 00 00 00 00 00 00 00 00 00 00 00 00 00 00 00  | ................
8a90: 00 00 00 00 00 00 00 00 00 00 00 00 00 00 00 00  | ................
8aa0: 00 00 00 00 00 00 00 00 00 00 00 00 00 00 00 00  | ................
8ab0: 00 00 00 00 00 00 00 00 00 00 00 00 00 00 00 00  | ................
8ac0: 00 00 00 00 00 00 00 00 00 00 00 00 00 00 00 00  | ................
8ad0: 00 00 00 00 00 00 00 00 00 00 00 00 00 00 00 00  | ................
8ae0: 00 00 00 00 00 00 00 00 00 00 00 00 00 00 00 00  | ................
8af0: 00 00 00 00 00 00 00 00 00 00 00 00 00 00 00 00  | ................
8b00: 00 00 00 00 00 00 00 00 00 00 00 00 00 00 00 00  | ................
8b10: 00 00 00 00 00 00 00 00 00 00 00 00 00 00 00 00  | ................
8b20: 00 00 00 00 00 00 00 00 00 00 00 00 00 00 00 00  | ................
8b30: 00 00 00 00 00 00 00 00 00 00 00 00 00 00 00 00  | ................
8b40: 00 00 00 00 00 00 00 00 00 00 00 00 00 00 00 00  | ................
8b50: 00 00 00 00 00 00 00 00 00 00 00 00 00 00 00 00  | ................
8b60: 00 00 00 00 00 00 00 00 00 00 00 00 00 00 00 00  | ................
8b70: 00 00 00 00 00 00 00 00 00 00 00 00 00 00 00 00  | ................
8b80: 00 00 00 00 00 00 00 00 00 00 00 00 00 00 00 00  | ................
8b90: 00 00 00 00 00 00 00 00 00 00 00 00 00 00 00 00  | ................
8ba0: 00 00 00 00 00 00 00 00 00 00 00 00 00 00 00 00  | ................
8bb0: 00 00 00 00 00 00 00 00 00 00 00 00 00 00 00 00  | ................
8bc0: 00 00 00 00 00 00 00 00 00 00 00 00 00 00 00 00  | ................
8bd0: 00 00 00 00 00 00 00 00 00 00 00 00 00 00 00 00  | ................
8be0: 00 00 00 00 00 00 00 00 00 00 00 00 00 00 00 00  | ................
8bf0: 00 00 00 00 00 00 00 00 00 00 00 00 00 00 00 00  | ................
8c00: 00 00 00 00 00 00 00 00 00 00 00 00 00 00 00 00  | ................
8c10: 00 00 00 00 00 00 00 00 00 00 00 00 00 00 00 00  | ................
8c20: 00 00 00 00 00 00 00 00 00 00 00 00 00 00 00 00  | ................
8c30: 00 00 00 00 00 00 00 00 00 00 00 00 00 00 00 00  | ................
8c40: 00 00 00 00 00 00 00 00 00 00 00 00 00 00 00 00  | ................
8c50: 00 00 00 00 00 00 00 00 00 00 00 00 00 00 00 00  | ................
8c60: 00 00 00 00 00 00 00 00 00 00 00 00 00 00 00 00  | ................
8c70: 00 00 00 00 00 00 00 00 00 00 00 00 00 00 00 00  | ................
8c80: 00 00 00 00 00 00 00 00 00 00 00 00 00 00 00 00  | ................
8c90: 00 00 00 00 00 00 00 00 00 00 00 00 00 00 00 00  | ................
8ca0: 00 00 00 00 00 00 00 00 00 00 00 00 00 00 00 00  | ................
8cb0: 00 00 00 00 00 00 00 00 00 00 00 00 00 00 00 00  | ................
8cc0: 00 00 00 00 00 00 00 00 00 00 00 00 00 00 00 00  | ................
8cd0: 00 00 00 00 00 00 00 00 00 00 00 00 00 00 00 00  | ................
8ce0: 00 00 00 00 00 00 00 00 00 00 00 00 00 00 00 00  | ................
8cf0: 00 00 00 00 00 00 00 00 00 00 00 00 00 00 00 00  | ................
8d00: 00 00 00 00 00 00 00 00 00 00 00 00 00 00 00 00  | ................
8d10: 00 00 00 00 00 00 00 00 00 00 00 00 00 00 00 00  | ................
8d20: 00 00 00 00 00 00 00 00 00 00 00 00 00 00 00 00  | ................
8d30: 00 00 00 00 00 00 00 00 00 00 00 00 00 00 00 00  | ................
8d40: 00 00 00 00 00 00 00 00 00 00 00 00 00 00 00 00  | ................
8d50: 00 00 00 00 00 00 00 00 00 00 00 00 00 00 00 00  | ................
8d60: 00 00 00 00 00 00 00 00 00 00 00 00 00 00 00 00  | ................
8d70: 00 00 00 00 00 00 00 00 00 00 00 00 00 00 00 00  | ................
8d80: 00 00 00 00 00 00 00 00 00 00 00 00 00 00 00 00  | ................
8d90: 00 00 00 00 00 00 00 00 00 00 00 00 00 00 00 00  | ................
8da0: 00 00 00 00 00 00 00 00 00 00 00 00 00 00 00 00  | ................
8db0: 00 00 00 00 00 00 00 00 00 00 00 00 00 00 00 00  | ................
8dc0: 00 00 00 00 00 00 00 00 00 00 00 00 00 00 00 00  | ................
8dd0: 00 00 00 00 00 00 00 00 00 00 00 00 00 00 00 00  | ................
8de0: 00 00 00 00 00 00 00 00 00 00 00 00 00 00 00 00  | ................
8df0: 00 00 00 00 00 00 00 00 00 00 00 00 00 00 00 00  | ................
8e00: 00 00 00 00 00 00 00 00 00 00 00 00 00 00 00 00  | ................
8e10: 00 00 00 00 00 00 00 00 00 00 00 00 00 00 00 00  | ................
8e20: 00 00 00 00 00 00 00 00 00 00 00 00 00 00 00 00  | ................
8e30: 00 00 00 00 00 00 00 00 00 00 00 00 00 00 00 00  | ................
8e40: 00 00 00 00 00 00 00 00 00 00 00 00 00 00 00 00  | ................
8e50: 00 00 00 00 00 00 00 00 00 00 00 00 00 00 00 00  | ................
8e60: 00 00 00 00 00 00 00 00 00 00 00 00 00 00 00 00  | ................
8e70: 00 00 00 00 00 00 00 00 00 00 00 00 00 00 00 00  | ................
8e80: 00 00 00 00 00 00 00 00 00 00 00 00 00 00 00 00  | ................
8e90: 00 00 00 00 00 00 00 00 00 00 00 00 00 00 00 00  | ................
8ea0: 00 00 00 00 00 00 00 00 00 00 00 00 00 00 00 00  | ................
8eb0: 00 00 00 00 00 00 00 00 00 00 00 00 00 00 00 00  | ................
8ec0: 00 00 00 00 00 00 00 00 00 00 00 00 00 00 00 00  | ................
8ed0: 00 00 00 00 00 00 00 00 00 00 00 00 00 00 00 00  | ................
8ee0: 00 00 00 00 00 00 00 00 00 00 00 00 00 00 00 00  | ................
8ef0: 00 00 00 00 00 00 00 00 00 00 00 00 00 00 00 00  | ................
8f00: 00 00 00 00 00 00 00 00 00 00 00 00 00 00 00 00  | ................
8f10: 00 00 00 00 00 00 00 00 00 00 00 00 00 00 00 00  | ................
8f20: 00 00 00 00 00 00 00 00 00 00 00 00 00 00 00 00  | ................
8f30: 00 00 00 00 00 00 00 00 00 00 00 00 00 00 00 00  | ................
8f40: 00 00 00 00 00 00 00 00 00 00 00 00 00 00 00 00  | ................
8f50: 00 00 00 00 00 00 00 00 00 00 00 00 00 00 00 00  | ................
8f60: 00 00 00 00 00 00 00 00 00 00 00 00 00 00 00 00  | ................
8f70: 00 00 00 00 00 00 00 00 00 00 00 00 00 00 00 00  | ................
8f80: 00 00 00 00 00 00 00 00 00 00 00 00 00 00 00 00  | ................
8f90: 00 00 00 00 00 00 00 00 00 00 00 00 00 00 00 00  | ................
8fa0: 00 00 00 00 00 00 00 00 00 00 00 00 00 00 00 00  | ................
8fb0: 00 00 00 00 00 00 00 00 00 00 00 00 00 00 00 00  | ................
8fc0: 00 00 00 00 00 00 00 00 00 00 00 00 00 00 00 00  | ................
8fd0: 00 00 00 00 00 00 00 00 00 00 00 00 00 00 00 00  | ................
8fe0: 00 00 00 00 00 00 00 00 00 00 00 00 00 00 00 00  | ................
8ff0: 00 00 00 00 00 00 00 00 00 00 00 00 00 00 00 00  | ................
9000: 00 00 00 00 00 00 00 00 00 00 00 00 00 00 00 00  | ................
9010: 00 00 00 00 00 00 00 00 00 00 00 00 00 00 00 00  | ................
9020: 00 00 00 00 00 00 00 00 00 00 00 00 00 00 00 00  | ................
9030: 00 00 00 00 00 00 00 00 00 00 00 00 00 00 00 00  | ................
9040: 00 00 00 00 00 00 00 00 00 00 00 00 00 00 00 00  | ................
9050: 00 00 00 00 00 00 00 00 00 00 00 00 00 00 00 00  | ................
9060: 00 00 00 00 00 00 00 00 00 00 00 00 00 00 00 00  | ................
9070: 00 00 00 00 00 00 00 00 00 00 00 00 00 00 00 00  | ................
9080: 00 00 00 00 00 00 00 00 00 00 00 00 00 00 00 00  | ................
9090: 00 00 00 00 00 00 00 00 00 00 00 00 00 00 00 00  | ................
90a0: 00 00 00 00 00 00 00 00 00 00 00 00 00 00 00 00  | ................
90b0: 00 00 00 00 00 00 00 00 00 00 00 00 00 00 00 00  | ................
90c0: 00 00 00 00 00 00 00 00 00 00 00 00 00 00 00 00  | ................
90d0: 00 00 00 00 00 00 00 00 00 00 00 00 00 00 00 00  | ................
90e0: 00 00 00 00 00 00 00 00 00 00 00 00 00 00 00 00  | ................
90f0: 00 00 00 00 00 00 00 00 00 00 00 00 00 00 00 00  | ................
9100: 00 00 00 00 00 00 00 00 00 00 00 00 00 00 00 00  | ................
9110: 00 00 00 00 00 00 00 00 00 00 00 00 00 00 00 00  | ................
9120: 00 00 00 00 00 00 00 00 00 00 00 00 00 00 00 00  | ................
9130: 00 00 00 00 00 00 00 00 00 00 00 00 00 00 00 00  | ................
9140: 00 00 00 00 00 00 00 00 00 00 00 00 00 00 00 00  | ................
9150: 00 00 00 00 00 00 00 00 00 00 00 00 00 00 00 00  | ................
9160: 00 00 00 00 00 00 00 00 00 00 00 00 00 00 00 00  | ................
9170: 00 00 00 00 00 00 00 00 00 00 00 00 00 00 00 00  | ................
9180: 00 00 00 00 00 00 00 00 00 00 00 00 00 00 00 00  | ................
9190: 00 00 00 00 00 00 00 00 00 00 00 00 00 00 00 00  | ................
91a0: 00 00 00 00 00 00 00 00 00 00 00 00 00 00 00 00  | ................
91b0: 00 00 00 00 00 00 00 00 00 00 00 00 00 00 00 00  | ................
91c0: 00 00 00 00 00 00 00 00 00 00 00 00 00 00 00 00  | ................
91d0: 00 00 00 00 00 00 00 00 00 00 00 00 00 00 00 00  | ................
91e0: 00 00 00 00 00 00 00 00 00 00 00 00 00 00 00 00  | ................
91f0: 00 00 00 00 00 00 00 00 00 00 00 00 00 00 00 00  | ................
9200: 00 00 00 00 00 00 00 00 00 00 00 00 00 00 00 00  | ................
9210: 00 00 00 00 00 00 00 00 00 00 00 00 00 00 00 00  | ................
9220: 00 00 00 00 00 00 00 00 00 00 00 00 00 00 00 00  | ................
9230: 00 00 00 00 00 00 00 00 00 00 00 00 00 00 00 00  | ................
9240: 00 00 00 00 00 00 00 00 00 00 00 00 00 00 00 00  | ................
9250: 00 00 00 00 00 00 00 00 00 00 00 00 00 00 00 00  | ................
9260: 00 00 00 00 00 00 00 00 00 00 00 00 00 00 00 00  | ................
9270: 00 00 00 00 00 00 00 00 00 00 00 00 00 00 00 00  | ................
9280: 00 00 00 00 00 00 00 00 00 00 00 00 00 00 00 00  | ................
9290: 00 00 00 00 00 00 00 00 00 00 00 00 00 00 00 00  | ................
92a0: 00 00 00 00 00 00 00 00 00 00 00 00 00 00 00 00  | ................
92b0: 00 00 00 00 00 00 00 00 00 00 00 00 00 00 00 00  | ................
92c0: 00 00 00 00 00 00 00 00 00 00 00 00 00 00 00 00  | ................
92d0: 00 00 00 00 00 00 00 00 00 00 00 00 00 00 00 00  | ................
92e0: 00 00 00 00 00 00 00 00 00 00 00 00 00 00 00 00  | ................
92f0: 00 00 00 00 00 00 00 00 00 00 00 00 00 00 00 00  | ................
9300: 00 00 00 00 00 00 00 00 00 00 00 00 00 00 00 00  | ................
9310: 00 00 00 00 00 00 00 00 00 00 00 00 00 00 00 00  | ................
9320: 00 00 00 00 00 00 00 00 00 00 00 00 00 00 00 00  | ................
9330: 00 00 00 00 00 00 00 00 00 00 00 00 00 00 00 00  | ................
9340: 00 00 00 00 00 00 00 00 00 00 00 00 00 00 00 00  | ................
9350: 00 00 00 00 00 00 00 00 00 00 00 00 00 00 00 00  | ................
9360: 00 00 00 00 00 00 00 00 00 00 00 00 00 00 00 00  | ................
9370: 00 00 00 00 00 00 00 00 00 00 00 00 00 00 00 00  | ................
9380: 00 00 00 00 00 00 00 00 00 00 00 00 00 00 00 00  | ................
9390: 00 00 00 00 00 00 00 00 00 00 00 00 00 00 00 00  | ................
93a0: 00 00 00 00 00 00 00 00 00 00 00 00 00 00 00 00  | ................
93b0: 00 00 00 00 00 00 00 00 00 00 00 00 00 00 00 00  | ................
93c0: 00 00 00 00 00 00 00 00 00 00 00 00 00 00 00 00  | ................
93d0: 00 00 00 00 00 00 00 00 00 00 00 00 00 00 00 00  | ................
93e0: 00 00 00 00 00 00 00 00 00 00 00 00 00 00 00 00  | ................
93f0: 00 00 00 00 00 00 00 00 00 00 00 00 00 00 00 00  | ................
9400: 00 00 00 00 00 00 00 00 00 00 00 00 00 00 00 00  | ................
9410: 00 00 00 00 00 00 00 00 00 00 00 00 00 00 00 00  | ................
9420: 00 00 00 00 00 00 00 00 00 00 00 00 00 00 00 00  | ................
9430: 00 00 00 00 00 00 00 00 00 00 00 00 00 00 00 00  | ................
9440: 00 00 00 00 00 00 00 00 00 00 00 00 00 00 00 00  | ................
9450: 00 00 00 00 00 00 00 00 00 00 00 00 00 00 00 00  | ................
9460: 00 00 00 00 00 00 00 00 00 00 00 00 00 00 00 00  | ................
9470: 00 00 00 00 00 00 00 00 00 00 00 00 00 00 00 00  | ................
9480: 00 00 00 00 00 00 00 00 00 00 00 00 00 00 00 00  | ................
9490: 00 00 00 00 00 00 00 00 00 00 00 00 00 00 00 00  | ................
94a0: 00 00 00 00 00 00 00 00 00 00 00 00 00 00 00 00  | ................
94b0: 00 00 00 00 00 00 00 00 00 00 00 00 00 00 00 00  | ................
94c0: 00 00 00 00 00 00 00 00 00 00 00 00 00 00 00 00  | ................
94d0: 00 00 00 00 00 00 00 00 00 00 00 00 00 00 00 00  | ................
94e0: 00 00 00 00 00 00 00 00 00 00 00 00 00 00 00 00  | ................
94f0: 00 00 00 00 00 00 00 00 00 00 00 00 00 00 00 00  | ................
9500: 00 00 00 00 00 00 00 00 00 00 00 00 00 00 00 00  | ................
9510: 00 00 00 00 00 00 00 00 00 00 00 00 00 00 00 00  | ................
9520: 00 00 00 00 00 00 00 00 00 00 00 00 00 00 00 00  | ................
9530: 00 00 00 00 00 00 00 00 00 00 00 00 00 00 00 00  | ................
9540: 00 00 00 00 00 00 00 00 00 00 00 00 00 00 00 00  | ................
9550: 00 00 00 00 00 00 00 00 00 00 00 00 00 00 00 00  | ................
9560: 00 00 00 00 00 00 00 00 00 00 00 00 00 00 00 00  | ................
9570: 00 00 00 00 00 00 00 00 00 00 00 00 00 00 00 00  | ................
9580: 00 00 00 00 00 00 00 00 00 00 00 00 00 00 00 00  | ................
9590: 00 00 00 00 00 00 00 00 00 00 00 00 00 00 00 00  | ................
95a0: 00 00 00 00 00 00 00 00 00 00 00 00 00 00 00 00  | ................
95b0: 00 00 00 00 00 00 00 00 00 00 00 00 00 00 00 00  | ................
95c0: 00 00 00 00 00 00 00 00 00 00 00 00 00 00 00 00  | ................
95d0: 00 00 00 00 00 00 00 00 00 00 00 00 00 00 00 00  | ................
95e0: 00 00 00 00 00 00 00 00 00 00 00 00 00 00 00 00  | ................
95f0: 00 00 00 00 00 00 00 00 00 00 00 00 00 00 00 00  | ................
9600: 00 00 00 00 00 00 00 00 00 00 00 00 00 00 00 00  | ................
9610: 00 00 00 00 00 00 00 00 00 00 00 00 00 00 00 00  | ................
9620: 00 00 00 00 00 00 00 00 00 00 00 00 00 00 00 00  | ................
9630: 00 00 00 00 00 00 00 00 00 00 00 00 00 00 00 00  | ................
9640: 00 00 00 00 00 00 00 00 00 00 00 00 00 00 00 00  | ................
9650: 00 00 00 00 00 00 00 00 00 00 00 00 00 00 00 00  | ................
9660: 00 00 00 00 00 00 00 00 00 00 00 00 00 00 00 00  | ................
9670: 00 00 00 00 00 00 00 00 00 00 00 00 00 00 00 00  | ................
9680: 00 00 00 00 00 00 00 00 00 00 00 00 00 00 00 00  | ................
9690: 00 00 00 00 00 00 00 00 00 00 00 00 00 00 00 00  | ................
96a0: 00 00 00 00 00 00 00 00 00 00 00 00 00 00 00 00  | ................
96b0: 00 00 00 00 00 00 00 00 00 00 00 00 00 00 00 00  | ................
96c0: 00 00 00 00 00 00 00 00 00 00 00 00 00 00 00 00  | ................
96d0: 00 00 00 00 00 00 00 00 00 00 00 00 00 00 00 00  | ................
96e0: 00 00 00 00 00 00 00 00 00 00 00 00 00 00 00 00  | ................
96f0: 00 00 00 00 00 00 00 00 00 00 00 00 00 00 00 00  | ................
9700: 00 00 00 00 00 00 00 00 00 00 00 00 00 00 00 00  | ................
9710: 00 00 00 00 00 00 00 00 00 00 00 00 00 00 00 00  | ................
9720: 00 00 00 00 00 00 00 00 00 00 00 00 00 00 00 00  | ................
9730: 00 00 00 00 00 00 00 00 00 00 00 00 00 00 00 00  | ................
9740: 00 00 00 00 00 00 00 00 00 00 00 00 00 00 00 00  | ................
9750: 00 00 00 00 00 00 00 00 00 00 00 00 00 00 00 00  | ................
9760: 00 00 00 00 00 00 00 00 00 00 00 00 00 00 00 00  | ................
9770: 00 00 00 00 00 00 00 00 00 00 00 00 00 00 00 00  | ................
9780: 00 00 00 00 00 00 00 00 00 00 00 00 00 00 00 00  | ................
9790: 00 00 00 00 00 00 00 00 00 00 00 00 00 00 00 00  | ................
97a0: 00 00 00 00 00 00 00 00 00 00 00 00 00 00 00 00  | ................
97b0: 00 00 00 00 00 00 00 00 00 00 00 00 00 00 00 00  | ................
97c0: 00 00 00 00 00 00 00 00 00 00 00 00 00 00 00 00  | ................
97d0: 00 00 00 00 00 00 00 00 00 00 00 00 00 00 00 00  | ................
97e0: 00 00 00 00 00 00 00 00 00 00 00 00 00 00 00 00  | ................
97f0: 00 00 00 00 00 00 00 00 00 00 00 00 00 00 00 00  | ................
9800: 00 00 00 00 00 00 00 00 00 00 00 00 00 00 00 00  | ................
9810: 00 00 00 00 00 00 00 00 00 00 00 00 00 00 00 00  | ................
9820: 00 00 00 00 00 00 00 00 00 00 00 00 00 00 00 00  | ................
9830: 00 00 00 00 00 00 00 00 00 00 00 00 00 00 00 00  | ................
9840: 00 00 00 00 00 00 00 00 00 00 00 00 00 00 00 00  | ................
9850: 00 00 00 00 00 00 00 00 00 00 00 00 00 00 00 00  | ................
9860: 00 00 00 00 00 00 00 00 00 00 00 00 00 00 00 00  | ................
9870: 00 00 00 00 00 00 00 00 00 00 00 00 00 00 00 00  | ................
9880: 00 00 00 00 00 00 00 00 00 00 00 00 00 00 00 00  | ................
9890: 00 00 00 00 00 00 00 00 00 00 00 00 00 00 00 00  | ................
98a0: 00 00 00 00 00 00 00 00 00 00 00 00 00 00 00 00  | ................
98b0: 00 00 00 00 00 00 00 00 00 00 00 00 00 00 00 00  | ................
98c0: 00 00 00 00 00 00 00 00 00 00 00 00 00 00 00 00  | ................
98d0: 00 00 00 00 00 00 00 00 00 00 00 00 00 00 00 00  | ................
98e0: 00 00 00 00 00 00 00 00 00 00 00 00 00 00 00 00  | ................
98f0: 00 00 00 00 00 00 00 00 00 00 00 00 00 00 00 00  | ................
9900: 00 00 00 00 00 00 00 00 00 00 00 00 00 00 00 00  | ................
9910: 00 00 00 00 00 00 00 00 00 00 00 00 00 00 00 00  | ................
9920: 00 00 00 00 00 00 00 00 00 00 00 00 00 00 00 00  | ................
9930: 00 00 00 00 00 00 00 00 00 00 00 00 00 00 00 00  | ................
9940: 00 00 00 00 00 00 00 00 00 00 00 00 00 00 00 00  | ................
9950: 00 00 00 00 00 00 00 00 00 00 00 00 00 00 00 00  | ................
9960: 00 00 00 00 00 00 00 00 00 00 00 00 00 00 00 00  | ................
9970: 00 00 00 00 00 00 00 00 00 00 00 00 00 00 00 00  | ................
9980: 00 00 00 00 00 00 00 00 00 00 00 00 00 00 00 00  | ................
9990: 00 00 00 00 00 00 00 00 00 00 00 00 00 00 00 00  | ................
99a0: 00 00 00 00 00 00 00 00 00 00 00 00 00 00 00 00  | ................
99b0: 00 00 00 00 00 00 00 00 00 00 00 00 00 00 00 00  | ................
99c0: 00 00 00 00 00 00 00 00 00 00 00 00 00 00 00 00  | ................
99d0: 00 00 00 00 00 00 00 00 00 00 00 00 00 00 00 00  | ................
99e0: 00 00 00 00 00 00 00 00 00 00 00 00 00 00 00 00  | ................
99f0: 00 00 00 00 00 00 00 00 00 00 00 00 00 00 00 00  | ................
9a00: 00 00 00 00 00 00 00 00 00 00 00 00 00 00 00 00  | ................
9a10: 00 00 00 00 00 00 00 00 00 00 00 00 00 00 00 00  | ................
9a20: 00 00 00 00 00 00 00 00 00 00 00 00 00 00 00 00  | ................
9a30: 00 00 00 00 00 00 00 00 00 00 00 00 00 00 00 00  | ................
9a40: 00 00 00 00 00 00 00 00 00 00 00 00 00 00 00 00  | ................
9a50: 00 00 00 00 00 00 00 00 00 00 00 00 00 00 00 00  | ................
9a60: 00 00 00 00 00 00 00 00 00 00 00 00 00 00 00 00  | ................
9a70: 00 00 00 00 00 00 00 00 00 00 00 00 00 00 00 00  | ................
9a80: 00 00 00 00 00 00 00 00 00 00 00 00 00 00 00 00  | ................
9a90: 00 00 00 00 00 00 00 00 00 00 00 00 00 00 00 00  | ................
9aa0: 00 00 00 00 00 00 00 00 00 00 00 00 00 00 00 00  | ................
9ab0: 00 00 00 00 00 00 00 00 00 00 00 00 00 00 00 00  | ................
9ac0: 00 00 00 00 00 00 00 00 00 00 00 00 00 00 00 00  | ................
9ad0: 00 00 00 00 00 00 00 00 00 00 00 00 00 00 00 00  | ................
9ae0: 00 00 00 00 00 00 00 00 00 00 00 00 00 00 00 00  | ................
9af0: 00 00 00 00 00 00 00 00 00 00 00 00 00 00 00 00  | ................
9b00: 00 00 00 00 00 00 00 00 00 00 00 00 00 00 00 00  | ................
9b10: 00 00 00 00 00 00 00 00 00 00 00 00 00 00 00 00  | ................
9b20: 00 00 00 00 00 00 00 00 00 00 00 00 00 00 00 00  | ................
9b30: 00 00 00 00 00 00 00 00 00 00 00 00 00 00 00 00  | ................
9b40: 00 00 00 00 00 00 00 00 00 00 00 00 00 00 00 00  | ................
9b50: 00 00 00 00 00 00 00 00 00 00 00 00 00 00 00 00  | ................
9b60: 00 00 00 00 00 00 00 00 00 00 00 00 00 00 00 00  | ................
9b70: 00 00 00 00 00 00 00 00 00 00 00 00 00 00 00 00  | ................
9b80: 00 00 00 00 00 00 00 00 00 00 00 00 00 00 00 00  | ................
9b90: 00 00 00 00 00 00 00 00 00 00 00 00 00 00 00 00  | ................
9ba0: 00 00 00 00 00 00 00 00 00 00 00 00 00 00 00 00  | ................
9bb0: 00 00 00 00 00 00 00 00 00 00 00 00 00 00 00 00  | ................
9bc0: 00 00 00 00 00 00 00 00 00 00 00 00 00 00 00 00  | ................
9bd0: 00 00 00 00 00 00 00 00 00 00 00 00 00 00 00 00  | ................
9be0: 00 00 00 00 00 00 00 00 00 00 00 00 00 00 00 00  | ................
9bf0: 00 00 00 00 00 00 00 00 00 00 00 00 00 00 00 00  | ................
9c00: 00 00 00 00 00 00 00 00 00 00 00 00 00 00 00 00  | ................
9c10: 00 00 00 00 00 00 00 00 00 00 00 00 00 00 00 00  | ................
9c20: 00 00 00 00 00 00 00 00 00 00 00 00 00 00 00 00  | ................
9c30: 00 00 00 00 00 00 00 00 00 00 00 00 00 00 00 00  | ................
9c40: 00 00 00 00 00 00 00 00 00 00 00 00 00 00 00 00  | ................
9c50: 00 00 00 00 00 00 00 00 00 00 00 00 00 00 00 00  | ................
9c60: 00 00 00 00 00 00 00 00 00 00 00 00 00 00 00 00  | ................
9c70: 00 00 00 00 00 00 00 00 00 00 00 00 00 00 00 00  | ................
9c80: 00 00 00 00 00 00 00 00 00 00 00 00 00 00 00 00  | ................
9c90: 00 00 00 00 00 00 00 00 00 00 00 00 00 00 00 00  | ................
9ca0: 00 00 00 00 00 00 00 00 00 00 00 00 00 00 00 00  | ................
9cb0: 00 00 00 00 00 00 00 00 00 00 00 00 00 00 00 00  | ................
9cc0: 00 00 00 00 00 00 00 00 00 00 00 00 00 00 00 00  | ................
9cd0: 00 00 00 00 00 00 00 00 00 00 00 00 00 00 00 00  | ................
9ce0: 00 00 00 00 00 00 00 00 00 00 00 00 00 00 00 00  | ................
9cf0: 00 00 00 00 00 00 00 00 00 00 00 00 00 00 00 00  | ................
9d00: 00 00 00 00 00 00 00 00 00 00 00 00 00 00 00 00  | ................
9d10: 00 00 00 00 00 00 00 00 00 00 00 00 00 00 00 00  | ................
9d20: 00 00 00 00 00 00 00 00 00 00 00 00 00 00 00 00  | ................
9d30: 00 00 00 00 00 00 00 00 00 00 00 00 00 00 00 00  | ................
9d40: 00 00 00 00 00 00 00 00 00 00 00 00 00 00 00 00  | ................
9d50: 00 00 00 00 00 00 00 00 00 00 00 00 00 00 00 00  | ................
9d60: 00 00 00 00 00 00 00 00 00 00 00 00 00 00 00 00  | ................
9d70: 00 00 00 00 00 00 00 00 00 00 00 00 00 00 00 00  | ................
9d80: 00 00 00 00 00 00 00 00 00 00 00 00 00 00 00 00  | ................
9d90: 00 00 00 00 00 00 00 00 00 00 00 00 00 00 00 00  | ................
9da0: 00 00 00 00 00 00 00 00 00 00 00 00 00 00 00 00  | ................
9db0: 00 00 00 00 00 00 00 00 00 00 00 00 00 00 00 00  | ................
9dc0: 00 00 00 00 00 00 00 00 00 00 00 00 00 00 00 00  | ................
9dd0: 00 00 00 00 00 00 00 00 00 00 00 00 00 00 00 00  | ................
9de0: 00 00 00 00 00 00 00 00 00 00 00 00 00 00 00 00  | ................
9df0: 00 00 00 00 00 00 00 00 00 00 00 00 00 00 00 00  | ................
9e00: 00 00 00 00 00 00 00 00 00 00 00 00 00 00 00 00  | ................
9e10: 00 00 00 00 00 00 00 00 00 00 00 00 00 00 00 00  | ................
9e20: 00 00 00 00 00 00 00 00 00 00 00 00 00 00 00 00  | ................
9e30: 00 00 00 00 00 00 00 00 00 00 00 00 00 00 00 00  | ................
9e40: 00 00 00 00 00 00 00 00 00 00 00 00 00 00 00 00  | ................
9e50: 00 00 00 00 00 00 00 00 00 00 00 00 00 00 00 00  | ................
9e60: 00 00 00 00 00 00 00 00 00 00 00 00 00 00 00 00  | ................
9e70: 00 00 00 00 00 00 00 00 00 00 00 00 00 00 00 00  | ................
9e80: 00 00 00 00 00 00 00 00 00 00 00 00 00 00 00 00  | ................
9e90: 00 00 00 00 00 00 00 00 00 00 00 00 00 00 00 00  | ................
9ea0: 00 00 00 00 00 00 00 00 00 00 00 00 00 00 00 00  | ................
9eb0: 00 00 00 00 00 00 00 00 00 00 00 00 00 00 00 00  | ................
9ec0: 00 00 00 00 00 00 00 00 00 00 00 00 00 00 00 00  | ................
9ed0: 00 00 00 00 00 00 00 00 00 00 00 00 00 00 00 00  | ................
9ee0: 00 00 00 00 00 00 00 00 00 00 00 00 00 00 00 00  | ................
9ef0: 00 00 00 00 00 00 00 00 00 00 00 00 00 00 00 00  | ................
9f00: 00 00 00 00 00 00 00 00 00 00 00 00 00 00 00 00  | ................
9f10: 00 00 00 00 00 00 00 00 00 00 00 00 00 00 00 00  | ................
9f20: 00 00 00 00 00 00 00 00 00 00 00 00 00 00 00 00  | ................
9f30: 00 00 00 00 00 00 00 00 00 00 00 00 00 00 00 00  | ................
9f40: 00 00 00 00 00 00 00 00 00 00 00 00 00 00 00 00  | ................
9f50: 00 00 00 00 00 00 00 00 00 00 00 00 00 00 00 00  | ................
9f60: 00 00 00 00 00 00 00 00 00 00 00 00 00 00 00 00  | ................
9f70: 00 00 00 00 00 00 00 00 00 00 00 00 00 00 00 00  | ................
9f80: 00 00 00 00 00 00 00 00 00 00 00 00 00 00 00 00  | ................
9f90: 00 00 00 00 00 00 00 00 00 00 00 00 00 00 00 00  | ................
9fa0: 00 00 00 00 00 00 00 00 00 00 00 00 00 00 00 00  | ................
9fb0: 00 00 00 00 00 00 00 00 00 00 00 00 00 00 00 00  | ................
9fc0: 00 00 00 00 00 00 00 00 00 00 00 00 00 00 00 00  | ................
9fd0: 00 00 00 00 00 00 00 00 00 00 00 00 00 00 00 00  | ................
9fe0: 00 00 00 00 00 00 00 00 00 00 00 00 00 00 00 00  | ................
9ff0: 00 00 00 00 00 00 00 00 00 00 00 00 00 00 00 00  | ................
a000: 20 1c 20 1c 20 1c 20 1c 20 1c 20 1c 20 1c 20 1c  |  . . . . . . . .
a010: 20 1c 20 1c 20 1c 20 1c 20 1c 20 1c 20 1c 20 1c  |  . . . . . . . .
a020: 20 1c 20 1c 20 1c 20 1c 20 1c 20 1c 20 1c 20 1c  |  . . . . . . . .
a030: 20 1c 20 1c 20 1c 20 1c 20 1c 20 1c 20 1c 20 1c  |  . . . . . . . .
a040: 20 1c 20 1c 20 1c 20 1c 20 1c 20 1c 20 1c 20 1c  |  . . . . . . . .
a050: 20 1c 20 1c 20 1c 20 1c 20 1c 20 1c 20 1c 20 1c  |  . . . . . . . .
a060: 20 1c 20 1c 20 1c 20 1c 20 1c 20 1c 20 1c 20 1c  |  . . . . . . . .
a070: 20 1c 20 1c 20 1c 20 1c 20 1c 20 1c 20 1c 20 1c  |  . . . . . . . .
a080: 20 1c 20 1c 20 1c 20 1c 20 1c 20 1c 20 1c 20 1c  |  . . . . . . . .
a090: 20 1c 20 1c 20 1c 20 1c 20 1c 20 1c 20 1c 20 1c  |  . . . . . . . .
a0a0: 20 1c 20 1c 20 1c 20 1c 20 1c 20 1c 20 1c 20 1c  |  . . . . . . . .
a0b0: 20 1c 20 1c 20 1c 20 1c 20 1c 20 1c 20 1c 20 1c  |  . . . . . . . .
a0c0: 20 1c 20 1c 20 1c 20 1c 20 1c 20 1c 20 1c 20 1c  |  . . . . . . . .
a0d0: 20 1c 20 1c 20 1c 20 1c 20 1c 20 1c 20 1c 20 1c  |  . . . . . . . .
a0e0: 20 1c 20 1c 20 1c 20 1c 20 1c 20 1c 20 1c 20 1c  |  . . . . . . . .
a0f0: 20 1c 20 1c 20 1c 20 1c 20 1c 20 1c 20 1c 20 1c  |  . . . . . . . .
a100: 20 1c 20 1c 20 1c 20 1c 20 1c 20 1c 20 1c 20 1c  |  . . . . . . . .
a110: 20 1c 20 1c 20 1c 20 1c 20 1c 20 1c 20 1c 20 1c  |  . . . . . . . .
a120: 20 1c 20 1c 20 1c 20 1c 20 1c 20 1c 20 1c 20 1c  |  . . . . . . . .
a130: 20 1c 20 1c 20 1c 20 1c 20 1c 20 1c 20 1c 20 1c  |  . . . . . . . .
a140: 20 1c 20 1c 20 1c 20 1c 20 1c 20 1c 20 1c 20 1c  |  . . . . . . . .
a150: 68 1d 69 1d e0 1d e1 1d c6 1d c7 1d a0 1d a1 1d  | h.i.............
a160: ca 1d cb 1d 4e 1d 4f 1d 2c 1d 2d 1d 68 1d 69 1d  | ....N.O.,.-.h.i.
a170: 20 1c 20 1c 20 1c 20 1c 20 1c 20 1c 20 1c 20 1c  |  . . . . . . . .
a180: 20 1c 20 1c 20 1c 20 1c 20 1c 20 1c 20 1c 20 1c  |  . . . . . . . .
a190: 78 1d 79 1d f0 1d f1 1d d6 1d d7 1d b0 1d b1 1d  | x.y.............
a1a0: da 1d db 1d 5e 1d 5f 1d 3c 1d 3d 1d 78 1d 79 1d  | ....^._.<.=.x.y.
a1b0: 20 1c 20 1c 20 1c 20 1c 20 1c 20 1c 20 1c 20 1c  |  . . . . . . . .
a1c0: 20 1c 20 1c 20 1c 20 1c 20 1c 20 1c 20 1c 20 1c  |  . . . . . . . .
a1d0: 20 1c 20 1c 20 1c 20 1c 20 1c 20 1c 20 1c 20 1c  |  . . . . . . . .
a1e0: 20 1c 20 1c 20 1c 20 1c 20 1c 20 1c 20 1c 20 1c  |  . . . . . . . .
a1f0: 20 1c 20 1c 20 1c 20 1c 20 1c 20 1c 20 1c 20 1c  |  . . . . . . . .
a200: 20 1c 20 1c 20 1c 20 1c 20 1c 20 1c 20 1c 20 1c  |  . . . . . . . .
a210: 20 1c 20 1c 20 1c 20 1c 20 1c 20 1c 20 1c 20 1c  |  . . . . . . . .
a220: 20 1c 20 1c 20 1c 20 1c 20 1c 20 1c 20 1c 20 1c  |  . . . . . . . .
a230: 20 1c 20 1c 20 1c 20 1c 20 1c 20 1c 20 1c 20 1c  |  . . . . . . . .
a240: 20 1c 20 1c 20 1c 20 1c 20 1c 20 1c 20 1c 20 1c  |  . . . . . . . .
a250: 20 1c 20 1c 20 1c 20 1c 20 1c 20 1c 20 1c 20 1c  |  . . . . . . . .
a260: 20 1c 20 1c 20 1c 20 1c 20 1c 20 1c 20 1c 20 1c  |  . . . . . . . .
a270: 20 1c 20 1c 20 1c 20 1c 20 1c 20 1c 20 1c 20 1c  |  . . . . . . . .
a280: 20 1c 20 1c 20 1c 20 1c 20 1c 20 1c 20 1c 20 1c  |  . . . . . . . .
a290: 20 1c 20 1c 20 1c 20 1c 20 1c 20 1c 20 1c 20 1c  |  . . . . . . . .
a2a0: 20 1c 20 1c 20 1c 20 1c 20 1c 20 1c 20 1c 20 1c  |  . . . . . . . .
a2b0: 20 1c 20 1c 20 1c 20 1c 20 1c 20 1c 20 1c 20 1c  |  . . . . . . . .
a2c0: 20 1c 20 1c 20 1c 20 1c 20 1c 20 1c 20 1c 20 1c  |  . . . . . . . .
a2d0: 20 1c 20 1c 20 1c 20 1c 20 1c 20 1c 20 1c 20 1c  |  . . . . . . . .
a2e0: 20 1c 20 1c 20 1c 20 1c 20 1c 20 1c 20 1c 20 1c  |  . . . . . . . .
a2f0: 20 1c 20 1c 20 1c 20 1c 20 1c 20 1c 20 1c 20 1c  |  . . . . . . . .
a300: 20 1c 20 1c 20 1c 20 1c 20 1c 20 1c 20 1c 20 1c  |  . . . . . . . .
a310: 20 1c 20 1c 20 1c 20 1c 6a 1d 6b 1d 2c 1d 2d 1d  |  . . . .j.k.,.-.
a320: 68 1d 69 1d 6a 1d 6b 1d 20 1c 20 1c 20 1c 20 1c  | h.i.j.k. . . . .
a330: 20 1c 20 1c 20 1c 20 1c 20 1c 20 1c 20 1c 20 1c  |  . . . . . . . .
a340: 20 1c 20 1c 20 1c 20 1c 20 1c 20 1c 20 1c 20 1c  |  . . . . . . . .
a350: 20 1c 20 1c 20 1c 20 1c 7a 1d 7b 1d 3c 1d 3d 1d  |  . . . .z.{.<.=.
a360: 78 1d 79 1d 7a 1d 7b 1d 20 1c 20 1c 20 1c 20 1c  | x.y.z.{. . . . .
a370: 20 1c 20 1c 20 1c 20 1c 20 1c 20 1c 20 1c 20 1c  |  . . . . . . . .
a380: 20 1c 20 1c 20 1c 20 1c 20 1c 20 1c 20 1c 20 1c  |  . . . . . . . .
a390: 20 1c 20 1c 20 1c 20 1c 20 1c 20 1c 20 1c 20 1c  |  . . . . . . . .
a3a0: 20 1c 20 1c 20 1c 20 1c 20 1c 20 1c 20 1c 20 1c  |  . . . . . . . .
a3b0: 20 1c 20 1c 20 1c 20 1c 20 1c 20 1c 20 1c 20 1c  |  . . . . . . . .
a3c0: 20 1c 20 1c 20 1c 20 1c 20 1c 20 1c 20 1c 20 1c  |  . . . . . . . .
a3d0: 20 1c 20 1c 20 1c 20 1c 20 1c 20 1c 20 1c 20 1c  |  . . . . . . . .
a3e0: 20 1c 20 1c 20 1c 20 1c 20 1c 20 1c 20 1c 20 1c  |  . . . . . . . .
a3f0: 20 1c 20 1c 20 1c 20 1c 20 1c 20 1c 20 1c 20 1c  |  . . . . . . . .
a400: 20 1c 20 1c 20 1c 20 1c 20 1c 20 1c 20 1c 20 1c  |  . . . . . . . .
a410: 20 1c 20 1c 20 1c 20 1c 20 1c 20 1c 20 1c 20 1c  |  . . . . . . . .
a420: 20 1c 20 1c 20 1c 20 1c 20 1c 20 1c 20 1c 20 1c  |  . . . . . . . .
a430: 20 1c 20 1c 20 1c 20 1c 20 1c 20 1c 20 1c 20 1c  |  . . . . . . . .
a440: 20 1c 20 1c 20 1c 20 1c 20 1c 20 1c 20 1c 20 1c  |  . . . . . . . .
a450: 20 1c 20 1c 20 1c 20 1c 20 1c 20 1c 20 1c 20 1c  |  . . . . . . . .
a460: 20 1c 20 1c 20 1c 20 1c 20 1c 20 1c 20 1c 20 1c  |  . . . . . . . .
a470: 20 1c 20 1c 20 1c 20 1c 20 1c 20 1c 20 1c 20 1c  |  . . . . . . . .
a480: 20 1c 20 1c 20 1c 20 1c 20 1c 20 1c 20 1c 20 1c  |  . . . . . . . .
a490: 20 1c 20 1c 20 1c 20 1c 20 1c 20 1c 20 1c 20 1c  |  . . . . . . . .
a4a0: 20 1c 20 1c 20 1c 20 1c 20 1c 20 1c 20 1c 20 1c  |  . . . . . . . .
a4b0: 20 1c 20 1c 20 1c 20 1c 20 1c 20 1c 20 1c 20 1c  |  . . . . . . . .
a4c0: 20 1c 20 1c 20 1c 20 1c 20 1c 20 1c 20 1c 20 1c  |  . . . . . . . .
a4d0: 26 1d 27 1d 40 1d 41 1d 20 1c 4c 1d 4d 1d 60 1d  | &.'.@.A. .L.M.`.
a4e0: 61 1d 2a 1d 2b 1d 2c 1d 2d 1d 20 1c 00 1d 01 1d  | a.*.+.,.-. .....
a4f0: 20 1c 20 1c 20 1c 20 1c 20 1c 20 1c 20 1c 20 1c  |  . . . . . . . .
a500: 20 1c 20 1c 20 1c 20 1c 20 1c 20 1c 20 1c 20 1c  |  . . . . . . . .
a510: 36 1d 37 1d 50 1d 51 1d 20 1c 5c 1d 5d 1d 70 1d  | 6.7.P.Q. .\.].p.
a520: 71 1d 3a 1d 3b 1d 3c 1d 3d 1d 20 1c 10 1d 11 1d  | q.:.;.<.=. .....
a530: 20 1c 20 1c 20 1c 20 1c 20 1c 20 1c 20 1c 20 1c  |  . . . . . . . .
a540: 20 1c 20 1c 20 1c 20 1c 20 1c 20 1c 20 1c 20 1c  |  . . . . . . . .
a550: 20 1c 20 1c 20 1c 20 1c 20 1c 20 1c 20 1c 20 1c  |  . . . . . . . .
a560: 20 1c 20 1c 20 1c 20 1c 20 1c 20 1c 20 1c 20 1c  |  . . . . . . . .
a570: 20 1c 20 1c 20 1c 20 1c 20 1c 20 1c 20 1c 20 1c  |  . . . . . . . .
a580: 20 1c 20 1c 20 1c 20 1c 20 1c 20 1c 20 1c 20 1c  |  . . . . . . . .
a590: 20 1c 20 1c 20 1c 20 1c 20 1c 20 1c 20 1c 20 1c  |  . . . . . . . .
a5a0: 20 1c 20 1c 20 1c 20 1c 20 1c 20 1c 20 1c 20 1c  |  . . . . . . . .
a5b0: 20 1c 20 1c 20 1c 20 1c 20 1c 20 1c 20 1c 20 1c  |  . . . . . . . .
a5c0: 20 1c 20 1c 20 1c 20 1c 20 1c 20 1c 20 1c 20 1c  |  . . . . . . . .
a5d0: 20 1c 20 1c 20 1c 20 1c 20 1c 20 1c 20 1c 20 1c  |  . . . . . . . .
a5e0: 20 1c 20 1c 20 1c 20 1c 20 1c 20 1c 20 1c 20 1c  |  . . . . . . . .
a5f0: 20 1c 20 1c 20 1c 20 1c 20 1c 20 1c 20 1c 20 1c  |  . . . . . . . .
a600: 20 1c 20 1c 20 1c 20 1c 20 1c 20 1c 20 1c 20 1c  |  . . . . . . . .
a610: 20 1c 20 1c 20 1c 20 1c 20 1c 20 1c 20 1c 20 1c  |  . . . . . . . .
a620: 20 1c 20 1c 20 1c 20 1c 20 1c 20 1c 20 1c 20 1c  |  . . . . . . . .
a630: 20 1c 20 1c 20 1c 20 1c 20 1c 20 1c 20 1c 20 1c  |  . . . . . . . .
a640: 20 1c 20 1c 20 1c 20 1c 20 1c 20 1c 20 1c 20 1c  |  . . . . . . . .
a650: 20 1c 20 1c 20 1c 20 1c 20 1c 20 1c 20 1c 20 1c  |  . . . . . . . .
a660: 20 1c 20 1c 20 1c 20 1c 20 1c 20 1c 20 1c 20 1c  |  . . . . . . . .
a670: 20 1c 20 1c 20 1c 20 1c 20 1c 20 1c 20 1c 20 1c  |  . . . . . . . .
a680: 20 1c 20 1c 20 1c 20 1c 20 1c 20 1c 20 1c 20 1c  |  . . . . . . . .
a690: 20 1c 20 1c 20 1c 20 1c 20 1c 20 1c 20 1c 20 1c  |  . . . . . . . .
a6a0: 20 1c 20 1c 20 1c 20 1c 20 1c 20 1c 20 1c 20 1c  |  . . . . . . . .
a6b0: 0a 1c 0b 1c 0c 1c 0d 1c 0e 1c 0f 1c 20 1c 20 1c  | ............ . .
a6c0: 20 1c 20 1c 20 1c 20 1c 20 1c 20 1c 20 1c 20 1c  |  . . . . . . . .
a6d0: 20 1c 20 1c 20 1c 20 1c 20 1c 20 1c 20 1c 20 1c  |  . . . . . . . .
a6e0: 20 1c 20 1c 20 1c 20 1c 20 1c 20 1c 20 1c 20 1c  |  . . . . . . . .
a6f0: 20 1c 20 1c 20 1c 20 1c 20 1c 20 1c 20 1c 20 1c  |  . . . . . . . .
a700: 20 1c 20 1c 20 1c 20 1c 20 1c 20 1c 20 1c 20 1c  |  . . . . . . . .
a710: 20 1c 20 1c 20 1c 20 1c 20 1c 20 1c 20 1c 20 1c  |  . . . . . . . .
a720: 20 1c 20 1c 20 1c 20 1c 20 1c 20 1c 20 1c 20 1c  |  . . . . . . . .
a730: 20 1c 20 1c 20 1c 20 1c 20 1c 20 1c 20 1c 20 1c  |  . . . . . . . .
a740: 20 1c 20 1c 20 1c 20 1c 20 1c 20 1c 20 1c 20 1c  |  . . . . . . . .
a750: 20 1c 20 1c 20 1c 20 1c 20 1c 20 1c 20 1c 20 1c  |  . . . . . . . .
a760: 20 1c 20 1c 20 1c 20 1c 20 1c 20 1c 20 1c 20 1c  |  . . . . . . . .
a770: 20 1c 20 1c 20 1c 20 1c 20 1c 20 1c 20 1c 20 1c  |  . . . . . . . .
a780: 20 1c 20 1c 20 1c 20 1c 20 1c 20 1c 20 1c 20 1c  |  . . . . . . . .
a790: 20 1c 20 1c 20 1c 20 1c 20 1c 20 1c 20 1c 20 1c  |  . . . . . . . .
a7a0: 20 1c 20 1c 20 1c 20 1c 20 1c 20 1c 20 1c 20 1c  |  . . . . . . . .
a7b0: 20 1c 20 1c 20 1c 20 1c 20 1c 20 1c 20 1c 20 1c  |  . . . . . . . .
a7c0: 20 1c 20 1c 20 1c 20 1c 20 1c 20 1c 20 1c 20 1c  |  . . . . . . . .
a7d0: 20 1c 20 1c 20 1c 20 1c 20 1c 20 1c 20 1c 20 1c  |  . . . . . . . .
a7e0: 20 1c 20 1c 20 1c 20 1c 20 1c 20 1c 20 1c 20 1c  |  . . . . . . . .
a7f0: 20 1c 20 1c 20 1c 20 1c 20 1c 20 1c 20 1c 20 1c  |  . . . . . . . .
a800: 20 04 20 04 20 04 20 04 20 04 20 04 20 04 20 04  |  . . . . . . . .
a810: 20 04 20 04 20 04 20 04 20 04 20 04 20 04 20 04  |  . . . . . . . .
a820: 20 04 20 04 20 04 20 04 20 04 20 04 20 04 20 04  |  . . . . . . . .
a830: 20 04 20 04 20 04 20 04 20 04 20 04 20 04 20 04  |  . . . . . . . .
a840: 20 04 20 04 20 04 20 04 20 04 20 04 20 04 20 04  |  . . . . . . . .
a850: 20 04 20 04 20 04 20 04 20 04 20 04 20 04 20 04  |  . . . . . . . .
a860: 20 04 20 04 20 04 20 04 20 04 20 04 20 04 20 04  |  . . . . . . . .
a870: 20 04 20 04 20 04 20 04 20 04 20 04 20 04 20 04  |  . . . . . . . .
a880: 20 04 20 04 20 04 20 04 20 04 20 04 20 04 20 04  |  . . . . . . . .
a890: 20 04 20 04 20 04 20 04 20 04 20 04 20 04 20 04  |  . . . . . . . .
a8a0: 20 04 20 04 20 04 20 04 20 04 20 04 20 04 20 04  |  . . . . . . . .
a8b0: 20 04 20 04 20 04 20 04 20 04 20 04 20 04 20 04  |  . . . . . . . .
a8c0: 20 04 20 04 20 04 20 04 20 04 20 04 20 04 20 04  |  . . . . . . . .
a8d0: 20 04 20 04 20 04 20 04 20 04 20 04 20 04 20 04  |  . . . . . . . .
a8e0: 20 04 20 04 20 04 20 04 20 04 20 04 20 04 20 04  |  . . . . . . . .
a8f0: 20 04 20 04 20 04 20 04 20 04 20 04 20 04 20 04  |  . . . . . . . .
a900: 20 04 20 04 20 04 20 04 20 04 20 04 20 04 20 04  |  . . . . . . . .
a910: 20 04 20 04 20 04 20 04 20 04 20 04 20 04 20 04  |  . . . . . . . .
a920: 20 04 20 04 20 04 20 04 20 04 20 04 20 04 20 04  |  . . . . . . . .
a930: 20 04 20 04 20 04 20 04 20 04 20 04 20 04 20 04  |  . . . . . . . .
a940: 20 04 20 04 20 04 20 04 20 04 20 04 20 04 20 04  |  . . . . . . . .
a950: 68 05 69 05 e0 05 e1 05 c6 05 c7 05 a0 05 a1 05  | h.i.............
a960: ca 05 cb 05 4e 05 4f 05 2c 05 2d 05 68 05 69 05  | ....N.O.,.-.h.i.
a970: 20 04 20 04 20 04 20 04 20 04 20 04 20 04 20 04  |  . . . . . . . .
a980: 20 04 20 04 20 04 20 04 20 04 20 04 20 04 20 04  |  . . . . . . . .
a990: 78 05 79 05 f0 05 f1 05 d6 05 d7 05 b0 05 b1 05  | x.y.............
a9a0: da 05 db 05 5e 05 5f 05 3c 05 3d 05 78 05 79 05  | ....^._.<.=.x.y.
a9b0: 20 04 20 04 20 04 20 04 20 04 20 04 20 04 20 04  |  . . . . . . . .
a9c0: 20 04 20 04 20 04 20 04 20 04 20 04 20 04 20 04  |  . . . . . . . .
a9d0: 20 04 20 04 20 04 20 04 20 04 20 04 20 04 20 04  |  . . . . . . . .
a9e0: 20 04 20 04 20 04 20 04 20 04 20 04 20 04 20 04  |  . . . . . . . .
a9f0: 20 04 20 04 20 04 20 04 20 04 20 04 20 04 20 04  |  . . . . . . . .
aa00: 20 04 20 04 20 04 20 04 20 04 20 04 20 04 20 04  |  . . . . . . . .
aa10: 20 04 20 04 20 04 20 04 20 04 20 04 20 04 20 04  |  . . . . . . . .
aa20: 20 04 20 04 20 04 20 04 20 04 20 04 20 04 20 04  |  . . . . . . . .
aa30: 20 04 20 04 20 04 20 04 20 04 20 04 20 04 20 04  |  . . . . . . . .
aa40: 20 04 20 04 20 04 20 04 20 04 20 04 20 04 20 04  |  . . . . . . . .
aa50: 20 04 20 04 20 04 20 04 20 04 20 04 20 04 20 04  |  . . . . . . . .
aa60: 20 04 20 04 20 04 20 04 20 04 20 04 20 04 20 04  |  . . . . . . . .
aa70: 20 04 20 04 20 04 20 04 20 04 20 04 20 04 20 04  |  . . . . . . . .
aa80: 20 04 20 04 20 04 20 04 20 04 20 04 20 04 20 04  |  . . . . . . . .
aa90: 20 04 20 04 20 04 20 04 20 04 20 04 20 04 20 04  |  . . . . . . . .
aaa0: 20 04 20 04 20 04 20 04 20 04 20 04 20 04 20 04  |  . . . . . . . .
aab0: 20 04 20 04 20 04 20 04 20 04 20 04 20 04 20 04  |  . . . . . . . .
aac0: 20 04 20 04 20 04 20 04 20 04 20 04 20 04 20 04  |  . . . . . . . .
aad0: 20 04 20 04 20 04 20 04 20 04 20 04 20 04 20 04  |  . . . . . . . .
aae0: 20 04 20 04 20 04 20 04 20 04 20 04 20 04 20 04  |  . . . . . . . .
aaf0: 20 04 20 04 20 04 20 04 20 04 20 04 20 04 20 04  |  . . . . . . . .
ab00: 20 04 20 04 20 04 20 04 20 04 20 04 20 04 20 04  |  . . . . . . . .
ab10: 20 04 20 04 20 04 20 04 6a 05 6b 05 2c 05 2d 05  |  . . . .j.k.,.-.
ab20: 68 05 69 05 6a 05 6b 05 20 04 20 04 20 04 20 04  | h.i.j.k. . . . .
ab30: 20 04 20 04 20 04 20 04 20 04 20 04 20 04 20 04  |  . . . . . . . .
ab40: 20 04 20 04 20 04 20 04 20 04 20 04 20 04 20 04  |  . . . . . . . .
ab50: 20 04 20 04 20 04 20 04 7a 05 7b 05 3c 05 3d 05  |  . . . .z.{.<.=.
ab60: 78 05 79 05 7a 05 7b 05 20 04 20 04 20 04 20 04  | x.y.z.{. . . . .
ab70: 20 04 20 04 20 04 20 04 20 04 20 04 20 04 20 04  |  . . . . . . . .
ab80: 20 04 20 04 20 04 20 04 20 04 20 04 20 04 20 04  |  . . . . . . . .
ab90: 20 04 20 04 20 04 20 04 20 04 20 04 20 04 20 04  |  . . . . . . . .
aba0: 20 04 20 04 20 04 20 04 20 04 20 04 20 04 20 04  |  . . . . . . . .
abb0: 20 04 20 04 20 04 20 04 20 04 20 04 20 04 20 04  |  . . . . . . . .
abc0: 20 04 20 04 20 04 20 04 20 04 20 04 20 04 20 04  |  . . . . . . . .
abd0: 20 04 20 04 20 04 20 04 20 04 20 04 20 04 20 04  |  . . . . . . . .
abe0: 20 04 20 04 20 04 20 04 20 04 20 04 20 04 20 04  |  . . . . . . . .
abf0: 20 04 20 04 20 04 20 04 20 04 20 04 20 04 20 04  |  . . . . . . . .
ac00: 20 04 20 04 20 04 20 04 20 04 20 04 20 04 20 04  |  . . . . . . . .
ac10: 20 04 20 04 20 04 20 04 20 04 20 04 20 04 20 04  |  . . . . . . . .
ac20: 20 04 20 04 20 04 20 04 20 04 20 04 20 04 20 04  |  . . . . . . . .
ac30: 20 04 20 04 20 04 20 04 20 04 20 04 20 04 20 04  |  . . . . . . . .
ac40: 20 04 20 04 20 04 20 04 20 04 20 04 20 04 20 04  |  . . . . . . . .
ac50: 20 04 20 04 20 04 20 04 20 04 20 04 20 04 20 04  |  . . . . . . . .
ac60: 20 04 20 04 20 04 20 04 20 04 20 04 20 04 20 04  |  . . . . . . . .
ac70: 20 04 20 04 20 04 20 04 20 04 20 04 20 04 20 04  |  . . . . . . . .
ac80: 20 04 20 04 20 04 20 04 20 04 20 04 20 04 20 04  |  . . . . . . . .
ac90: 20 04 20 04 20 04 20 04 20 04 20 04 20 04 20 04  |  . . . . . . . .
aca0: 20 04 20 04 20 04 20 04 20 04 20 04 20 04 20 04  |  . . . . . . . .
acb0: 20 04 20 04 20 04 20 04 20 04 20 04 20 04 20 04  |  . . . . . . . .
acc0: 20 04 20 04 20 04 20 04 20 04 20 04 20 04 20 04  |  . . . . . . . .
acd0: 26 05 27 05 40 05 41 05 20 04 4c 05 4d 05 60 05  | &.'.@.A. .L.M.`.
ace0: 61 05 2a 05 2b 05 2c 05 2d 05 20 04 00 05 01 05  | a.*.+.,.-. .....
acf0: 20 04 20 04 20 04 20 04 20 04 20 04 20 04 20 04  |  . . . . . . . .
ad00: 20 04 20 04 20 04 20 04 20 04 20 04 20 04 20 04  |  . . . . . . . .
ad10: 36 05 37 05 50 05 51 05 20 04 5c 05 5d 05 70 05  | 6.7.P.Q. .\.].p.
ad20: 71 05 3a 05 3b 05 3c 05 3d 05 20 04 10 05 11 05  | q.:.;.<.=. .....
ad30: 20 04 20 04 20 04 20 04 20 04 20 04 20 04 20 04  |  . . . . . . . .
ad40: 20 04 20 04 20 04 20 04 20 04 20 04 20 04 20 04  |  . . . . . . . .
ad50: 20 04 20 04 20 04 20 04 20 04 20 04 20 04 20 04  |  . . . . . . . .
ad60: 20 04 20 04 20 04 20 04 20 04 20 04 20 04 20 04  |  . . . . . . . .
ad70: 20 04 20 04 20 04 20 04 20 04 20 04 20 04 20 04  |  . . . . . . . .
ad80: 20 04 20 04 20 04 20 04 20 04 20 04 20 04 20 04  |  . . . . . . . .
ad90: 20 04 20 04 20 04 20 04 20 04 20 04 20 04 20 04  |  . . . . . . . .
ada0: 20 04 20 04 20 04 20 04 20 04 20 04 20 04 20 04  |  . . . . . . . .
adb0: 20 04 20 04 20 04 20 04 20 04 20 04 20 04 20 04  |  . . . . . . . .
adc0: 20 04 20 04 20 04 20 04 20 04 20 04 20 04 20 04  |  . . . . . . . .
add0: 20 04 20 04 20 04 20 04 20 04 20 04 20 04 20 04  |  . . . . . . . .
ade0: 20 04 20 04 20 04 20 04 20 04 20 04 20 04 20 04  |  . . . . . . . .
adf0: 20 04 20 04 20 04 20 04 20 04 20 04 20 04 20 04  |  . . . . . . . .
ae00: 20 04 20 04 20 04 20 04 20 04 20 04 20 04 20 04  |  . . . . . . . .
ae10: 20 04 20 04 20 04 20 04 20 04 20 04 20 04 20 04  |  . . . . . . . .
ae20: 20 04 20 04 20 04 20 04 20 04 20 04 20 04 20 04  |  . . . . . . . .
ae30: 20 04 20 04 20 04 20 04 20 04 20 04 20 04 20 04  |  . . . . . . . .
ae40: 20 04 20 04 20 04 20 04 20 04 20 04 20 04 20 04  |  . . . . . . . .
ae50: 20 04 20 04 20 04 20 04 20 04 20 04 20 04 20 04  |  . . . . . . . .
ae60: 20 04 20 04 20 04 20 04 20 04 20 04 20 04 20 04  |  . . . . . . . .
ae70: 20 04 20 04 20 04 20 04 20 04 20 04 20 04 20 04  |  . . . . . . . .
ae80: 20 04 20 04 20 04 20 04 20 04 20 04 20 04 20 04  |  . . . . . . . .
ae90: 20 04 20 04 20 04 20 04 20 04 20 04 20 04 20 04  |  . . . . . . . .
aea0: 20 04 20 04 20 04 20 04 20 04 20 04 20 04 20 04  |  . . . . . . . .
aeb0: 0a 04 0b 04 0c 04 0d 04 0e 04 0f 04 20 04 20 04  | ............ . .
aec0: 20 04 20 04 20 04 20 04 20 04 20 04 20 04 20 04  |  . . . . . . . .
aed0: 20 04 20 04 20 04 20 04 20 04 20 04 20 04 20 04  |  . . . . . . . .
aee0: 20 04 20 04 20 04 20 04 20 04 20 04 20 04 20 04  |  . . . . . . . .
aef0: 20 04 20 04 20 04 20 04 20 04 20 04 20 04 20 04  |  . . . . . . . .
af00: 20 04 20 04 20 04 20 04 20 04 20 04 20 04 20 04  |  . . . . . . . .
af10: 20 04 20 04 20 04 20 04 20 04 20 04 20 04 20 04  |  . . . . . . . .
af20: 20 04 20 04 20 04 20 04 20 04 20 04 20 04 20 04  |  . . . . . . . .
af30: 20 04 20 04 20 04 20 04 20 04 20 04 20 04 20 04  |  . . . . . . . .
af40: 20 04 20 04 20 04 20 04 20 04 20 04 20 04 20 04  |  . . . . . . . .
af50: 20 04 20 04 20 04 20 04 20 04 20 04 20 04 20 04  |  . . . . . . . .
af60: 20 04 20 04 20 04 20 04 20 04 20 04 20 04 20 04  |  . . . . . . . .
af70: 20 04 20 04 20 04 20 04 20 04 20 04 20 04 20 04  |  . . . . . . . .
af80: 20 04 20 04 20 04 20 04 20 04 20 04 20 04 20 04  |  . . . . . . . .
af90: 20 04 20 04 20 04 20 04 20 04 20 04 20 04 20 04  |  . . . . . . . .
afa0: 20 04 20 04 20 04 20 04 20 04 20 04 20 04 20 04  |  . . . . . . . .
afb0: 20 04 20 04 20 04 20 04 20 04 20 04 20 04 20 04  |  . . . . . . . .
afc0: 20 04 20 04 20 04 20 04 20 04 20 04 20 04 20 04  |  . . . . . . . .
afd0: 20 04 20 04 20 04 20 04 20 04 20 04 20 04 20 04  |  . . . . . . . .
afe0: 20 04 20 04 20 04 20 04 20 04 20 04 20 04 20 04  |  . . . . . . . .
aff0: 20 04 20 04 20 04 20 04 20 04 20 04 20 04 20 04  |  . . . . . . . .
b000: 20 08 20 08 20 08 20 08 20 08 20 08 20 08 20 08  |  . . . . . . . .
b010: 20 08 20 08 20 08 20 08 20 08 20 08 20 08 20 08  |  . . . . . . . .
b020: 20 08 20 08 20 08 20 08 20 08 20 08 20 08 20 08  |  . . . . . . . .
b030: 20 08 20 08 20 08 20 08 20 08 20 08 20 08 20 08  |  . . . . . . . .
b040: 20 08 20 08 20 08 20 08 20 08 20 08 20 08 20 08  |  . . . . . . . .
b050: 20 08 20 08 20 08 20 08 20 08 20 08 20 08 20 08  |  . . . . . . . .
b060: 20 08 20 08 20 08 20 08 20 08 20 08 20 08 20 08  |  . . . . . . . .
b070: 20 08 20 08 20 08 20 08 20 08 20 08 20 08 20 08  |  . . . . . . . .
b080: 20 08 20 08 20 08 20 08 20 08 20 08 20 08 20 08  |  . . . . . . . .
b090: 20 08 20 08 20 08 20 08 20 08 20 08 20 08 20 08  |  . . . . . . . .
b0a0: 20 08 20 08 20 08 20 08 20 08 20 08 20 08 20 08  |  . . . . . . . .
b0b0: 20 08 20 08 20 08 20 08 20 08 20 08 20 08 20 08  |  . . . . . . . .
b0c0: 20 08 20 08 20 08 20 08 20 08 20 08 20 08 20 08  |  . . . . . . . .
b0d0: 20 08 20 08 20 08 20 08 20 08 20 08 20 08 20 08  |  . . . . . . . .
b0e0: 20 08 20 08 20 08 20 08 20 08 20 08 20 08 20 08  |  . . . . . . . .
b0f0: 20 08 20 08 20 08 20 08 20 08 20 08 20 08 20 08  |  . . . . . . . .
b100: 20 08 20 08 20 08 20 08 20 08 20 08 20 08 20 08  |  . . . . . . . .
b110: 20 08 20 08 20 08 20 08 20 08 20 08 20 08 20 08  |  . . . . . . . .
b120: 20 08 20 08 20 08 20 08 20 08 20 08 20 08 20 08  |  . . . . . . . .
b130: 20 08 20 08 20 08 20 08 20 08 20 08 20 08 20 08  |  . . . . . . . .
b140: 20 08 20 08 20 08 20 08 20 08 20 08 20 08 20 08  |  . . . . . . . .
b150: 68 09 69 09 e0 09 e1 09 c6 09 c7 09 a0 09 a1 09  | h.i.............
b160: ca 09 cb 09 4e 09 4f 09 2c 09 2d 09 68 09 69 09  | ....N.O.,.-.h.i.
b170: 20 08 20 08 20 08 20 08 20 08 20 08 20 08 20 08  |  . . . . . . . .
b180: 20 08 20 08 20 08 20 08 20 08 20 08 20 08 20 08  |  . . . . . . . .
b190: 78 09 79 09 f0 09 f1 09 d6 09 d7 09 b0 09 b1 09  | x.y.............
b1a0: da 09 db 09 5e 09 5f 09 3c 09 3d 09 78 09 79 09  | ....^._.<.=.x.y.
b1b0: 20 08 20 08 20 08 20 08 20 08 20 08 20 08 20 08  |  . . . . . . . .
b1c0: 20 08 20 08 20 08 20 08 20 08 20 08 20 08 20 08  |  . . . . . . . .
b1d0: 20 08 20 08 20 08 20 08 20 08 20 08 20 08 20 08  |  . . . . . . . .
b1e0: 20 08 20 08 20 08 20 08 20 08 20 08 20 08 20 08  |  . . . . . . . .
b1f0: 20 08 20 08 20 08 20 08 20 08 20 08 20 08 20 08  |  . . . . . . . .
b200: 20 08 20 08 20 08 20 08 20 08 20 08 20 08 20 08  |  . . . . . . . .
b210: 20 08 20 08 20 08 20 08 20 08 20 08 20 08 20 08  |  . . . . . . . .
b220: 20 08 20 08 20 08 20 08 20 08 20 08 20 08 20 08  |  . . . . . . . .
b230: 20 08 20 08 20 08 20 08 20 08 20 08 20 08 20 08  |  . . . . . . . .
b240: 20 08 20 08 20 08 20 08 20 08 20 08 20 08 20 08  |  . . . . . . . .
b250: 20 08 20 08 20 08 20 08 20 08 20 08 20 08 20 08  |  . . . . . . . .
b260: 20 08 20 08 20 08 20 08 20 08 20 08 20 08 20 08  |  . . . . . . . .
b270: 20 08 20 08 20 08 20 08 20 08 20 08 20 08 20 08  |  . . . . . . . .
b280: 20 08 20 08 20 08 20 08 20 08 20 08 20 08 20 08  |  . . . . . . . .
b290: 20 08 20 08 20 08 20 08 20 08 20 08 20 08 20 08  |  . . . . . . . .
b2a0: 20 08 20 08 20 08 20 08 20 08 20 08 20 08 20 08  |  . . . . . . . .
b2b0: 20 08 20 08 20 08 20 08 20 08 20 08 20 08 20 08  |  . . . . . . . .
b2c0: 20 08 20 08 20 08 20 08 20 08 20 08 20 08 20 08  |  . . . . . . . .
b2d0: 20 08 20 08 20 08 20 08 20 08 20 08 20 08 20 08  |  . . . . . . . .
b2e0: 20 08 20 08 20 08 20 08 20 08 20 08 20 08 20 08  |  . . . . . . . .
b2f0: 20 08 20 08 20 08 20 08 20 08 20 08 20 08 20 08  |  . . . . . . . .
b300: 20 08 20 08 20 08 20 08 20 08 20 08 20 08 20 08  |  . . . . . . . .
b310: 20 08 20 08 20 08 20 08 6a 09 6b 09 2c 09 2d 09  |  . . . .j.k.,.-.
b320: 68 09 69 09 6a 09 6b 09 20 08 20 08 20 08 20 08  | h.i.j.k. . . . .
b330: 20 08 20 08 20 08 20 08 20 08 20 08 20 08 20 08  |  . . . . . . . .
b340: 20 08 20 08 20 08 20 08 20 08 20 08 20 08 20 08  |  . . . . . . . .
b350: 20 08 20 08 20 08 20 08 7a 09 7b 09 3c 09 3d 09  |  . . . .z.{.<.=.
b360: 78 09 79 09 7a 09 7b 09 20 08 20 08 20 08 20 08  | x.y.z.{. . . . .
b370: 20 08 20 08 20 08 20 08 20 08 20 08 20 08 20 08  |  . . . . . . . .
b380: 20 08 20 08 20 08 20 08 20 08 20 08 20 08 20 08  |  . . . . . . . .
b390: 20 08 20 08 20 08 20 08 20 08 20 08 20 08 20 08  |  . . . . . . . .
b3a0: 20 08 20 08 20 08 20 08 20 08 20 08 20 08 20 08  |  . . . . . . . .
b3b0: 20 08 20 08 20 08 20 08 20 08 20 08 20 08 20 08  |  . . . . . . . .
b3c0: 20 08 20 08 20 08 20 08 20 08 20 08 20 08 20 08  |  . . . . . . . .
b3d0: 20 08 20 08 20 08 20 08 20 08 20 08 20 08 20 08  |  . . . . . . . .
b3e0: 20 08 20 08 20 08 20 08 20 08 20 08 20 08 20 08  |  . . . . . . . .
b3f0: 20 08 20 08 20 08 20 08 20 08 20 08 20 08 20 08  |  . . . . . . . .
b400: 20 08 20 08 20 08 20 08 20 08 20 08 20 08 20 08  |  . . . . . . . .
b410: 20 08 20 08 20 08 20 08 20 08 20 08 20 08 20 08  |  . . . . . . . .
b420: 20 08 20 08 20 08 20 08 20 08 20 08 20 08 20 08  |  . . . . . . . .
b430: 20 08 20 08 20 08 20 08 20 08 20 08 20 08 20 08  |  . . . . . . . .
b440: 20 08 20 08 20 08 20 08 20 08 20 08 20 08 20 08  |  . . . . . . . .
b450: 20 08 20 08 20 08 20 08 20 08 20 08 20 08 20 08  |  . . . . . . . .
b460: 20 08 20 08 20 08 20 08 20 08 20 08 20 08 20 08  |  . . . . . . . .
b470: 20 08 20 08 20 08 20 08 20 08 20 08 20 08 20 08  |  . . . . . . . .
b480: 20 08 20 08 20 08 20 08 20 08 20 08 20 08 20 08  |  . . . . . . . .
b490: 20 08 20 08 20 08 20 08 20 08 20 08 20 08 20 08  |  . . . . . . . .
b4a0: 20 08 20 08 20 08 20 08 20 08 20 08 20 08 20 08  |  . . . . . . . .
b4b0: 20 08 20 08 20 08 20 08 20 08 20 08 20 08 20 08  |  . . . . . . . .
b4c0: 20 08 20 08 20 08 20 08 20 08 20 08 20 08 20 08  |  . . . . . . . .
b4d0: 26 09 27 09 40 09 41 09 20 08 4c 09 4d 09 60 09  | &.'.@.A. .L.M.`.
b4e0: 61 09 2a 09 2b 09 2c 09 2d 09 20 08 00 09 01 09  | a.*.+.,.-. .....
b4f0: 20 08 20 08 20 08 20 08 20 08 20 08 20 08 20 08  |  . . . . . . . .
b500: 20 08 20 08 20 08 20 08 20 08 20 08 20 08 20 08  |  . . . . . . . .
b510: 36 09 37 09 50 09 51 09 20 08 5c 09 5d 09 70 09  | 6.7.P.Q. .\.].p.
b520: 71 09 3a 09 3b 09 3c 09 3d 09 20 08 10 09 11 09  | q.:.;.<.=. .....
b530: 20 08 20 08 20 08 20 08 20 08 20 08 20 08 20 08  |  . . . . . . . .
b540: 20 08 20 08 20 08 20 08 20 08 20 08 20 08 20 08  |  . . . . . . . .
b550: 20 08 20 08 20 08 20 08 20 08 20 08 20 08 20 08  |  . . . . . . . .
b560: 20 08 20 08 20 08 20 08 20 08 20 08 20 08 20 08  |  . . . . . . . .
b570: 20 08 20 08 20 08 20 08 20 08 20 08 20 08 20 08  |  . . . . . . . .
b580: 20 08 20 08 20 08 20 08 20 08 20 08 20 08 20 08  |  . . . . . . . .
b590: 20 08 20 08 20 08 20 08 20 08 20 08 20 08 20 08  |  . . . . . . . .
b5a0: 20 08 20 08 20 08 20 08 20 08 20 08 20 08 20 08  |  . . . . . . . .
b5b0: 20 08 20 08 20 08 20 08 20 08 20 08 20 08 20 08  |  . . . . . . . .
b5c0: 20 08 20 08 20 08 20 08 20 08 20 08 20 08 20 08  |  . . . . . . . .
b5d0: 20 08 20 08 20 08 20 08 20 08 20 08 20 08 20 08  |  . . . . . . . .
b5e0: 20 08 20 08 20 08 20 08 20 08 20 08 20 08 20 08  |  . . . . . . . .
b5f0: 20 08 20 08 20 08 20 08 20 08 20 08 20 08 20 08  |  . . . . . . . .
b600: 20 08 20 08 20 08 20 08 20 08 20 08 20 08 20 08  |  . . . . . . . .
b610: 20 08 20 08 20 08 20 08 20 08 20 08 20 08 20 08  |  . . . . . . . .
b620: 20 08 20 08 20 08 20 08 20 08 20 08 20 08 20 08  |  . . . . . . . .
b630: 20 08 20 08 20 08 20 08 20 08 20 08 20 08 20 08  |  . . . . . . . .
b640: 20 08 20 08 20 08 20 08 20 08 20 08 20 08 20 08  |  . . . . . . . .
b650: 20 08 20 08 20 08 20 08 20 08 20 08 20 08 20 08  |  . . . . . . . .
b660: 20 08 20 08 20 08 20 08 20 08 20 08 20 08 20 08  |  . . . . . . . .
b670: 20 08 20 08 20 08 20 08 20 08 20 08 20 08 20 08  |  . . . . . . . .
b680: 20 08 20 08 20 08 20 08 20 08 20 08 20 08 20 08  |  . . . . . . . .
b690: 20 08 20 08 20 08 20 08 20 08 20 08 20 08 20 08  |  . . . . . . . .
b6a0: 20 08 20 08 20 08 20 08 20 08 20 08 20 08 20 08  |  . . . . . . . .
b6b0: 0a 08 0b 08 0c 08 0d 08 0e 08 0f 08 20 08 20 08  | ............ . .
b6c0: 20 08 20 08 20 08 20 08 20 08 20 08 20 08 20 08  |  . . . . . . . .
b6d0: 20 08 20 08 20 08 20 08 20 08 20 08 20 08 20 08  |  . . . . . . . .
b6e0: 20 08 20 08 20 08 20 08 20 08 20 08 20 08 20 08  |  . . . . . . . .
b6f0: 20 08 20 08 20 08 20 08 20 08 20 08 20 08 20 08  |  . . . . . . . .
b700: 20 08 20 08 20 08 20 08 20 08 20 08 20 08 20 08  |  . . . . . . . .
b710: 20 08 20 08 20 08 20 08 20 08 20 08 20 08 20 08  |  . . . . . . . .
b720: 20 08 20 08 20 08 20 08 20 08 20 08 20 08 20 08  |  . . . . . . . .
b730: 20 08 20 08 20 08 20 08 20 08 20 08 20 08 20 08  |  . . . . . . . .
b740: 20 08 20 08 20 08 20 08 20 08 20 08 20 08 20 08  |  . . . . . . . .
b750: 20 08 20 08 20 08 20 08 20 08 20 08 20 08 20 08  |  . . . . . . . .
b760: 20 08 20 08 20 08 20 08 20 08 20 08 20 08 20 08  |  . . . . . . . .
b770: 20 08 20 08 20 08 20 08 20 08 20 08 20 08 20 08  |  . . . . . . . .
b780: 20 08 20 08 20 08 20 08 20 08 20 08 20 08 20 08  |  . . . . . . . .
b790: 20 08 20 08 20 08 20 08 20 08 20 08 20 08 20 08  |  . . . . . . . .
b7a0: 20 08 20 08 20 08 20 08 20 08 20 08 20 08 20 08  |  . . . . . . . .
b7b0: 20 08 20 08 20 08 20 08 20 08 20 08 20 08 20 08  |  . . . . . . . .
b7c0: 20 08 20 08 20 08 20 08 20 08 20 08 20 08 20 08  |  . . . . . . . .
b7d0: 20 08 20 08 20 08 20 08 20 08 20 08 20 08 20 08  |  . . . . . . . .
b7e0: 20 08 20 08 20 08 20 08 20 08 20 08 20 08 20 08  |  . . . . . . . .
b7f0: 20 08 20 08 20 08 20 08 20 08 20 08 20 08 20 08  |  . . . . . . . .
b800: 20 10 20 10 20 10 20 10 20 10 20 10 20 10 20 10  |  . . . . . . . .
b810: 20 10 20 10 20 10 20 10 20 10 20 10 20 10 20 10  |  . . . . . . . .
b820: 20 10 20 10 20 10 20 10 20 10 20 10 20 10 20 10  |  . . . . . . . .
b830: 20 10 20 10 20 10 20 10 20 10 20 10 20 10 20 10  |  . . . . . . . .
b840: 20 10 20 10 20 10 20 10 20 10 20 10 20 10 20 10  |  . . . . . . . .
b850: 20 10 20 10 20 10 20 10 20 10 20 10 20 10 20 10  |  . . . . . . . .
b860: 20 10 20 10 20 10 20 10 20 10 20 10 20 10 20 10  |  . . . . . . . .
b870: 20 10 20 10 20 10 20 10 20 10 20 10 20 10 20 10  |  . . . . . . . .
b880: 20 10 20 10 20 10 20 10 20 10 20 10 20 10 20 10  |  . . . . . . . .
b890: 20 10 20 10 20 10 20 10 20 10 20 10 20 10 20 10  |  . . . . . . . .
b8a0: 20 10 20 10 20 10 20 10 20 10 20 10 20 10 20 10  |  . . . . . . . .
b8b0: 20 10 20 10 20 10 20 10 20 10 20 10 20 10 20 10  |  . . . . . . . .
b8c0: 20 10 20 10 20 10 20 10 20 10 20 10 20 10 20 10  |  . . . . . . . .
b8d0: 20 10 20 10 20 10 20 10 20 10 20 10 20 10 20 10  |  . . . . . . . .
b8e0: 20 10 20 10 20 10 20 10 20 10 20 10 20 10 20 10  |  . . . . . . . .
b8f0: 20 10 20 10 20 10 20 10 20 10 20 10 20 10 20 10  |  . . . . . . . .
b900: 20 10 20 10 20 10 20 10 20 10 20 10 20 10 20 10  |  . . . . . . . .
b910: 20 10 20 10 20 10 20 10 20 10 20 10 20 10 20 10  |  . . . . . . . .
b920: 20 10 20 10 20 10 20 10 20 10 20 10 20 10 20 10  |  . . . . . . . .
b930: 20 10 20 10 20 10 20 10 20 10 20 10 20 10 20 10  |  . . . . . . . .
b940: 20 10 20 10 20 10 20 10 20 10 20 10 20 10 20 10  |  . . . . . . . .
b950: 68 11 69 11 e0 11 e1 11 c6 11 c7 11 a0 11 a1 11  | h.i.............
b960: ca 11 cb 11 4e 11 4f 11 2c 11 2d 11 68 11 69 11  | ....N.O.,.-.h.i.
b970: 20 10 20 10 20 10 20 10 20 10 20 10 20 10 20 10  |  . . . . . . . .
b980: 20 10 20 10 20 10 20 10 20 10 20 10 20 10 20 10  |  . . . . . . . .
b990: 78 11 79 11 f0 11 f1 11 d6 11 d7 11 b0 11 b1 11  | x.y.............
b9a0: da 11 db 11 5e 11 5f 11 3c 11 3d 11 78 11 79 11  | ....^._.<.=.x.y.
b9b0: 20 10 20 10 20 10 20 10 20 10 20 10 20 10 20 10  |  . . . . . . . .
b9c0: 20 10 20 10 20 10 20 10 20 10 20 10 20 10 20 10  |  . . . . . . . .
b9d0: 20 10 20 10 20 10 20 10 20 10 20 10 20 10 20 10  |  . . . . . . . .
b9e0: 20 10 20 10 20 10 20 10 20 10 20 10 20 10 20 10  |  . . . . . . . .
b9f0: 20 10 20 10 20 10 20 10 20 10 20 10 20 10 20 10  |  . . . . . . . .
ba00: 20 10 20 10 20 10 20 10 20 10 20 10 20 10 20 10  |  . . . . . . . .
ba10: 20 10 20 10 20 10 20 10 20 10 20 10 20 10 20 10  |  . . . . . . . .
ba20: 20 10 20 10 20 10 20 10 20 10 20 10 20 10 20 10  |  . . . . . . . .
ba30: 20 10 20 10 20 10 20 10 20 10 20 10 20 10 20 10  |  . . . . . . . .
ba40: 20 10 20 10 20 10 20 10 20 10 20 10 20 10 20 10  |  . . . . . . . .
ba50: 20 10 20 10 20 10 20 10 20 10 20 10 20 10 20 10  |  . . . . . . . .
ba60: 20 10 20 10 20 10 20 10 20 10 20 10 20 10 20 10  |  . . . . . . . .
ba70: 20 10 20 10 20 10 20 10 20 10 20 10 20 10 20 10  |  . . . . . . . .
ba80: 20 10 20 10 20 10 20 10 20 10 20 10 20 10 20 10  |  . . . . . . . .
ba90: 20 10 20 10 20 10 20 10 20 10 20 10 20 10 20 10  |  . . . . . . . .
baa0: 20 10 20 10 20 10 20 10 20 10 20 10 20 10 20 10  |  . . . . . . . .
bab0: 20 10 20 10 20 10 20 10 20 10 20 10 20 10 20 10  |  . . . . . . . .
bac0: 20 10 20 10 20 10 20 10 20 10 20 10 20 10 20 10  |  . . . . . . . .
bad0: 20 10 20 10 20 10 20 10 20 10 20 10 20 10 20 10  |  . . . . . . . .
bae0: 20 10 20 10 20 10 20 10 20 10 20 10 20 10 20 10  |  . . . . . . . .
baf0: 20 10 20 10 20 10 20 10 20 10 20 10 20 10 20 10  |  . . . . . . . .
bb00: 20 10 20 10 20 10 20 10 20 10 20 10 20 10 20 10  |  . . . . . . . .
bb10: 20 10 20 10 20 10 20 10 6a 11 6b 11 2c 11 2d 11  |  . . . .j.k.,.-.
bb20: 68 11 69 11 6a 11 6b 11 20 10 20 10 20 10 20 10  | h.i.j.k. . . . .
bb30: 20 10 20 10 20 10 20 10 20 10 20 10 20 10 20 10  |  . . . . . . . .
bb40: 20 10 20 10 20 10 20 10 20 10 20 10 20 10 20 10  |  . . . . . . . .
bb50: 20 10 20 10 20 10 20 10 7a 11 7b 11 3c 11 3d 11  |  . . . .z.{.<.=.
bb60: 78 11 79 11 7a 11 7b 11 20 10 20 10 20 10 20 10  | x.y.z.{. . . . .
bb70: 20 10 20 10 20 10 20 10 20 10 20 10 20 10 20 10  |  . . . . . . . .
bb80: 20 10 20 10 20 10 20 10 20 10 20 10 20 10 20 10  |  . . . . . . . .
bb90: 20 10 20 10 20 10 20 10 20 10 20 10 20 10 20 10  |  . . . . . . . .
bba0: 20 10 20 10 20 10 20 10 20 10 20 10 20 10 20 10  |  . . . . . . . .
bbb0: 20 10 20 10 20 10 20 10 20 10 20 10 20 10 20 10  |  . . . . . . . .
bbc0: 20 10 20 10 20 10 20 10 20 10 20 10 20 10 20 10  |  . . . . . . . .
bbd0: 20 10 20 10 20 10 20 10 20 10 20 10 20 10 20 10  |  . . . . . . . .
bbe0: 20 10 20 10 20 10 20 10 20 10 20 10 20 10 20 10  |  . . . . . . . .
bbf0: 20 10 20 10 20 10 20 10 20 10 20 10 20 10 20 10  |  . . . . . . . .
bc00: 20 10 20 10 20 10 20 10 20 10 20 10 20 10 20 10  |  . . . . . . . .
bc10: 20 10 20 10 20 10 20 10 20 10 20 10 20 10 20 10  |  . . . . . . . .
bc20: 20 10 20 10 20 10 20 10 20 10 20 10 20 10 20 10  |  . . . . . . . .
bc30: 20 10 20 10 20 10 20 10 20 10 20 10 20 10 20 10  |  . . . . . . . .
bc40: 20 10 20 10 20 10 20 10 20 10 20 10 20 10 20 10  |  . . . . . . . .
bc50: 20 10 20 10 20 10 20 10 20 10 20 10 20 10 20 10  |  . . . . . . . .
bc60: 20 10 20 10 20 10 20 10 20 10 20 10 20 10 20 10  |  . . . . . . . .
bc70: 20 10 20 10 20 10 20 10 20 10 20 10 20 10 20 10  |  . . . . . . . .
bc80: 20 10 20 10 20 10 20 10 20 10 20 10 20 10 20 10  |  . . . . . . . .
bc90: 20 10 20 10 20 10 20 10 20 10 20 10 20 10 20 10  |  . . . . . . . .
bca0: 20 10 20 10 20 10 20 10 20 10 20 10 20 10 20 10  |  . . . . . . . .
bcb0: 20 10 20 10 20 10 20 10 20 10 20 10 20 10 20 10  |  . . . . . . . .
bcc0: 20 10 20 10 20 10 20 10 20 10 20 10 20 10 20 10  |  . . . . . . . .
bcd0: 26 11 27 11 40 11 41 11 20 10 4c 11 4d 11 60 11  | &.'.@.A. .L.M.`.
bce0: 61 11 2a 11 2b 11 2c 11 2d 11 20 10 00 11 01 11  | a.*.+.,.-. .....
bcf0: 20 10 20 10 20 10 20 10 20 10 20 10 20 10 20 10  |  . . . . . . . .
bd00: 20 10 20 10 20 10 20 10 20 10 20 10 20 10 20 10  |  . . . . . . . .
bd10: 36 11 37 11 50 11 51 11 20 10 5c 11 5d 11 70 11  | 6.7.P.Q. .\.].p.
bd20: 71 11 3a 11 3b 11 3c 11 3d 11 20 10 10 11 11 11  | q.:.;.<.=. .....
bd30: 20 10 20 10 20 10 20 10 20 10 20 10 20 10 20 10  |  . . . . . . . .
bd40: 20 10 20 10 20 10 20 10 20 10 20 10 20 10 20 10  |  . . . . . . . .
bd50: 20 10 20 10 20 10 20 10 20 10 20 10 20 10 20 10  |  . . . . . . . .
bd60: 20 10 20 10 20 10 20 10 20 10 20 10 20 10 20 10  |  . . . . . . . .
bd70: 20 10 20 10 20 10 20 10 20 10 20 10 20 10 20 10  |  . . . . . . . .
bd80: 20 10 20 10 20 10 20 10 20 10 20 10 20 10 20 10  |  . . . . . . . .
bd90: 20 10 20 10 20 10 20 10 20 10 20 10 20 10 20 10  |  . . . . . . . .
bda0: 20 10 20 10 20 10 20 10 20 10 20 10 20 10 20 10  |  . . . . . . . .
bdb0: 20 10 20 10 20 10 20 10 20 10 20 10 20 10 20 10  |  . . . . . . . .
bdc0: 20 10 20 10 20 10 20 10 20 10 20 10 20 10 20 10  |  . . . . . . . .
bdd0: 20 10 20 10 20 10 20 10 20 10 20 10 20 10 20 10  |  . . . . . . . .
bde0: 20 10 20 10 20 10 20 10 20 10 20 10 20 10 20 10  |  . . . . . . . .
bdf0: 20 10 20 10 20 10 20 10 20 10 20 10 20 10 20 10  |  . . . . . . . .
be00: 20 10 20 10 20 10 20 10 20 10 20 10 20 10 20 10  |  . . . . . . . .
be10: 20 10 20 10 20 10 20 10 20 10 20 10 20 10 20 10  |  . . . . . . . .
be20: 20 10 20 10 20 10 20 10 20 10 20 10 20 10 20 10  |  . . . . . . . .
be30: 20 10 20 10 20 10 20 10 20 10 20 10 20 10 20 10  |  . . . . . . . .
be40: 20 10 20 10 20 10 20 10 20 10 20 10 20 10 20 10  |  . . . . . . . .
be50: 20 10 20 10 20 10 20 10 20 10 20 10 20 10 20 10  |  . . . . . . . .
be60: 20 10 20 10 20 10 20 10 20 10 20 10 20 10 20 10  |  . . . . . . . .
be70: 20 10 20 10 20 10 20 10 20 10 20 10 20 10 20 10  |  . . . . . . . .
be80: 20 10 20 10 20 10 20 10 20 10 20 10 20 10 20 10  |  . . . . . . . .
be90: 20 10 20 10 20 10 20 10 20 10 20 10 20 10 20 10  |  . . . . . . . .
bea0: 20 10 20 10 20 10 20 10 20 10 20 10 20 10 20 10  |  . . . . . . . .
beb0: 0a 10 0b 10 0c 10 0d 10 0e 10 0f 10 20 10 20 10  | ............ . .
bec0: 20 10 20 10 20 10 20 10 20 10 20 10 20 10 20 10  |  . . . . . . . .
bed0: 20 10 20 10 20 10 20 10 20 10 20 10 20 10 20 10  |  . . . . . . . .
bee0: 20 10 20 10 20 10 20 10 20 10 20 10 20 10 20 10  |  . . . . . . . .
bef0: 20 10 20 10 20 10 20 10 20 10 20 10 20 10 20 10  |  . . . . . . . .
bf00: 20 10 20 10 20 10 20 10 20 10 20 10 20 10 20 10  |  . . . . . . . .
bf10: 20 10 20 10 20 10 20 10 20 10 20 10 20 10 20 10  |  . . . . . . . .
bf20: 20 10 20 10 20 10 20 10 20 10 20 10 20 10 20 10  |  . . . . . . . .
bf30: 20 10 20 10 20 10 20 10 20 10 20 10 20 10 20 10  |  . . . . . . . .
bf40: 20 10 20 10 20 10 20 10 20 10 20 10 20 10 20 10  |  . . . . . . . .
bf50: 20 10 20 10 20 10 20 10 20 10 20 10 20 10 20 10  |  . . . . . . . .
bf60: 20 10 20 10 20 10 20 10 20 10 20 10 20 10 20 10  |  . . . . . . . .
bf70: 20 10 20 10 20 10 20 10 20 10 20 10 20 10 20 10  |  . . . . . . . .
bf80: 20 10 20 10 20 10 20 10 20 10 20 10 20 10 20 10  |  . . . . . . . .
bf90: 20 10 20 10 20 10 20 10 20 10 20 10 20 10 20 10  |  . . . . . . . .
bfa0: 20 10 20 10 20 10 20 10 20 10 20 10 20 10 20 10  |  . . . . . . . .
bfb0: 20 10 20 10 20 10 20 10 20 10 20 10 20 10 20 10  |  . . . . . . . .
bfc0: 20 10 20 10 20 10 20 10 20 10 20 10 20 10 20 10  |  . . . . . . . .
bfd0: 20 10 20 10 20 10 20 10 20 10 20 10 20 10 20 10  |  . . . . . . . .
bfe0: 20 10 20 10 20 10 20 10 20 10 20 10 20 10 20 10  |  . . . . . . . .
bff0: 20 10 20 10 20 10 20 10 20 10 20 10 20 10 20 10  |  . . . . . . . .
c000: 00 00 00 00 00 00 70 70 f6 80 fb 90 b0 af 20 3f  | ......pp...... ?
c010: 00 00 00 00 00 00 00 07 73 0c 74 28 60 10 20 40  | ........s.t(`. @
c020: 00 00 00 00 00 00 38 38 88 36 54 2a 18 e4 10 ee  | ......88.6T*....
c030: 00 00 00 00 00 00 00 80 08 c0 80 40 00 00 00 00  | ...........@....
c040: 00 00 00 00 00 00 00 00 07 00 06 00 00 3f 00 7f  | .............?..
c050: 00 00 00 00 00 00 00 07 02 0d 03 08 00 00 00 00  | ................
c060: 00 00 00 00 00 00 00 00 80 00 e0 20 30 90 10 e0  | ........... 0...
c070: 00 00 00 00 00 00 00 80 00 e0 20 d0 10 68 00 18  | .......... ..h..
c080: 00 00 00 00 00 00 00 00 07 00 06 00 00 3f 00 7f  | .............?..
c090: 00 00 00 00 00 00 00 07 02 0d 03 08 00 00 00 00  | ................
c0a0: 00 00 00 00 00 00 00 00 80 00 e0 20 70 90 10 e0  | ........... p...
c0b0: 00 00 00 00 00 00 00 80 00 e0 20 d0 10 68 00 18  | .......... ..h..
c0c0: 00 00 00 00 00 00 00 00 07 00 06 00 00 3f 00 7f  | .............?..
c0d0: 00 00 00 00 00 00 00 07 02 0d 03 08 00 00 00 00  | ................
c0e0: 00 00 00 00 00 00 00 00 80 00 e0 20 70 90 10 e0  | ........... p...
c0f0: 00 00 00 00 00 00 00 80 00 e0 20 d0 10 68 00 18  | .......... ..h..
c100: 00 00 00 00 00 00 00 00 07 00 06 00 00 3f 00 7f  | .............?..
c110: 00 00 00 00 00 00 00 07 02 0d 03 08 00 00 00 00  | ................
c120: 00 00 00 00 00 00 00 00 80 00 e0 20 70 90 10 e0  | ........... p...
c130: 00 00 00 00 00 00 00 80 00 e0 20 d0 10 68 00 18  | .......... ..h..
c140: 00 00 00 00 00 00 00 00 07 00 06 00 00 3f 00 7f  | .............?..
c150: 00 00 00 00 00 00 00 07 02 0d 03 08 00 00 00 00  | ................
c160: 00 00 00 00 00 00 00 00 80 00 e0 20 70 90 10 e0  | ........... p...
c170: 00 00 00 00 00 00 00 80 00 e0 20 d0 10 68 00 18  | .......... ..h..
c180: 00 00 00 00 00 00 00 00 07 07 0f 08 0f 68 0f ec  | .............h..
c190: 00 00 00 00 00 00 00 0f 07 18 08 17 08 17 0c 13  | ................
c1a0: 00 00 00 00 00 00 00 00 c0 c0 f0 70 f8 18 f8 08  | ...........p....
c1b0: 00 00 00 00 00 00 00 c0 c0 30 70 88 18 e4 08 f4  | .........0p.....
c1c0: 00 00 00 00 00 00 00 00 00 00 00 00 00 00 00 00  | ................
c1d0: 00 00 00 00 00 00 00 00 00 00 00 00 00 00 00 00  | ................
c1e0: 00 00 00 00 00 00 00 00 00 00 00 00 00 00 00 00  | ................
c1f0: 00 00 00 00 00 00 00 00 00 00 00 00 00 00 00 00  | ................
c200: 00 3f 0c 33 08 f7 08 f7 00 ff 00 ff 40 3f 20 1f  | .?.3........@? .
c210: 00 40 03 43 b3 a0 b3 80 9f 88 a7 87 60 40 30 20  | .@.C........`@0 
c220: 06 f9 da 25 50 af 5e a1 00 e0 0c e8 0c e8 0c e8  | ...%P.^.........
c230: 00 00 00 00 00 00 00 00 e0 5e 88 96 08 16 28 16  | .........^....(.
c240: 00 7f 0d 32 08 07 28 17 20 1f 61 1e f0 0f f8 07  | ...2..(. .a.....
c250: 00 00 02 02 02 00 32 20 3f 23 7f 7f 90 90 88 88  | ......2 ?#......
c260: 08 f8 80 78 80 7e 82 7d 02 fd 00 fe 00 fe 00 fc  | ...x.~.}........
c270: 08 04 40 46 66 62 67 23 c7 07 6e 0e 30 30 f0 30  | ..@Ffbg#..n.00.0
c280: 00 7f 0d 32 08 07 28 17 20 1f 21 1e 00 7f 00 3f  | ...2..(. .!....?
c290: 00 00 02 02 02 00 32 20 3f 23 3f 3f 00 00 00 00  | ......2 ?#??....
c2a0: 08 f8 88 78 80 7e 82 7d 02 fd 00 fe 00 fe 00 fc  | ...x.~.}........
c2b0: 08 04 48 46 66 62 67 23 c7 07 6e 0e 30 30 f0 30  | ..HFfbg#..n.00.0
c2c0: 00 7f 0d 32 08 07 28 17 20 1f 21 1e 00 7f 00 3f  | ...2..(. .!....?
c2d0: 00 00 02 02 02 00 32 20 3f 23 3f 3f 00 00 00 00  | ......2 ?#??....
c2e0: 08 f8 88 78 80 7e 82 7d 02 fd 00 fe 00 fe 00 fc  | ...x.~.}........
c2f0: 08 04 48 46 66 62 67 23 c7 07 6e 0e 30 30 f0 30  | ..HFfbg#..n.00.0
c300: 00 7f 0d 32 08 07 28 17 20 1f 21 1e 00 7f 00 3f  | ...2..(. .!....?
c310: 00 00 02 02 02 00 32 20 3f 23 3f 3f 00 00 00 00  | ......2 ?#??....
c320: 08 f8 88 78 80 7e 82 7d 02 fd 00 fe 00 fe 00 fc  | ...x.~.}........
c330: 08 04 48 46 66 62 67 23 c7 07 6e 0e 30 30 f0 30  | ..HFfbg#..n.00.0
c340: 00 7f 0d 32 08 07 28 17 20 1f 21 1e 00 7f 00 3f  | ...2..(. .!....?
c350: 00 00 02 02 02 00 32 20 3f 23 3f 3f 00 00 00 00  | ......2 ?#??....
c360: 08 f8 88 78 80 7e 82 7d 02 fd 00 fe 00 fe 00 fc  | ...x.~.}........
c370: 08 04 48 46 66 62 67 23 c7 07 6e 0e 30 30 f0 30  | ..HFfbg#..n.00.0
c380: 07 74 07 3e 23 1b 41 3d 50 2f 52 2d 1c 63 00 7f  | .t.>#.A=P/R-.c..
c390: 04 0b 06 01 23 24 6d 42 7c 74 7e 76 1e 1e 1e 0e  | ....#$mB|t~v....
c3a0: fc 04 fc 04 fe 06 fe 8e 7c 7c 00 c2 00 fe 00 fc  | ........||......
c3b0: 04 fa 04 fa 06 f9 8e 71 7c 83 00 3c 00 00 00 00  | .......q|..<....
c3c0: 00 00 00 00 00 00 00 00 00 00 00 00 00 00 00 00  | ................
c3d0: 00 00 00 00 00 00 00 00 00 00 00 00 00 00 00 00  | ................
c3e0: 00 00 00 00 00 00 00 00 00 00 00 00 00 00 00 00  | ................
c3f0: 00 00 00 00 00 00 00 00 00 00 00 00 00 00 00 00  | ................
c400: 18 07 0f 00 1f 0f 18 78 70 90 58 a0 58 a0 10 70  | .......xp.X.X..p
c410: 1f 1f 07 1f 03 3c 14 0f 0f 1f 07 27 07 27 0f 3f  | .....<.....'.'.?
c420: 1c d8 f8 10 f8 c0 78 48 28 38 60 08 60 08 00 08  | ......xH(8`.`...
c430: d8 e6 f0 ec 00 fc 88 f4 c8 f0 90 98 90 98 f0 f8  | ................
c440: 78 01 7e 04 3f 08 0f 08 03 03 10 00 13 00 08 18  | x.~.?...........
c450: 49 4e 4c 4b 38 37 08 17 03 0c 0c 0f 0c 0c 07 1f  | INLK87..........
c460: 10 e8 00 00 f0 00 f8 18 f0 f0 08 0c 18 1c 18 1c  | ................
c470: f0 70 00 f0 00 f8 18 e4 f0 0c 00 fc e0 fc e0 fc  | .p..............
c480: 78 07 fe 00 fb 04 ff 0f 60 00 13 20 63 50 70 98  | x.......`.. cPp.
c490: 7f 7f ae af 90 97 96 99 73 7f 0c 2c 2c 3c 67 4f  | ........s..,,<gO
c4a0: 10 e8 7e 7e 3e c2 fe e2 3e 00 7f 00 7f 00 3e 00  | ..~~>...>.....>.
c4b0: f0 f6 7e 81 02 fd 7e 9d 32 f3 c1 c1 c1 c1 e2 e2  | ..~...~.2.......
c4c0: 08 07 06 00 03 07 3f 0c 6f 08 7b 08 13 20 10 30  | ......?.o.{.. .0
c4d0: 0f 0f 06 07 03 0c 35 3b 5a 56 66 6e 0d 2d 0f 3f  | ......5;ZVfn.-.?
c4e0: 10 e8 60 60 f8 00 fc 00 fc 04 fc 04 f0 00 f8 1c  | ..``............
c4f0: f0 f0 60 98 e0 fc 90 9e 0c 0a 0c 0a 10 1c e0 fc  | ..`.............
c500: 10 0f 0e 00 1f 00 3f 00 3f 00 1f 00 1e 00 08 18  | ......?.?.......
c510: 1f 1f 0e 0f 11 11 20 20 20 20 11 11 0e 0f 07 1f  | ......    ......
c520: 10 e8 60 60 b0 80 f8 08 f8 18 f0 b4 60 6c 08 1c  | ..``........`l..
c530: f0 f0 60 90 80 78 88 f4 98 e4 b0 4c 60 9c 00 fc  | ..`..x.....L`...
c540: 18 17 16 18 0e 19 1f 3f 10 30 33 00 33 00 10 70  | .......?.03.3..p
c550: 1f 0f 16 0f 00 1f 0c 33 03 3f 0c 0c 0c 0c 0f 1f  | .......3.?......
c560: 10 f0 7e 60 7e c0 ff 80 7f 00 3e 00 3c 20 30 3c  | ..~`~.....>.< 0<
c570: f0 ee 7c 9f 72 b3 c1 41 41 c1 e2 e2 dc fc c0 fc  | ..|.r..AA.......
c580: e4 1b f0 03 ef 0f ff 07 7d 45 7d 65 38 39 00 01  | ........}E}e89..
c590: bc bc 80 8f ae b1 c7 f8 45 ba 64 9b 3a 47 06 3f  | ........E.d.:G.?
c5a0: 00 f0 38 38 f0 f8 80 84 80 9c 00 02 00 f2 00 17  | ..88............
c5b0: 00 00 08 f0 00 f8 78 fc 60 fc fc fe 0c fe e8 ff  | ......x.`.......
c5c0: 00 00 00 00 00 00 00 00 00 00 00 00 00 00 c0 c0  | ................
c5d0: 00 00 00 00 00 00 00 00 00 00 00 00 00 00 00 00  | ................
c5e0: 00 00 00 00 00 00 00 00 00 00 00 00 00 00 00 00  | ................
c5f0: 00 00 00 00 00 00 00 00 00 00 00 00 00 00 00 00  | ................
c600: 27 67 28 6f 38 7c 00 7c 38 74 38 e4 00 fc 00 00  | 'g(o8|.|8t8.....
c610: 18 7f 10 7f 00 7c 00 7c 08 08 58 18 00 00 00 00  | .....|.|..X.....
c620: 88 8c 48 cc 38 7c 00 3c 1c 2e 1c 27 00 3f 00 00  | ..H.8|.<...'.?..
c630: 70 fc 30 fc 00 7c 00 3c 10 10 1a 18 00 00 00 00  | p.0..|.<........
c640: 08 18 04 0c 07 0f 00 07 03 07 07 0c 00 0f 00 00  | ................
c650: 07 1f 03 0f 00 0f 00 07 00 00 03 01 00 00 00 00  | ................
c660: 30 38 70 78 e0 f0 00 e0 c0 a0 c0 20 00 e0 00 00  | 08px....... ....
c670: c0 f8 80 f8 00 f0 00 e0 40 40 c0 c0 00 00 00 00  | ........@@......
c680: 38 dc 3b d7 18 67 08 70 00 30 00 00 00 00 00 00  | 8.;..g.p.0......
c690: 23 27 28 2f 18 1f 08 08 00 00 00 00 00 00 00 00  | #'(/............
c6a0: 7c 62 e6 ff 06 fd 1e 71 06 19 00 06 00 00 00 00  | |b.....q........
c6b0: 9c fc 00 f8 02 fa 0e 6a 06 06 00 00 00 00 00 00  | .......j........
c6c0: 10 30 13 73 6c df 38 e5 08 f4 00 7c 00 18 00 00  | .0.sl.8....|....
c6d0: 0f 3f 0c 3f 20 1f 18 1d 08 08 00 00 00 00 00 00  | .?.? ...........
c6e0: 30 38 70 7c c4 fe 0c fa 3c 72 78 a4 00 f8 00 00  | 08p|....<rx.....
c6f0: c0 f8 80 fc 00 f8 04 f4 0c 0c 58 18 00 00 00 00  | ..........X.....
c700: 08 18 04 0e 05 0f 00 07 05 0f 0b 15 00 1f 00 00  | ................
c710: 07 1f 01 0f 00 0f 00 07 00 00 0a 00 00 00 00 00  | ................
c720: 38 3c 70 78 f0 f8 00 f0 f0 c0 e0 90 00 f0 00 00  | 8<px............
c730: c0 fc 80 f8 00 f8 00 f0 30 30 60 60 00 00 00 00  | ........00``....
c740: 30 dc 18 f4 18 e7 08 f4 00 78 00 30 00 00 00 00  | 0........x.0....
c750: 23 07 0b 0f 18 1f 08 0c 00 00 00 00 00 00 00 00  | #...............
c760: 70 7c e0 fe 86 ff 0e fd 0e 15 06 09 00 06 00 00  | p|..............
c770: 80 fc 00 fc 00 f8 02 f2 0a 0a 06 02 00 00 00 00  | ................
c780: 0e 4f 1f 5f 1e ff 4c be 30 4c 00 3c 00 00 00 00  | .O._..L.0L.<....
c790: 30 7f 20 7f 00 3f 40 3e 30 3c 00 00 00 00 00 00  | 0. ..?@>0<......
c7a0: 00 15 10 fb 0c fe 3c 7e 00 7c 38 74 38 44 00 38  | ......<~.|8t8D.8
c7b0: ea ff 04 ff 00 fe 00 7e 00 7c 08 08 38 38 00 00  | .......~.|..88..
c7c0: f0 30 bc 0c 56 0a 4c 13 2c 03 20 07 00 1f 00 0e  | .0..V.L.,. .....
c7d0: c0 00 f0 80 74 40 6c 40 3c 20 38 20 00 00 00 00  | ....t@l@< 8 ....
c7e0: 00 00 00 00 00 00 00 00 00 00 00 00 00 00 00 00  | ................
c7f0: 00 00 00 00 00 00 00 00 00 00 00 00 00 00 00 00  | ................
c800: 00 00 07 00 00 3f 01 06 43 3c 40 3f 00 3f 10 0f  | .....?..C<@?.?..
c810: 00 07 02 09 00 00 04 04 7c 40 7b 40 00 00 1f 10  | ........|@{@....
c820: 00 00 f0 30 00 80 00 fc 08 f4 08 f4 00 fc 10 e8  | ...0............
c830: 00 f0 30 c8 00 7c c8 c8 dc 0c 9c 1c f8 38 f0 70  | ..0..|.......8.p
c840: 00 00 00 00 07 00 00 3f 01 06 43 3c 40 3f 00 3f  | .......?..C<@?.?
c850: 00 00 00 07 02 09 00 00 04 04 7c 40 7b 40 00 00  | ..........|@{@..
c860: 00 00 00 00 f0 30 00 80 00 fc 08 f4 08 f4 00 fc  | .....0..........
c870: 00 00 00 f0 30 c8 00 7c c8 c8 dc 0c 9c 1c f8 38  | ....0..|.......8
c880: 60 00 f7 00 c0 3f 61 66 43 3c 40 3f 00 3f 28 27  | `....?afC<@?.?('
c890: 60 67 92 99 80 80 64 14 7c 40 7b 40 00 00 2f 18  | `g....d.|@{@../.
c8a0: 00 00 f0 30 00 80 00 fc 08 f4 08 f4 00 fc 10 e8  | ...0............
c8b0: 00 f0 30 c8 00 7c c8 c8 dc 0c 9c 1c f8 38 f0 70  | ..0..|.......8.p
c8c0: 00 00 07 00 00 3f 01 06 43 3c 42 3d 00 3f 0f 00  | .....?..C<B=.?..
c8d0: 00 07 02 09 00 00 04 04 7c 40 79 40 00 00 00 1f  | ........|@y@....
c8e0: 00 00 f0 30 00 80 04 f8 0c f0 1e e0 1e e0 fc 80  | ...0............
c8f0: 00 f0 30 c8 00 7c c0 c6 dc 1e 92 12 f2 32 fc 7c  | ..0..|.......2.|
c900: 00 00 00 00 07 00 00 3f 01 06 43 3c 40 3f 00 3f  | .......?..C<@?.?
c910: 00 00 00 07 02 09 00 00 04 04 7c 40 7b 40 00 00  | ..........|@{@..
c920: 00 00 00 00 f0 30 00 80 00 fc 08 f4 08 f4 00 fc  | .....0..........
c930: 00 00 00 f0 30 c8 00 7c c8 c8 dc 0c 9c 1c f8 38  | ....0..|.......8
c940: 00 00 07 00 00 3f 01 06 43 3c 40 3f 00 3f 08 07  | .....?..C<@?.?..
c950: 00 07 02 09 00 00 04 04 7c 40 7b 40 00 00 0f 08  | ........|@{@....
c960: 00 00 f0 30 00 80 00 fc 08 f4 08 f4 00 fc 10 e8  | ...0............
c970: 00 f0 30 c8 00 7c c8 c8 dc 0c 9c 1c f8 38 f0 70  | ..0..|.......8.p
c980: 00 00 00 00 07 00 00 3f 01 06 43 3c 40 3f 00 3f  | .......?..C<@?.?
c990: 00 00 00 07 02 09 00 00 04 04 7c 40 7b 40 00 00  | ..........|@{@..
c9a0: 00 00 00 00 f0 30 00 80 00 fc 08 f4 08 f4 00 fc  | .....0..........
c9b0: 00 00 00 f0 30 c8 00 7c c8 c8 dc 0c 9c 1c f8 38  | ....0..|.......8
c9c0: 00 00 00 00 07 00 00 3f 01 06 43 3c 40 3f 00 3f  | .......?..C<@?.?
c9d0: 00 00 00 07 02 09 00 00 04 04 7c 40 7b 40 00 00  | ..........|@{@..
c9e0: 00 00 00 00 f0 30 00 80 00 fc 08 f4 08 f4 00 fc  | .....0..........
c9f0: 00 00 00 f0 30 c8 00 7c c8 c8 dc 0c 9c 1c f8 38  | ....0..|.......8
ca00: 0b 0f 1f 19 7f 06 69 10 3b 0f 0c 3b 06 19 00 0e  | ......i.;..;....
ca10: 0b 14 10 2f 40 56 46 56 30 27 04 07 06 07 00 00  | .../@VFV0'......
ca20: 3c e8 ae b0 df 40 ef 70 c4 fa 04 fa 1c 22 00 1c  | <....@.p....."..
ca30: 2c d4 3a ca 11 71 01 71 04 fc 04 fc 1c 2c 00 00  | ,.:..q.q.....,..
ca40: 08 07 02 03 07 04 07 0c 04 0c 03 07 01 02 00 07  | ................
ca50: 0f 08 02 05 00 0c 00 0c 03 0f 00 07 01 00 00 00  | ................
ca60: 10 e8 40 c0 f0 d0 f0 80 f8 00 b8 c0 d0 a0 00 e0  | ..@.............
ca70: f0 70 40 b0 50 a8 70 f8 88 88 08 c8 50 50 00 00  | .p@.P.p.....PP..
ca80: 0b 05 0f 0b 1f 76 79 a0 36 fe 11 6f 10 69 00 30  | .....vy.6..o.i.0
ca90: 01 1e 02 0d 00 16 56 16 01 0f 10 1f 10 19 00 00  | ......V.........
caa0: 38 c8 f0 b0 ef 20 ef 60 36 38 ee f7 66 f9 00 76  | 8.... .`68..f..v
cab0: 08 f4 30 ce 21 51 09 79 c6 fe 08 f8 06 f2 00 70  | ..0.!Q.y.......p
cac0: 07 07 00 00 02 06 01 03 01 03 00 01 00 01 00 01  | ................
cad0: 07 08 00 0f 01 07 00 03 00 03 00 01 00 00 00 00  | ................
cae0: 78 00 78 00 78 04 78 64 c0 f8 00 e0 e0 d0 00 f0  | x.x.x.xd........
caf0: 08 88 08 88 f8 f8 98 d0 00 c0 00 e0 20 00 00 00  | ............ ...
cb00: 08 07 02 03 07 03 0b 1c 15 2a 16 2b 0a 15 00 0f  | .........*.+....
cb10: 0f 08 02 05 00 0f 08 00 14 00 14 14 0a 0a 00 00  | ................
cb20: 10 e8 70 f0 f8 08 e0 00 f8 00 f0 88 e0 f0 00 e0  | ..p.............
cb30: f0 70 70 88 68 f4 80 9c 88 88 70 f8 00 f0 00 e0  | .pp.h.....p.....
cb40: 38 00 7b 03 7a 02 39 00 1d 2f 0e 31 06 19 00 0e  | 8.{.z.9../.1....
cb50: 38 3f 43 44 42 45 38 3e 10 03 0e 0f 06 07 00 00  | 8?CDBE8>........
cb60: 00 00 e0 20 00 08 90 1c f4 fe 2c fa 1c 22 00 3c  | ... ......,..".<
cb70: 00 f8 20 d8 10 f8 60 78 00 f8 04 f4 1c 2c 00 00  | .. ...`x.....,..
cb80: 08 07 38 00 7b 03 7a 02 39 00 07 0f 03 05 00 07  | ..8.{.z.9.......
cb90: 0f 08 38 3f 43 44 42 45 38 3e 00 0f 02 00 00 00  | ..8?CDBE8>......
cba0: 10 e8 00 00 e0 20 00 08 30 38 e0 f8 e0 10 00 f0  | ..... ..08......
cbb0: f0 70 00 f8 20 d8 10 f8 c0 f8 00 f8 e0 e0 00 00  | .p.. ...........
cbc0: 08 07 f0 00 f7 04 70 00 3e 08 03 07 00 03 00 00  | ......p.>.......
cbd0: 0f 08 f0 ff 84 8b 40 4f 31 39 00 07 00 03 00 00  | ......@O19......
cbe0: 10 e8 00 10 90 9c 14 1e 36 39 f0 ff 00 f0 00 00  | ........69......
cbf0: f0 70 10 f0 80 78 60 f8 c6 fc 00 f8 00 f0 00 00  | .p...x`.........
cc00: 00 00 00 00 00 01 00 03 01 06 05 09 0d 16 19 2e  | ................
cc10: 00 00 00 00 00 00 00 00 03 00 06 00 08 00 10 00  | ................
cc20: 00 0f 03 7c 1b e3 58 9f 4f 70 3e c1 b0 4f 80 7f  | ...|..X.Op>..O..
cc30: 00 00 07 00 3c 00 e0 00 80 00 00 00 00 00 00 00  | ....<...........
cc40: 00 fc f8 04 f8 ff 00 fc 00 ff 03 fc 03 fc 00 ff  | ................
cc50: 00 00 f8 00 00 00 03 00 00 00 00 00 00 00 00 00  | ................
cc60: 00 ff 7e 81 7e ff 00 ff 7e 81 7e 81 00 ff 00 ff  | ..~.~...~.~.....
cc70: 00 00 7e 00 00 00 00 00 00 00 00 00 00 00 00 00  | ..~.............
cc80: 00 00 00 04 00 06 1a 05 3d 00 7f 00 4f 30 e6 19  | ........=...O0..
cc90: 00 00 00 00 00 00 00 00 02 00 00 00 00 00 00 00  | ................
cca0: 00 11 00 91 00 99 e8 15 f9 06 fd 02 39 c2 78 81  | ............9.x.
ccb0: 00 00 00 00 00 00 00 00 08 00 05 00 05 00 06 00  | ................
ccc0: 00 10 00 30 00 30 20 54 20 54 00 9d 09 96 c8 ec  | ...0.0 T T......
ccd0: 00 00 00 00 00 00 00 00 20 00 60 00 61 00 13 00  | ........ .`.a...
cce0: 00 00 00 00 00 00 00 20 00 c0 80 40 00 80 00 80  | ....... ...@....
ccf0: 00 00 00 00 00 00 00 00 00 00 00 00 00 00 00 00  | ................
cd00: 00 00 00 00 00 01 01 02 03 04 07 08 07 08 0f 10  | ................
cd10: 00 00 00 00 00 00 00 00 01 00 03 00 03 00 07 00  | ................
cd20: 00 1f 1f 60 7f 80 ff 00 ff 00 ff 00 ff 00 ff 00  | ...`............
cd30: 00 00 00 00 1f 00 7f 00 ff 00 ff 00 ff 00 ff 00  | ................
cd40: 00 e0 e0 18 98 26 e6 01 f5 06 fe 07 ff 07 ff 03  | .....&..........
cd50: 00 00 00 00 e0 00 f8 00 fa 00 f9 00 f8 00 fc 00  | ................
cd60: 00 00 00 00 00 00 00 00 00 80 80 40 00 c0 40 a0  | ...........@..@.
cd70: 00 00 00 00 00 00 00 00 00 00 00 00 80 00 80 00  | ................
cd80: 20 20 30 30 bd bd ff ff ff cc 7f 4c 7f 44 ff e4  |   00.......L.D..
cd90: 00 00 00 00 00 00 00 00 00 00 00 00 00 00 00 00  | ................
cda0: 81 81 c3 c3 f7 f7 ff fe ff 82 ff 82 ff 9e ff 82  | ................
cdb0: 00 00 00 00 00 00 00 00 00 00 00 00 00 00 00 00  | ................
cdc0: 01 01 87 87 df df ff 78 ff 78 ff 79 ff 79 ff 79  | .......x.x.y.y.y
cdd0: 00 00 00 00 00 00 00 00 00 00 00 00 00 00 00 00  | ................
cde0: 01 01 86 86 de de fc 7c fe 32 ff 23 fe a2 fe 26  | .......|.2.#...&
cdf0: 00 00 00 00 00 00 00 00 00 00 00 00 00 00 00 00  | ................
ce00: 00 2f 20 5f 00 7f 00 bd 02 be 00 f7 08 77 03 7c  | ./ _.........w.|
ce10: 10 00 20 00 00 00 42 00 41 00 08 00 8f 00 83 00  | .. ...B.A.......
ce20: 40 ff 90 ef 10 ef 10 ef c0 3f c0 3f 40 bf 00 ff  | @........?.?@...
ce30: 20 00 70 00 f0 00 f0 00 20 00 20 00 c0 00 00 00  |  .p..... . .....
ce40: 00 ff 00 ff 00 ff 00 ff 00 ff 00 ff 00 ff 00 ff  | ................
ce50: 00 00 00 00 00 00 00 00 00 00 00 00 00 00 00 00  | ................
ce60: 00 ff 00 ff 00 ff 00 ff 00 ff 00 ff 00 ff 00 ff  | ................
ce70: 00 00 00 00 00 00 00 00 00 00 00 00 00 00 00 00  | ................
ce80: ff 00 ff 00 63 1c 01 3e 10 6f 20 df 00 ff 00 ff  | ....c..>.o .....
ce90: 00 00 00 00 00 00 1c 00 2e 00 5f 00 7f 00 47 00  | .........._...G.
cea0: fd 07 fa 05 fa 0d fb 1c fc fe 7c fe 0f ff 17 ff  | ..........|.....
ceb0: 00 00 00 00 02 00 03 00 01 00 01 00 00 00 80 00  | ................
cec0: d4 fd ce ff ed fe 52 ee d5 ef 96 cf 87 cf ff ff  | ......R.........
ced0: 02 00 00 00 01 00 01 00 10 00 30 00 30 00 00 00  | ..........0.0...
cee0: 00 20 00 c0 80 40 00 8e 08 b4 90 c8 c0 f0 80 f8  | . ...@..........
cef0: 00 00 00 00 00 00 00 00 00 00 30 00 00 00 00 00  | ..........0.....
cf00: 0b 14 14 26 12 25 12 24 13 64 7b 82 7f 80 3a c0  | ...&.%.$.d{...:.
cf10: 03 00 09 00 08 00 09 00 09 00 1d 00 3f 00 1f 00  | ............?...
cf20: ef 10 1f 30 3f d0 3f 50 bf 50 ff 20 ff 00 1f 00  | ...0?.?P.P. ....
cf30: ef 00 cf 00 0f 00 8f 00 8f 00 df 00 ff 00 ff 00  | ................
cf40: ff 03 ff 03 ff 03 ff 03 c3 3f 3d 03 f5 07 dd 0f  | .........?=.....
cf50: fc 00 fc 00 fc 00 fc 00 c0 00 c0 00 38 00 f0 00  | ............8...
cf60: 40 a0 a0 d0 a0 d0 a0 d0 a0 d0 a0 d0 d0 e8 d0 e8  | @...............
cf70: 80 00 40 00 40 00 40 00 40 00 40 00 20 00 20 00  | ..@.@.@.@.@. . .
cf80: 7f 60 3f 26 3f 32 3f 32 7f 7f 73 73 81 81 01 01  | .`?&?2?2..ss....
cf90: 00 00 00 00 00 00 00 00 00 00 00 00 00 00 00 00  | ................
cfa0: ff 42 ff 4e ff 42 ff 42 ff ff cf cf 86 86 02 02  | .B.N.B.B........
cfb0: 00 00 00 00 00 00 00 00 00 00 00 00 00 00 00 00  | ................
cfc0: ff 70 ff 10 ff 11 ff 11 fe fe 7c 7c 18 18 08 08  | .p........||....
cfd0: 00 00 00 00 00 00 00 00 00 00 00 00 00 00 00 00  | ................
cfe0: fc 24 fe 7e fe ce ff cf f8 f8 78 78 18 18 08 08  | .$.~......xx....
cff0: 00 00 00 00 00 00 00 00 00 00 00 00 00 00 00 00  | ................
d000: 00 7f 00 ff 00 ff 00 bf 01 7e 23 5c 07 78 1f 23  | .........~#\.x.#
d010: 80 00 00 00 00 00 40 00 00 00 20 00 20 00 03 00  | ......@... . ...
d020: 00 ff 7c 8f fc 0f fe 7f fe 7f fe 7d fe 7d fe fd  | ..|........}.}..
d030: 00 00 0c 00 0c 00 7e 00 7e 00 7c 00 7c 00 fc 00  | ......~.~.|.|...
d040: 00 ff 00 ff 00 ff 00 ff 00 ff 00 ff 00 ff 00 ff  | ................
d050: 00 00 00 00 00 00 00 00 00 00 00 00 00 00 00 00  | ................
d060: 00 ff 00 ff 00 ff 00 ff 00 ff 00 ff 00 ff 00 ff  | ................
d070: 00 00 00 00 00 00 00 00 00 00 00 00 00 00 00 00  | ................
d080: 20 5f 00 ff 00 ff 00 7f 00 3f 31 4e 3f 40 3f 40  |  _.......?1N?@?@
d090: 1b 00 7d 00 7f 00 3f 00 0e 00 01 00 00 00 03 00  | ..}...?.........
d0a0: 0e de 00 d1 01 c3 02 82 d3 03 fc 02 fe 01 ff 00  | ................
d0b0: a1 00 ae 00 bd 00 7f 00 ff 00 fd 00 fe 00 73 00  | ..............s.
d0c0: 7c ff ff ff 5e 7e c0 e0 43 60 df e0 bf c0 7f 80  | |...^~..C`......
d0d0: 00 00 80 00 c1 00 df 00 df 00 df 00 bf 00 78 00  | ..............x.
d0e0: 60 9c 9c be 32 73 ee 2f d2 13 ee 6f d2 53 ae 6f  | `...2s./...o.S.o
d0f0: 40 00 5c 00 be 00 fe 00 fe 00 fe 00 7e 00 3e 00  | @.\.........~.>.
d100: 36 45 3f 45 17 2f 17 2f 17 2f 17 2f 0e 13 09 10  | 6E?E././././....
d110: 1c 00 1d 00 07 00 07 00 07 00 07 00 02 00 07 00  | ................
d120: 5f a0 ef a0 e7 f0 e7 f0 e7 f0 e7 f0 e7 d0 8f 00  | _...............
d130: 1f 00 bf 00 ef 00 ef 00 ef 00 ef 00 cf 00 ff 00  | ................
d140: ed 0b f9 1d d5 19 cd 11 fd 01 ff 03 ff 03 ff 07  | ................
d150: f0 00 e2 00 e6 00 ee 00 fe 00 fc 00 fc 00 f8 00  | ................
d160: d0 e8 f0 e8 e8 f4 e8 f4 e8 f4 e4 fa 82 fd 3c c2  | ..............<.
d170: 20 00 00 00 10 00 10 00 10 00 18 00 7c 00 c0 00  |  ...........|...
d180: 03 03 1d 1d 38 30 1f 00 1f 00 7f 00 7f 00 ff 00  | ....80..........
d190: 00 00 02 00 0f 00 3f 00 67 00 07 00 03 00 03 00  | ......?.g.......
d1a0: 00 f9 c0 ff 30 3f c6 07 f1 01 e0 00 e0 00 f9 01  | ....0?..........
d1b0: f9 00 3f 00 cf 00 f9 00 9e 00 3f 00 ff 00 7e 00  | ..?.......?...~.
d1c0: 00 00 00 c0 00 e0 00 c0 00 f0 c0 fe e0 fe f8 ff  | ................
d1d0: 00 00 c0 00 e0 00 c0 00 f0 00 3e 00 1e 00 07 00  | ..........>.....
d1e0: 00 00 00 00 00 00 00 00 00 00 00 01 00 00 00 62  | ...............b
d1f0: 00 00 00 00 00 00 00 00 00 00 01 00 00 00 62 00  | ..............b.
d200: 1f 33 0f 1f 07 0f 03 06 00 03 00 00 00 00 00 00  | .3..............
d210: 13 00 0f 00 07 00 02 00 00 00 00 00 00 00 00 00  | ................
d220: fe fd fc e3 fc e3 f8 27 c4 47 18 e4 03 1c 00 03  | .......'.G......
d230: fc 00 e0 00 e0 00 20 00 38 00 07 00 00 00 00 00  | ...... .8.......
d240: 03 fc 03 fc 00 ff 00 ff 03 fc 00 07 00 fc 00 fc  | ................
d250: 00 00 00 00 00 00 00 00 00 00 f8 00 f8 00 00 00  | ................
d260: 00 ff 00 ff 7e 81 7e 81 00 ff 00 81 00 ff 00 ff  | ....~.~.........
d270: 00 00 00 00 00 00 00 00 00 00 7e 00 7e 00 00 00  | ..........~.~...
d280: 1f 20 1f 20 0f 10 07 08 03 04 00 03 00 00 00 00  | . . ............
d290: 03 00 00 00 00 00 00 00 00 00 00 00 00 00 00 00  | ................
d2a0: ff 00 ff 00 ff 00 ff 00 ff 00 ff 00 1f e0 00 1f  | ................
d2b0: 03 00 18 00 18 00 00 00 00 00 00 00 00 00 00 00  | ................
d2c0: ff 00 fe 01 fe 01 fc 02 f8 04 e0 18 00 e0 00 00  | ................
d2d0: f0 00 c8 00 00 00 00 00 00 00 00 00 00 00 00 00  | ................
d2e0: 12 b3 0c 1e 00 0c 00 00 00 00 00 00 00 00 00 00  | ................
d2f0: 1e 00 0c 00 00 00 00 00 00 00 00 00 00 00 00 00  | ................
d300: 0f 10 07 08 03 04 01 02 00 01 00 00 00 00 00 00  | ................
d310: 07 00 03 00 01 00 00 00 00 00 00 00 00 00 00 00  | ................
d320: ff 00 ff 00 ff 00 ff 00 ff 00 3f c1 07 38 00 07  | ..........?..8..
d330: ff 00 ff 00 ff 00 ff 00 3f 00 02 00 00 00 00 00  | ........?.......
d340: ff 07 fe 07 ff 1f fc 1f f1 fe fe e1 e0 1e 00 e0  | ................
d350: f8 00 f9 00 e0 00 e3 00 0e 00 00 00 00 00 00 00  | ................
d360: 40 bc 80 40 c0 30 e0 10 80 60 00 80 00 00 00 00  | @..@.0...`......
d370: 80 00 00 00 00 00 00 00 00 00 00 00 00 00 00 00  | ................
d380: ff 00 ff 00 7d 00 7f 00 1f 00 3f 28 18 1f 00 05  | ....}.....?(....
d390: 00 00 01 00 03 00 40 00 71 00 17 00 07 00 05 00  | ......@.q.......
d3a0: fb 03 f1 01 f8 00 f0 00 e3 03 9c 1f 12 1e 08 98  | ................
d3b0: 7c 00 fe 00 ff 00 ff 00 fc 00 e3 00 ec 00 d0 00  | |...............
d3c0: fc ff e0 ff 70 7e 80 fe 00 f0 00 80 00 00 00 00  | ....p~..........
d3d0: 03 00 1f 00 8e 00 7e 00 f0 00 80 00 00 00 00 00  | ......~.........
d3e0: 00 e0 00 70 00 20 00 00 00 00 00 00 00 60 00 00  | ...p. .......`..
d3f0: e0 00 70 00 20 00 00 00 00 00 00 00 60 00 00 00  | ..p. .......`...
d400: 7c 00 e6 00 c2 00 c2 00 c2 00 c2 00 e6 00 7c 00  | |.............|.
d410: 7c 7c e6 e6 c2 c2 c2 c2 c2 c2 c2 c2 e6 e6 7c 7c  | ||............||
d420: fc 00 c2 00 c2 00 fc 00 c2 00 c2 00 c2 00 fc 00  | ................
d430: fc fc c2 c2 c2 c2 fc fc c2 c2 c2 c2 c2 c2 fc fc  | ................
d440: fe 00 0c 00 0c 00 0c 00 8c 00 8c 00 dc 00 78 00  | ..............x.
d450: fe fe 0c 0c 0c 0c 0c 0c 8c 8c 8c 8c dc dc 78 78  | ..............xx
d460: fe 00 30 00 30 00 30 00 30 00 30 00 30 00 30 00  | ..0.0.0.0.0.0.0.
d470: fe fe 30 30 30 30 30 30 30 30 30 30 30 30 30 30  | ..00000000000000
d480: 7e 00 e0 00 c0 00 fc 00 c0 00 c0 00 e0 00 7e 00  | ~.............~.
d490: 7e 7e e0 e0 c0 c0 fc fc c0 c0 c0 c0 e0 e0 7e 7e  | ~~............~~
d4a0: 7c 00 e2 00 c0 00 78 00 0c 00 86 00 ce 00 7c 00  | |.....x.......|.
d4b0: 7c 7c e2 e2 c0 c0 78 78 0c 0c 86 86 ce ce 7c 7c  | ||....xx......||
d4c0: fe 00 30 00 30 00 30 00 30 00 30 00 30 00 30 00  | ..0.0.0.0.0.0.0.
d4d0: fe fe 30 30 30 30 30 30 30 30 30 30 30 30 30 30  | ..00000000000000
d4e0: 7e 00 31 00 31 00 31 00 3e 00 30 00 78 00 00 00  | ~.1.1.1.>.0.x...
d4f0: 7e 7e 31 31 31 31 31 31 3e 3e 30 30 78 78 00 00  | ~~111111>>00xx..
d500: f7 00 62 00 62 00 62 00 62 00 62 00 3c 00 00 00  | ..b.b.b.b.b.<...
d510: f7 f7 62 62 62 62 62 62 62 62 62 62 3c 3c 00 00  | ..bbbbbbbbbb<<..
d520: 3d 00 63 00 70 00 3e 00 07 00 63 00 5e 00 00 00  | =.c.p.>...c.^...
d530: 3d 3d 63 63 70 70 3e 3e 07 07 63 63 5e 5e 00 00  | ==ccpp>>..cc^^..
d540: f7 00 62 00 62 00 7e 00 62 00 62 00 f7 00 00 00  | ..b.b.~.b.b.....
d550: f7 f7 62 62 62 62 7e 7e 62 62 62 62 f7 f7 00 00  | ..bbbb~~bbbb....
d560: 00 00 00 00 00 00 00 00 00 00 00 00 00 00 00 00  | ................
d570: 00 00 00 00 00 00 00 00 00 00 00 00 00 00 00 00  | ................
d580: e7 00 72 00 7a 00 6e 00 66 00 62 00 f7 00 00 00  | ..r.z.n.f.b.....
d590: e7 e7 72 72 7a 7a 6e 6e 66 66 62 62 f7 f7 00 00  | ..rrzznnffbb....
d5a0: 7e 00 31 00 34 00 3c 00 34 00 31 00 7f 00 00 00  | ~.1.4.<.4.1.....
d5b0: 7e 7e 31 31 34 34 3c 3c 34 34 31 31 7f 7f 00 00  | ~~1144<<4411....
d5c0: f3 00 62 00 34 00 18 00 2c 00 46 00 cf 00 00 00  | ..b.4...,.F.....
d5d0: f3 f3 62 62 34 34 18 18 2c 2c 46 46 cf cf 00 00  | ..bb44..,,FF....
d5e0: 7e 00 99 00 18 00 18 00 18 00 18 00 3c 00 00 00  | ~...........<...
d5f0: 7e 7e 99 99 18 18 18 18 18 18 18 18 3c 3c 00 00  | ~~..........<<..
d600: 00 00 00 00 00 01 00 03 01 07 02 0f 02 0e 04 1c  | ................
d610: 00 00 00 00 00 00 01 00 03 00 04 00 05 00 0f 00  | ................
d620: 00 0e 00 0e 00 fe 08 fe f4 fe 04 ff 04 2f 04 4f  | ............./.O
d630: 00 00 04 00 04 00 f4 00 60 00 06 00 d6 00 b6 00  | ........`.......
d640: 00 01 01 02 01 02 03 04 03 04 07 f8 7d 82 3d 42  | ............}.=B
d650: 00 00 01 00 01 00 03 00 03 00 07 00 7d 00 3d 00  | ............}.=.
d660: 00 00 00 80 00 80 80 40 80 40 c0 3e 7c 82 78 84  | .......@.@.>|.x.
d670: 00 00 00 00 00 00 80 00 80 00 c0 00 7c 00 78 00  | ............|.x.
d680: 00 07 07 19 1e 20 3f 40 3f 40 5f c0 7f c0 7f 80  | ..... ?@?@_.....
d690: 00 00 00 00 01 00 03 00 06 00 3c 00 0c 00 04 00  | ..........<.....
d6a0: 00 e0 e0 f8 18 04 ec 02 f4 02 fa 03 fa 03 fa 01  | ................
d6b0: 00 00 00 00 e0 00 f0 00 18 00 0c 00 0c 00 0c 00  | ................
d6c0: 00 1f 1f 60 38 c7 63 9f 6c 9f 63 9f 38 c7 0f 70  | ...`8.c.l.c.8..p
d6d0: 00 00 00 00 07 00 1e 00 1c 00 1f 00 07 00 00 00  | ................
d6e0: 00 f8 f0 0e 1c e3 c6 f9 36 f9 c6 f9 1c e3 f0 0e  | ........6.......
d6f0: 00 00 00 00 e0 00 f8 00 38 00 f8 00 e0 00 00 00  | ........8.......
d700: 00 ff 5f c0 5f c0 00 ff 06 09 0c 12 18 64 20 f8  | .._._........d .
d710: 00 00 3d 00 3d 00 00 00 00 00 00 00 00 00 60 00  | ..=.=.........`.
d720: 00 ff fa 03 fa 03 00 ff 60 90 30 48 18 26 04 1f  | ........`.0H.&..
d730: 00 00 3c 00 3c 00 00 00 00 00 00 00 00 00 06 00  | ..<.<...........
d740: 00 3f 38 40 70 8f 6f 90 5f a0 1c a3 60 9f 3b 84  | .?8@p.o._...`.;.
d750: 00 00 07 00 10 00 20 00 00 00 40 00 20 00 78 00  | ...... ...@. .x.
d760: 00 fc 04 06 12 e3 ea 13 f2 0b 72 8b 72 8b ea 13  | ..........r.r...
d770: 00 00 f8 00 1c 00 0c 00 04 00 04 00 04 00 0c 00  | ................
d780: 00 1c 1c 3e 12 73 0a 5b 0e 1f 00 4e 00 00 00 00  | ...>.s.[...N....
d790: 1c 00 3e 00 7f 00 57 00 1f 00 4e 00 00 00 00 00  | ..>...W...N.....
d7a0: 00 00 00 2c 00 06 06 1f 1a 3b 12 33 1c 3e 00 1c  | ...,.....;.3.>..
d7b0: 00 00 2c 00 06 00 1f 00 37 00 3f 00 3e 00 1c 00  | ..,.....7.?.>...
d7c0: 00 7f 3f c0 7f 80 7f 80 7f 80 7f 80 7f 80 7f 80  | ..?.............
d7d0: 00 00 3f 00 60 00 40 00 40 00 40 00 40 00 40 00  | ..?.`.@.@.@.@.@.
d7e0: 00 fe fc 03 fe 03 be 43 be 43 be 43 be 43 be 43  | .......C.C.C.C.C
d7f0: 00 00 fc 00 04 00 00 00 00 00 00 00 00 00 00 00  | ................
d800: 04 1c 04 1d 00 3e 08 3c 10 78 0f 7f 00 ff 00 1f  | .....>.<.x......
d810: 0f 00 0a 00 11 00 1b 00 37 00 2f 00 1f 00 00 00  | ........7./.....
d820: 04 cf 04 4f 08 4e 10 5e 20 7c 80 f8 00 f0 00 80  | ...O.N.^ |......
d830: 36 00 b6 00 bc 00 bc 00 b8 00 f0 00 80 00 00 00  | 6...............
d840: 1d 22 0f 10 1f 20 1f 20 3e 41 38 46 60 98 00 e0  | ."... . >A8F`...
d850: 1d 00 0f 00 1f 00 1f 00 3e 00 38 00 60 00 00 00  | ........>.8.`...
d860: 70 88 e0 10 f0 08 f0 08 f8 04 38 c4 0c 32 00 0e  | p.........8..2..
d870: 70 00 e0 00 f0 00 f0 00 f8 00 38 00 0c 00 00 00  | p.........8.....
d880: 79 80 7f cf 70 ff 0d 72 1d 22 1f 20 0f 10 00 0f  | y...p..r.". ....
d890: 06 00 00 00 00 00 00 00 00 00 00 00 00 00 00 00  | ................
d8a0: e6 01 fe f9 0e fd b0 4e b8 44 f8 04 f0 08 00 f0  | .......N.D......
d8b0: 18 00 00 00 00 00 00 00 00 00 00 00 00 00 00 00  | ................
d8c0: 00 1f 01 63 00 9a 00 a6 28 ba 34 7e 0a 3e 00 0f  | ...c....(.4~.>..
d8d0: 00 00 00 00 61 00 59 00 45 00 01 00 01 00 00 00  | ....a.Y.E.......
d8e0: 00 f8 00 c6 82 db 82 e7 96 df ac fe d0 fc 00 f0  | ................
d8f0: 00 00 00 00 04 00 18 00 20 00 00 00 00 00 00 00  | ........ .......
d900: 40 f8 18 64 0c 12 06 09 00 ff 5f c0 5f c0 00 ff  | @..d......_._...
d910: 60 00 00 00 00 00 00 00 00 00 3d 00 3d 00 00 00  | `.........=.=...
d920: 02 1f 18 26 30 48 60 90 00 ff fa 03 fa 03 00 ff  | ...&0H`.........
d930: 06 00 00 00 00 00 00 00 00 00 3c 00 3c 00 00 00  | ..........<.<...
d940: 3b 84 3c 83 3b 84 3b 84 1c 83 40 c0 3f 7f 00 3f  | ;.<.;.;...@.?..?
d950: 78 00 7c 00 78 00 78 00 7c 00 3f 00 00 00 00 00  | x.|.x.x.|.?.....
d960: 9a 63 7a 83 ba 43 ba 43 72 83 06 07 fc fe 00 fc  | .cz..C.Cr.......
d970: 1c 00 7c 00 3c 00 3c 00 7c 00 f8 00 00 00 00 00  | ..|.<.<.|.......
d980: 00 00 00 00 18 00 3c 00 3c 00 18 00 00 00 00 00  | ......<.<.......
d990: 00 00 18 00 3c 00 66 00 66 00 3c 00 18 00 00 00  | ....<.f.f.<.....
d9a0: 00 00 3c 00 7e 00 7e 00 7e 00 7e 00 3c 00 00 00  | ..<.~.~.~.~.<...
d9b0: 3c 00 7e 00 e7 00 c3 00 c3 00 e7 00 7e 00 3c 00  | <.~.........~.<.
d9c0: 7c 83 76 8f 6e 9b 6c 9f 71 8e 7f 80 3f ff 00 7f  | |.v.n.l.q...?...
d9d0: 40 00 40 00 40 00 40 00 40 00 60 00 00 00 00 00  | @.@.@.@.@.`.....
d9e0: 3e c3 3e c3 3e c3 7e 83 fe 03 fe 07 fc ff 00 fe  | >.>.>.~.........
d9f0: 00 00 00 00 00 00 00 00 00 00 00 00 00 00 00 00  | ................
da00: 00 18 00 10 00 08 00 00 00 00 00 00 00 00 00 00  | ................
da10: 18 18 10 10 08 08 00 00 00 00 00 00 00 00 00 00  | ................
da20: 00 00 00 00 00 38 00 0c 00 3c 00 4c 00 3e 00 00  | .....8...<.L.>..
da30: 00 00 00 00 38 38 0c 0c 3c 3c 4c 4c 3e 3e 00 00  | ....88..<<LL>>..
da40: 00 60 00 60 00 60 00 78 00 64 00 64 00 78 00 00  | .`.`.`.x.d.d.x..
da50: 60 60 60 60 60 60 78 78 64 64 64 64 78 78 00 00  | ``````xxddddxx..
da60: 00 00 00 00 00 38 00 64 00 60 00 64 00 38 00 00  | .....8.d.`.d.8..
da70: 00 00 00 00 38 38 64 64 60 60 64 64 38 38 00 00  | ....88dd``dd88..
da80: 00 0c 00 0c 00 0c 00 3c 00 4c 00 4c 00 3c 00 00  | .......<.L.L.<..
da90: 0c 0c 0c 0c 0c 0c 3c 3c 4c 4c 4c 4c 3c 3c 00 00  | ......<<LLLL<<..
daa0: 00 00 00 00 00 38 00 64 00 7c 00 60 00 3c 00 00  | .....8.d.|.`.<..
dab0: 00 00 00 00 38 38 64 64 7c 7c 60 60 3c 3c 00 00  | ....88dd||``<<..
dac0: 00 18 00 30 00 30 00 78 00 30 00 30 00 30 00 00  | ...0.0.x.0.0.0..
dad0: 18 18 30 30 30 30 78 78 30 30 30 30 30 30 00 00  | ..0000xx000000..
dae0: 00 00 00 00 00 38 00 4c 00 4c 00 3c 00 0c 00 78  | .....8.L.L.<...x
daf0: 00 00 00 00 38 38 4c 4c 4c 4c 3c 3c 0c 0c 78 78  | ....88LLLL<<..xx
db00: 00 60 00 60 00 60 00 78 00 64 00 64 00 64 00 00  | .`.`.`.x.d.d.d..
db10: 60 60 60 60 60 60 78 78 64 64 64 64 64 64 00 00  | ``````xxdddddd..
db20: 00 00 00 18 00 00 00 18 00 18 00 18 00 18 00 00  | ................
db30: 00 00 18 18 00 00 18 18 18 18 18 18 18 18 00 00  | ................
db40: 00 00 00 18 00 00 00 18 00 18 00 18 00 18 00 30  | ...............0
db50: 00 00 18 18 00 00 18 18 18 18 18 18 18 18 30 30  | ..............00
db60: 00 60 00 60 00 64 00 78 00 60 00 70 00 6c 00 00  | .`.`.d.x.`.p.l..
db70: 60 60 60 60 64 64 78 78 60 60 70 70 6c 6c 00 00  | ````ddxx``ppll..
db80: 00 30 00 30 00 30 00 30 00 30 00 30 00 18 00 00  | .0.0.0.0.0.0....
db90: 30 30 30 30 30 30 30 30 30 30 30 30 18 18 00 00  | 000000000000....
dba0: 00 00 00 00 00 ec 00 d2 00 d2 00 d2 00 d2 00 00  | ................
dbb0: 00 00 00 00 ec ec d2 d2 d2 d2 d2 d2 d2 d2 00 00  | ................
dbc0: 00 00 00 00 00 78 00 64 00 64 00 64 00 64 00 00  | .....x.d.d.d.d..
dbd0: 00 00 00 00 78 78 64 64 64 64 64 64 64 64 00 00  | ....xxdddddddd..
dbe0: 00 00 00 00 00 38 00 64 00 64 00 64 00 38 00 00  | .....8.d.d.d.8..
dbf0: 00 00 00 00 38 38 64 64 64 64 64 64 38 38 00 00  | ....88dddddd88..
dc00: 00 00 00 00 00 78 00 64 00 64 00 78 00 60 00 60  | .....x.d.d.x.`.`
dc10: 00 00 00 00 78 78 64 64 64 64 78 78 60 60 60 60  | ....xxddddxx````
dc20: 00 00 00 00 00 3c 00 4c 00 4c 00 3c 00 0c 00 0e  | .....<.L.L.<....
dc30: 00 00 00 00 3c 3c 4c 4c 4c 4c 3c 3c 0c 0c 0e 0e  | ....<<LLLL<<....
dc40: 00 00 00 00 00 6c 00 70 00 60 00 60 00 60 00 00  | .....l.p.`.`.`..
dc50: 00 00 00 00 6c 6c 70 70 60 60 60 60 60 60 00 00  | ....llpp``````..
dc60: 00 00 00 00 00 3c 00 60 00 38 00 0c 00 78 00 00  | .....<.`.8...x..
dc70: 00 00 00 00 3c 3c 60 60 38 38 0c 0c 78 78 00 00  | ....<<``88..xx..
dc80: 00 00 00 30 00 78 00 30 00 30 00 30 00 18 00 00  | ...0.x.0.0.0....
dc90: 00 00 30 30 78 78 30 30 30 30 30 30 18 18 00 00  | ..00xx000000....
dca0: 00 00 00 00 00 64 00 64 00 64 00 64 00 3a 00 00  | .....d.d.d.d.:..
dcb0: 00 00 00 00 64 64 64 64 64 64 64 64 3a 3a 00 00  | ....dddddddd::..
dcc0: 00 00 00 00 00 64 00 64 00 64 00 28 00 10 00 00  | .....d.d.d.(....
dcd0: 00 00 00 00 64 64 64 64 64 64 28 28 10 10 00 00  | ....dddddd((....
dce0: 00 00 00 00 00 d2 00 d2 00 d2 00 d2 00 6c 00 00  | .............l..
dcf0: 00 00 00 00 d2 d2 d2 d2 d2 d2 d2 d2 6c 6c 00 00  | ............ll..
dd00: 00 00 00 00 00 62 00 34 00 18 00 2c 00 46 00 00  | .....b.4...,.F..
dd10: 00 00 00 00 62 62 34 34 18 18 2c 2c 46 46 00 00  | ....bb44..,,FF..
dd20: 00 00 00 00 00 64 00 64 00 3c 00 04 00 64 00 38  | .....d.d.<...d.8
dd30: 00 00 00 00 64 64 64 64 3c 3c 04 04 64 64 38 38  | ....dddd<<..dd88
dd40: 00 00 00 00 00 7c 00 0c 00 18 00 30 00 7c 00 00  | .....|.....0.|..
dd50: 00 00 00 00 7c 7c 0c 0c 18 18 30 30 7c 7c 00 00  | ....||....00||..
dd60: 00 78 00 30 00 30 00 30 00 31 00 31 00 7f 00 00  | .x.0.0.0.1.1....
dd70: 78 78 30 30 30 30 30 30 31 31 31 31 7f 7f 00 00  | xx0000001111....
dd80: 00 e3 00 76 00 7e 00 6a 00 6a 00 62 00 f7 00 00  | ...v.~.j.j.b....
dd90: e3 e3 76 76 7e 7e 6a 6a 6a 6a 62 62 f7 f7 00 00  | ..vv~~jjjjbb....
dda0: 00 3d 00 63 00 70 00 3e 00 07 00 63 00 5e 00 00  | .=.c.p.>...c.^..
ddb0: 3d 3d 63 63 70 70 3e 3e 07 07 63 63 5e 5e 00 00  | ==ccpp>>..cc^^..
ddc0: 00 00 00 00 00 60 00 92 00 0c 00 00 00 00 00 00  | .....`..........
ddd0: 00 00 00 00 60 60 92 92 0c 0c 00 00 00 00 00 00  | ....``..........
dde0: 00 00 00 00 00 00 00 00 00 00 00 00 00 00 00 00  | ................
ddf0: 00 00 00 00 00 00 00 00 00 00 00 00 00 00 00 00  | ................
de00: 00 00 00 00 00 00 00 00 00 00 00 00 00 00 00 00  | ................
de10: 00 00 00 00 00 00 00 00 00 00 00 00 00 00 00 00  | ................
de20: 00 00 00 00 00 00 00 00 00 00 00 00 00 00 00 00  | ................
de30: 00 00 00 00 00 00 00 00 00 00 00 00 00 00 00 00  | ................
de40: 00 00 00 00 00 00 00 00 00 00 00 00 00 00 00 00  | ................
de50: 00 00 00 00 00 00 00 00 00 00 00 00 00 00 00 00  | ................
de60: 00 00 00 00 00 00 00 00 00 00 00 00 00 00 00 00  | ................
de70: 00 00 00 00 00 00 00 00 00 00 00 00 00 00 00 00  | ................
de80: 00 00 00 00 00 00 00 00 00 00 00 00 00 00 00 00  | ................
de90: 00 00 00 00 00 00 00 00 00 00 00 00 00 00 00 00  | ................
dea0: 00 00 00 00 00 00 00 00 00 00 00 00 00 00 00 00  | ................
deb0: 00 00 00 00 00 00 00 00 00 00 00 00 00 00 00 00  | ................
dec0: 00 00 00 00 00 00 00 00 00 00 00 00 00 00 00 00  | ................
ded0: 00 00 00 00 00 00 00 00 00 00 00 00 00 00 00 00  | ................
dee0: 00 00 00 00 00 00 00 00 00 00 00 00 00 00 00 00  | ................
def0: 00 00 00 00 00 00 00 00 00 00 00 00 00 00 00 00  | ................
df00: ff ff ff ff ff ff ff ff ff ff ff ff ff ff ff ff  | ................
df10: 00 ff 00 ff 00 ff 00 ff 00 ff 00 ff 00 ff 00 ff  | ................
df20: 00 00 00 00 00 00 00 00 00 00 00 00 00 00 00 00  | ................
df30: 00 00 00 00 00 00 00 00 00 00 00 00 00 00 00 00  | ................
df40: 00 00 00 00 00 00 00 00 00 00 00 00 00 00 00 00  | ................
df50: 00 00 00 00 00 00 00 00 00 00 00 00 00 00 00 00  | ................
df60: 00 00 00 00 00 00 00 00 00 00 00 00 00 00 00 00  | ................
df70: 00 00 00 00 00 00 00 00 00 00 00 00 00 00 00 00  | ................
df80: 00 00 00 00 00 00 00 00 00 00 00 00 00 00 00 00  | ................
df90: 00 00 00 00 00 00 00 00 00 00 00 00 00 00 00 00  | ................
dfa0: 00 00 00 00 00 00 00 00 00 00 00 00 00 00 00 00  | ................
dfb0: 00 00 00 00 00 00 00 00 00 00 00 00 00 00 00 00  | ................
dfc0: 00 00 00 00 00 00 00 00 00 00 00 00 00 00 00 00  | ................
dfd0: 00 00 00 00 00 00 00 00 00 00 00 00 00 00 00 00  | ................
dfe0: 00 00 00 00 00 00 00 00 00 00 00 00 00 00 00 00  | ................
dff0: 00 00 00 00 00 00 00 00 00 00 00 00 00 00 00 00  | ................
e000: 00 00 00 00 00 00 01 00 03 01 07 03 0f 07 1f 0f  | ................
e010: 00 00 00 00 00 00 01 00 02 00 04 00 08 00 10 00  | ................
e020: 0f 00 3f 0f ff 7c ff f0 ff f0 ff e0 e7 e0 c3 83  | ..?..|..........
e030: 0f 00 30 00 80 00 02 00 06 00 0d 00 07 18 40 3c  | ..0...........@<
e040: f0 00 fc c0 fe 78 bf 38 9f 18 5f 00 9f 00 0f 00  | .....x.8.._.....
e050: f0 00 3c 00 06 00 c7 00 e7 00 ff 00 9f 60 0f f0  | ..<..........`..
e060: 00 00 00 00 00 00 00 00 00 00 80 00 c0 00 c0 00  | ................
e070: 00 00 00 00 00 00 00 00 00 00 80 00 c0 00 c0 00  | ................
e080: 00 00 00 00 00 00 00 00 00 00 00 00 00 00 00 00  | ................
e090: 00 00 00 00 00 00 00 00 00 00 00 00 00 00 00 00  | ................
e0a0: 00 00 00 00 00 00 00 00 00 00 00 00 00 00 00 00  | ................
e0b0: 00 00 00 00 00 00 00 00 00 00 00 00 00 00 00 00  | ................
e0c0: 00 00 00 00 00 00 00 00 00 00 00 00 00 00 00 01  | ................
e0d0: 00 00 00 00 00 00 00 00 00 00 00 00 00 00 01 00  | ................
e0e0: 41 41 23 63 37 77 1f 7e 5f 3c 7f 1c 03 7f 7c ff  | AA#c7w.~_<....|.
e0f0: 41 00 63 00 77 00 7e 00 3c 00 1c 00 7f 00 ff 00  | A.c.w.~.<.......
e100: 04 84 08 8c 58 dc 00 fc 8c 78 8c 70 00 fc 7c fc  | ....X....x.p..|.
e110: 84 00 8c 00 dc 00 fc 00 78 00 70 00 fc 00 fc 00  | ........x.p.....
e120: 00 00 00 00 00 00 00 00 00 00 00 00 00 00 00 00  | ................
e130: 00 00 00 00 00 00 00 00 00 00 00 00 00 00 00 00  | ................
e140: 00 00 00 00 00 00 00 00 00 00 00 00 00 00 00 00  | ................
e150: 00 00 00 00 00 00 00 00 00 00 00 00 00 00 00 00  | ................
e160: 00 00 00 00 00 00 00 00 00 00 00 00 00 00 00 00  | ................
e170: 00 00 00 00 00 00 00 00 00 00 00 00 00 00 00 00  | ................
e180: 00 00 00 00 00 00 00 00 00 00 00 00 00 00 00 00  | ................
e190: 00 00 00 00 00 00 00 00 00 00 00 00 00 00 00 00  | ................
e1a0: 0f 00 1f 0f 3f 1f 7f 20 7f 00 7f 00 ff 00 ff 7c  | ....?.. .......|
e1b0: 0f 00 10 00 20 00 40 00 48 00 48 00 ce 00 80 00  | .... .@.H.H.....
e1c0: 80 00 f0 80 f8 c0 fc 60 fe 30 ff 38 ff 38 ff 18  | .......`.0.8.8..
e1d0: 80 00 70 00 38 00 9c 00 4e 00 47 00 47 00 67 00  | ..p.8...N.G.G.g.
e1e0: 00 00 00 00 00 00 00 00 00 00 00 00 00 00 80 00  | ................
e1f0: 00 00 00 00 00 00 00 00 00 00 00 00 00 00 80 00  | ................
e200: 1f 0e 1f 0c 1f 08 1c 03 0c 03 00 07 00 1f 00 1f  | ................
e210: 11 00 13 00 17 00 1d 00 0d 00 19 00 38 00 38 00  | ............8.8.
e220: bf 20 e0 c3 c0 03 1c cf 38 d7 30 5c 1c 00 00 0c  | . ......8.0\....
e230: 9f 40 3f 00 ff 00 ef 00 d3 00 d3 00 e3 00 ff 00  | .@?.............
e240: f7 18 1f 0c 0f 00 e0 cf b0 6f 30 e7 e0 03 00 67  | .........o0....g
e250: e7 00 f3 00 ff 00 de 00 2e 00 2e 00 1c 00 fe 00  | ................
e260: c0 00 c0 00 80 00 00 00 00 00 00 00 00 80 00 c0  | ................
e270: c0 00 c0 00 80 00 00 00 00 00 80 00 c0 00 c0 00  | ................
e280: 00 00 00 00 00 00 00 00 00 00 00 00 00 00 00 00  | ................
e290: 00 00 00 00 00 00 00 00 00 00 00 00 00 00 00 00  | ................
e2a0: 00 00 00 00 00 00 00 10 00 10 00 18 08 1f 0f 1f  | ................
e2b0: 00 00 00 00 00 00 10 00 10 00 18 00 1f 00 1f 00  | ................
e2c0: 01 03 01 07 03 0f 0f 13 1f 37 3f ff 7f ff fe 3f  | .........7?....?
e2d0: 03 00 07 00 0f 00 13 00 37 00 ff 00 ff 00 3f 00  | ........7.....?.
e2e0: fe ff ff ff ff ff ef ff c7 ff 80 ff 80 fb 00 f0  | ................
e2f0: ff 00 ff 00 ff 00 ff 00 ff 00 ff 00 ff 00 ff 00  | ................
e300: 7f ef 7f ef ff ef ef ff c7 ff 03 ff 01 bf 00 1f  | ................
e310: ef 00 ef 00 ef 00 ff 00 ff 00 ff 00 ff 00 ff 00  | ................
e320: 00 80 80 c0 80 f0 e0 18 f8 dc fc fe fe ff ff ef  | ................
e330: 80 00 c0 00 f0 00 18 00 dc 00 fe 00 ff 00 ef 00  | ................
e340: 00 00 00 00 00 08 00 08 00 18 00 38 20 f8 e0 f0  | ...........8 ...
e350: 00 00 00 00 08 00 08 00 18 00 38 00 f8 00 f0 00  | ..........8.....
e360: 00 00 00 00 00 00 00 00 00 00 00 00 00 00 00 00  | ................
e370: 00 00 00 00 00 00 00 00 00 00 00 00 00 00 00 00  | ................
e380: 01 00 06 01 08 07 00 0f 00 0f 00 07 00 03 00 00  | ................
e390: 01 00 06 00 08 00 00 00 00 00 00 00 00 00 00 00  | ................
e3a0: ff 03 03 fc 00 c7 00 83 00 bf 0c f3 1e e1 1e 61  | ...............a
e3b0: fc 00 03 00 00 38 03 7c 3f 40 73 00 61 00 67 00  | .....8.|?@s.a.g.
e3c0: ff c0 ff 30 07 c0 03 80 05 f8 33 cd 79 86 78 87  | ...0......3.y.x.
e3d0: 3f 00 cf 00 07 38 03 7c c5 00 ca 00 85 00 9f 00  | ?....8.|........
e3e0: 80 00 e0 00 f8 20 fc 30 fc 30 fe 18 fe 88 ff 08  | ..... .0.0......
e3f0: 80 00 e0 00 d8 00 cc 00 cc 00 e6 00 76 00 f7 00  | ............v...
e400: 00 1e 00 00 00 00 00 00 00 00 00 00 00 00 00 00  | ................
e410: 39 00 3f 00 1e 01 0f 00 03 00 03 00 01 00 00 00  | 9.?.............
e420: 00 10 00 10 00 18 00 0f 00 07 00 00 03 00 07 00  | ................
e430: bf 40 3f c0 1f e0 0f f0 07 f8 c0 3f c0 3c 7f 00  | .@?........?.<..
e440: 00 73 00 31 00 f1 00 e3 00 c7 00 07 80 06 c0 1c  | .s.1............
e450: fa 04 f1 0e f1 0e e3 1c c7 38 07 f8 06 78 fc 00  | .........8...x..
e460: 00 c0 00 80 00 80 00 00 00 00 00 00 00 00 00 00  | ................
e470: c0 00 80 00 80 00 00 00 00 00 00 00 00 00 00 00  | ................
e480: 00 00 00 00 00 00 00 00 00 00 00 00 00 00 00 00  | ................
e490: 00 00 00 00 00 00 00 00 00 00 00 00 00 00 00 00  | ................
e4a0: 0f 1f 07 0f 03 0f 01 0f 00 07 00 07 00 07 00 03  | ................
e4b0: 1f 00 0f 00 0f 00 0f 00 07 00 07 00 07 00 03 00  | ................
e4c0: fe ef fc ff fc ff fc ff f0 ff 60 ff 00 ff 00 ff  | ..........`.....
e4d0: ef 00 ff 00 ff 00 fe 00 fc 00 fe 00 fe 00 fe 00  | ................
e4e0: 00 e0 00 c0 00 f8 00 f8 38 c4 58 bc 40 bc 40 bc  | ........8.X.@.@.
e4f0: 1f 00 ff 00 07 00 07 00 03 00 1b 00 03 00 03 00  | ................
e500: 00 0f 00 07 00 3f 00 3f 3c 43 36 79 06 79 06 79  | .....?.?<C6y.y.y
e510: f1 00 ff 00 c1 00 c0 00 80 00 b0 00 80 00 80 00  | ................
e520: ff fd 7f ff 7f ff 3f ff 1e ff 0c ff 00 ff 00 ff  | ......?.........
e530: fd 00 ff 00 ff 00 ff 00 7f 00 ff 00 ff 00 ff 00  | ................
e540: e0 f0 c0 f0 80 e0 00 e0 00 c0 00 c0 00 c0 00 c0  | ................
e550: f0 00 f0 00 e0 00 e0 00 c0 00 c0 00 c0 00 c0 00  | ................
e560: 00 00 00 00 00 00 00 00 00 00 00 00 00 00 00 00  | ................
e570: 00 00 00 00 00 00 00 00 00 00 00 00 00 00 00 00  | ................
e580: 00 00 00 00 00 00 00 00 00 00 00 00 00 00 00 04  | ................
e590: 00 00 00 00 00 00 00 00 00 00 00 00 00 00 00 00  | ................
e5a0: 1e 63 1c 63 1e 60 00 3c 00 42 00 80 00 80 00 81  | .c.c.`.<.B......
e5b0: 6d 00 6d 00 67 00 3f 00 7f 00 ff 00 ff 00 ff 00  | m.m.g.?.........
e5c0: 78 8f 70 8f 78 03 70 09 20 53 00 0b 00 9b 00 ff  | x.p.x.p. S......
e5d0: b7 00 b7 00 9f 00 8f 00 de 00 f7 00 e7 00 c2 00  | ................
e5e0: 3f c0 03 fc 01 f6 00 f6 00 f2 00 f2 00 e6 00 86  | ?...............
e5f0: bf 00 9f 00 1f 00 0e 00 1e 00 1e 00 3e 00 fe 00  | ............>...
e600: 01 01 06 01 0f 07 1f 0f 3f 1f 3f 1f 7f 3b 7e 3d  | ........?.?..;~=
e610: 01 00 06 00 08 00 10 00 20 00 20 00 44 00 42 00  | ........ . .D.B.
e620: c7 c3 63 f0 b0 f8 d8 ff dc ff de ff ee 9f ed 1a  | ..c.............
e630: fc 00 6f 00 37 00 1b 00 1c 00 1e 00 6e 00 ee 00  | ..o.7.......n...
e640: c0 98 86 38 03 7c 21 de f4 0f 7a a7 7b a7 7b b7  | ...8.|!...z.{.{.
e650: 78 00 e6 00 e3 00 e1 00 f4 00 5a 00 5b 00 4b 00  | x.........Z.[.K.
e660: 00 00 00 00 80 00 c0 00 e0 00 70 80 70 80 b8 40  | ..........p.p..@
e670: 00 00 00 00 80 00 c0 00 e0 00 70 00 70 00 f8 00  | ..........p.p...
e680: 00 00 00 00 00 00 00 00 00 00 00 00 00 00 00 00  | ................
e690: 00 00 00 00 00 00 00 00 00 00 00 00 00 00 00 00  | ................
e6a0: 00 03 00 01 00 01 00 08 00 07 03 07 01 03 00 01  | ................
e6b0: 03 00 01 00 01 00 08 00 07 00 07 00 03 00 01 00  | ................
e6c0: 00 fe 00 fe 00 fe 20 fe ec fe ee f3 ee f3 ee ff  | ...... .........
e6d0: ff 00 ff 00 ff 00 f3 00 e1 00 e0 00 e0 00 e0 00  | ................
e6e0: 60 f8 00 c0 00 80 00 80 80 80 03 83 03 83 01 c1  | `...............
e6f0: e7 00 ff 00 ff 00 ff 00 ff 00 7c 00 7c 00 3e 00  | ..........|.|.>.
e700: 0e 3f 00 03 00 01 00 01 01 01 80 81 80 81 00 03  | .?..............
e710: cf 00 ff 00 ff 00 ff 00 ff 00 7e 00 7e 00 fc 00  | ..........~.~...
e720: 00 7f 00 7f 00 7f 0c 7e 6e ff ef 9f ef 9f ee ff  | .......~n.......
e730: ff 00 ff 00 ff 00 9e 00 0f 00 0f 00 0f 00 0f 00  | ................
e740: 00 80 00 00 00 00 00 20 00 c0 80 c0 00 c0 00 00  | ....... ........
e750: 80 00 00 00 00 00 20 00 c0 00 c0 00 c0 00 00 00  | ...... .........
e760: 00 00 00 00 00 00 00 00 00 00 00 00 00 00 00 00  | ................
e770: 00 00 00 00 00 00 00 00 00 00 00 00 00 00 00 00  | ................
e780: 00 07 00 07 00 03 00 03 00 00 00 00 00 00 00 00  | ................
e790: 00 00 00 00 00 00 00 00 00 00 00 00 00 00 00 00  | ................
e7a0: 00 67 00 ff 00 ff 00 ff 00 ff 00 0b 00 08 00 04  | .g..............
e7b0: 7f 00 3e 00 00 00 00 00 08 00 0f 00 0f 00 07 00  | ..>.............
e7c0: 00 ff 00 ff 00 ff 00 fb 00 f7 00 e7 00 c7 03 0c  | ................
e7d0: 83 00 02 00 06 00 0f 00 3e 00 de 00 3c 00 ff 00  | ........>...<...
e7e0: 00 8c 00 f8 00 f0 00 e0 00 c0 00 80 00 00 00 00  | ................
e7f0: fc 00 78 00 30 00 00 00 00 00 00 00 00 00 00 00  | ..x.0...........
e800: 7f 3e 7f 3e 7f 3e 3f 1c 3f 18 3e 11 09 36 17 28  | .>.>.>?.?.>..6.(
e810: 41 00 41 00 41 00 23 00 27 00 2e 00 08 00 00 00  | A.A.A.#.'.......
e820: aa 54 a8 54 88 74 4c ba 57 bf c8 3f af 5f 67 9f  | .T.T.tL.W..?._g.
e830: ad 00 af 00 8f 00 0f 00 17 00 08 00 0f 00 07 00  | ................
e840: 3d 42 3d 7e 3d 7e bd ff 7e ff fe ff fe ff fe ff  | =B=~=~..~.......
e850: bd 00 bd 00 bd 00 bd 00 7e 00 fe 00 fe 00 fe 00  | ........~.......
e860: 5c 80 1c 80 0c 90 b0 68 c0 f0 00 f4 00 f4 00 fa  | \......h........
e870: bc 00 fc 00 ec 00 e0 00 c0 00 08 00 08 00 04 00  | ................
e880: 00 00 00 00 00 00 00 00 00 00 00 00 00 00 00 00  | ................
e890: 00 00 00 00 00 00 00 00 00 00 00 00 00 00 00 00  | ................
e8a0: 00 00 00 00 00 01 00 03 01 07 01 07 03 0f 07 0f  | ................
e8b0: 00 00 00 00 01 00 03 00 07 00 07 00 0f 00 0f 00  | ................
e8c0: 30 ff 3c ff 7c ff f8 ff f0 af e0 ff e0 ff c0 ff  | 0.<.|...........
e8d0: f0 00 ff 00 ff 00 ff 00 af 00 ff 00 ff 00 ff 00  | ................
e8e0: 00 e0 00 e0 00 f0 00 fc 00 ff 1e e7 1c e7 0f f3  | ................
e8f0: 9f 00 df 00 cf 00 e3 00 c0 00 d8 00 d8 00 ec 00  | ................
e900: 00 07 00 0f 10 1f 40 7f 00 ff 18 ff b8 7f e0 3f  | ......@........?
e910: f8 00 f3 00 f7 00 c7 00 03 00 03 00 83 00 c3 00  | ................
e920: 1c fe 1c fe 58 fe f0 fe fc fb fc f7 3c ef 0c ff  | ....X.......<...
e930: 1e 00 fe 00 fe 00 fe 00 fb 00 f7 00 ef 00 ff 00  | ................
e940: 00 00 00 00 00 00 00 00 00 00 00 00 00 80 00 80  | ................
e950: 00 00 00 00 00 00 00 00 00 00 00 00 80 00 80 00  | ................
e960: 00 00 00 00 00 00 00 00 00 00 00 00 00 00 00 00  | ................
e970: 00 00 00 00 00 00 00 00 00 00 00 00 00 00 00 00  | ................
e980: 00 00 00 00 00 00 00 00 00 00 00 00 01 00 03 00  | ................
e990: 00 00 00 00 00 00 00 00 00 00 00 00 01 00 03 00  | ................
e9a0: 00 04 00 02 00 01 19 06 65 1e d8 3f b3 7c 67 fb  | ........e..?.|g.
e9b0: 07 00 03 00 01 00 19 00 65 00 d8 00 b3 00 64 00  | ........e.....d.
e9c0: 03 0c 06 09 1d a3 fa 17 f6 ef ec 1f 0c ff dc bf  | ................
e9d0: ff 00 fe 00 fd 00 ea 00 16 00 ec 00 0c 00 5c 00  | ..............\.
e9e0: 00 00 30 c0 38 c0 7c b0 7e b8 fe 78 fe 78 ff 7c  | ..0.8.|.~..x.x.|
e9f0: 00 00 30 00 38 00 4c 00 46 00 86 00 86 00 83 00  | ..0.8.L.F.......
ea00: 0c 13 0f 30 1e 28 10 20 00 38 00 07 00 07 03 07  | ...0.(. .8......
ea10: 00 00 00 00 09 00 0f 00 07 00 00 00 00 00 03 00  | ................
ea20: e7 0f 83 1f 07 1f 07 3f 0f ff 1f ff 7f ff ff ff  | .......?........
ea30: 17 00 63 00 e7 00 c7 00 0f 00 1f 00 7f 00 ff 00  | ..c.............
ea40: fe ff fe ff fc ff fc ff fc ff fc ff f8 ff f8 ff  | ................
ea50: fe 00 fe 00 fc 00 fc 00 fc 00 fc 00 f8 00 f8 00  | ................
ea60: 00 f9 00 fa 00 fe 00 fc 00 f0 00 f0 00 e0 00 e0  | ................
ea70: 06 00 04 00 00 00 00 00 00 00 00 00 00 00 00 00  | ................
ea80: 00 00 00 00 00 00 00 00 00 00 00 00 00 00 00 00  | ................
ea90: 00 00 00 00 00 00 00 00 00 00 00 00 00 00 00 00  | ................
eaa0: 07 0f 07 0f 06 0f 07 0f 07 0f 03 0f 03 0f 01 0f  | ................
eab0: 0f 00 0f 00 0f 00 0f 00 0f 00 0f 00 0f 00 0f 00  | ................
eac0: 80 ff 0f f0 3f c0 7f 80 7f 80 7f 81 7e 83 7e 83  | ....?.......~.~.
ead0: e0 00 c0 00 87 00 1f 00 1f 00 1e 00 1c 00 3c 00  | ..............<.
eae0: 07 fb 87 7e de 2f fe 41 fc 43 b8 c7 79 86 7b 84  | ...~./.A.C..y.{.
eaf0: 24 00 31 00 d1 00 b1 00 a3 00 0f 00 1e 00 3c 00  | $.1...........<.
eb00: f0 3f f8 7f f9 ee ff 00 7f 80 39 ce 3e c7 be 47  | .?........9.>..G
eb10: c7 00 86 00 10 00 ff 00 ff 00 f1 00 f8 00 78 00  | ..............x.
eb20: 0c ff f2 1f fd 0f fd 07 fd 07 fd 07 fd 87 fd 8f  | ................
eb30: 0f 00 63 00 f1 00 f9 00 f9 00 f9 00 79 00 71 00  | ..c.........y.q.
eb40: 00 80 00 c0 00 c0 80 c0 80 e0 c0 e0 c0 e0 80 e0  | ................
eb50: 80 00 c0 00 c0 00 c0 00 e0 00 e0 00 e0 00 e0 00  | ................
eb60: 00 00 00 00 00 00 00 00 00 00 00 00 00 00 00 00  | ................
eb70: 00 00 00 00 00 00 00 00 00 00 00 00 00 00 00 00  | ................
eb80: 03 00 06 01 06 01 0d 03 0d 03 1d 03 19 0e 16 09  | ................
eb90: 03 00 06 00 06 00 0d 00 0d 00 1d 00 13 00 11 00  | ................
eba0: 67 fb cf f7 cf f6 9f e8 9c e3 83 ff 1f ff 9f 7f  | g...............
ebb0: 64 00 c8 00 c9 00 97 00 9c 00 83 00 1f 00 9f 00  | d...............
ebc0: dc bf d9 3e b9 7e b9 7e 79 fe 69 d6 65 8a 45 8a  | ...>.~.~y.i.e.E.
ebd0: 5c 00 d9 00 b9 00 b9 00 79 00 59 00 1d 00 3d 00  | \.......y.Y...=.
ebe0: ff 7c ff 7c ff 7c ff 3c ff 3c ff 38 ff 38 ff 78  | .|.|.|.<.<.8.8.x
ebf0: 83 00 83 00 83 00 c3 00 c3 00 c7 00 c7 00 87 00  | ................
ec00: 01 03 01 03 01 03 03 07 03 07 03 07 01 07 00 0f  | ................
ec10: 01 00 01 00 01 00 03 00 03 00 03 00 01 00 00 00  | ................
ec20: ff ff ff ff ff ff ff ff fe ff fa ff fc ff 9c ff  | ................
ec30: ff 00 ff 00 ff 00 ff 00 fe 00 fa 00 fc 00 9c 00  | ................
ec40: f0 ff e0 f3 00 df 00 bf 00 bf 00 7f 00 7f 10 7f  | ................
ec50: f0 00 e0 00 00 00 00 00 00 00 00 00 00 00 10 00  | ................
ec60: 00 e0 00 e0 00 c0 00 c0 00 c0 00 c0 00 c0 00 80  | ................
ec70: 00 00 00 00 00 00 00 00 00 00 00 00 00 00 00 00  | ................
ec80: 00 00 00 00 00 00 00 00 00 00 00 00 00 00 00 00  | ................
ec90: 00 00 00 00 00 00 00 00 00 00 00 00 00 00 00 00  | ................
eca0: 01 07 00 03 00 01 00 01 00 01 00 01 00 03 01 03  | ................
ecb0: 07 00 03 00 01 00 01 00 01 00 01 00 03 00 03 00  | ................
ecc0: 7e 83 3e cf 9e ff de ff c0 ff de ef de ef c0 ff  | ~.>.............
ecd0: 3c 00 30 00 80 00 c0 00 c0 00 d0 00 d0 00 c1 00  | <.0.............
ece0: 79 86 78 87 7c c3 7e c1 7f c0 7f e3 7f e3 3f f8  | y.x.|.~.......?.
ecf0: 7e 00 7f 00 3f 00 3f 00 3f 00 1c 00 1c 00 87 00  | ~...?.?.?.......
ed00: 3e c7 3f c7 7f 8f ff 0f fe 7f fe ff fe ff f8 7f  | >.?.............
ed10: f8 00 f8 00 f0 00 f0 00 80 00 00 00 00 00 81 00  | ................
ed20: fd ff 7d ff 7b ff 72 ff 02 ff f8 7f f8 7f 00 ff  | ..}.{.r.........
ed30: 01 00 01 00 03 00 03 00 03 00 83 00 83 00 03 00  | ................
ed40: 80 e0 00 c0 00 c0 00 80 00 00 00 00 00 80 00 c0  | ................
ed50: e0 00 c0 00 c0 00 80 00 00 00 00 00 80 00 c0 00  | ................
ed60: 00 00 00 00 00 00 00 00 00 00 00 00 00 00 00 00  | ................
ed70: 00 00 00 00 00 00 00 00 00 00 00 00 00 00 00 00  | ................
ed80: 36 09 30 09 30 09 31 0e 14 0f 2e 1f 6f 1f 6f 1f  | 6.0.0.1.....o.o.
ed90: 31 00 37 00 17 00 03 00 04 00 0e 00 0f 00 0f 00  | 1.7.............
eda0: 9f 7f 9f 7f 9f 7f 3f ff 3f ff 7f ff ff ff ff ff  | ......?.?.......
edb0: 9f 00 9f 00 9f 00 3f 00 3f 00 7f 00 ff 00 ff 00  | ......?.?.......
edc0: 05 8a 05 8a 09 d6 85 fa c5 fa ee f1 ef f0 ef f0  | ................
edd0: 7d 00 7c 00 38 00 80 00 c0 00 e0 00 e0 00 e0 00  | }.|.8...........
ede0: ff f8 ff 70 fe 20 fe 00 dc 00 04 00 00 f8 c0 08  | ...p. ..........
edf0: 07 00 8f 00 de 00 7e 00 3c 00 fc 00 00 00 30 00  | ......~.<.....0.
ee00: 07 0f 07 0f 00 0f 37 07 2f 0f 7f 3f 7f 00 00 03  | ......7./..?....
ee10: 07 00 07 00 00 00 38 00 30 00 40 00 7f 00 7f 00  | ......8.0.@.....
ee20: fc ff ec ff 74 fe e0 9e f0 ce fc 80 fc 00 10 ec  | ....t...........
ee30: fc 00 ec 00 74 00 60 00 30 00 7c 00 fc 00 fc 00  | ....t.`.0.|.....
ee40: 18 7f 38 7f 6c ff 3b fd 07 fb 7f 03 7f 00 04 18  | ..8.l.;.........
ee50: 18 00 38 00 6c 00 3a 00 04 00 7c 00 7f 00 7f 00  | ..8.l.:...|.....
ee60: 00 80 00 80 00 80 b8 80 fc e0 fe f0 fe 00 00 0e  | ................
ee70: 00 00 00 00 00 00 78 00 1c 00 0e 00 fe 00 fe 00  | ......x.........
ee80: 00 00 00 00 00 00 00 00 00 00 00 00 00 00 00 00  | ................
ee90: 00 00 00 00 00 00 00 00 00 00 00 00 00 00 00 00  | ................
eea0: 01 07 01 07 03 0f 07 0f 0f 1f 0f 1f 0e 1f 0c 3e  | ...............>
eeb0: 07 00 07 00 0f 00 0f 00 1f 00 1f 00 1f 00 3e 00  | ..............>.
eec0: c4 e7 84 e7 84 e7 84 e7 84 e7 84 e7 0c 4f 09 4e  | .............O.N
eed0: dd 00 dd 00 dd 00 dd 00 dd 00 dd 00 3c 00 38 00  | ............<.8.
eee0: 00 ff 1f e7 1f e7 00 ff 3f c4 3f c4 7f 88 ff 10  | ........?.?.....
eef0: c0 00 d8 00 d8 00 c0 00 9b 00 1b 00 37 00 6f 00  | ............7.o.
ef00: 00 ff 80 ff 80 ff 00 ff d8 3f e8 1f f6 0f fb 0f  | .........?......
ef10: 07 00 07 00 07 00 07 00 c3 00 e1 00 f0 00 f0 00  | ................
ef20: 0b 8f 0b 8f 0b 8f 0b 8f 09 8f 09 8f 0c 4f 04 e7  | .............O..
ef30: 7b 00 7b 00 7b 00 7b 00 7b 00 7b 00 3d 00 1d 00  | {.{.{.{.{.{.=...
ef40: 80 e0 e0 f0 e0 ff f8 fe f8 fe f8 fc c0 fc 70 f8  | ..............p.
ef50: e0 00 f0 00 ff 00 fe 00 fe 00 fc 00 fc 00 f8 00  | ................
ef60: 00 00 00 00 00 00 00 00 00 00 00 00 00 00 00 00  | ................
ef70: 00 00 00 00 00 00 00 00 00 00 00 00 00 00 00 00  | ................
ef80: 6f 1f 2f 1f 0f 1f 0f 1f 07 0f 07 0f 07 0f 07 0f  | o./.............
ef90: 0f 00 0f 00 0f 00 0f 00 07 00 07 00 07 00 07 00  | ................
efa0: ff ff ff ff ff ff ff ff ff ff ff ff ff ff ff ff  | ................
efb0: ff 00 ff 00 ff 00 ff 00 ff 00 ff 00 ff 00 ff 00  | ................
efc0: e3 f0 e0 f0 e0 f8 e0 fc f0 ff f8 ff fc ff ff ff  | ................
efd0: ec 00 ef 00 e7 00 e3 00 f0 00 f8 00 fc 00 ff 00  | ................
efe0: c0 0c 00 14 00 04 00 0c 00 3c 00 fc 00 fc 00 fc  | .........<......
eff0: 30 00 e8 00 f8 00 f0 00 c0 00 00 00 00 00 00 00  | 0...............
f000: 00 00 00 00 00 00 00 00 00 00 00 00 00 00 00 00  | ................
f010: 00 00 00 00 00 00 00 00 00 00 00 00 00 00 00 00  | ................
f020: 00 00 00 00 00 00 00 00 00 00 00 00 00 00 00 00  | ................
f030: 00 00 00 00 00 00 00 00 00 00 00 00 00 00 00 00  | ................
f040: 00 00 00 00 00 00 00 00 00 00 00 00 00 00 00 00  | ................
f050: 00 00 00 00 00 00 00 00 00 00 00 00 00 00 00 00  | ................
f060: 00 00 00 00 00 00 00 00 00 00 00 00 00 00 00 00  | ................
f070: 00 00 00 00 00 00 00 00 00 00 00 00 00 00 00 00  | ................
f080: 00 00 00 00 00 00 00 01 00 03 00 00 00 00 00 00  | ................
f090: 00 00 00 00 00 00 01 00 03 00 00 00 00 00 00 00  | ................
f0a0: 0c 3e 18 7c 00 f9 00 e2 00 04 00 08 01 09 03 13  | .>.|............
f0b0: 3e 00 7c 00 f8 00 e1 00 03 00 07 00 07 00 0f 00  | >.|.............
f0c0: 1b 9c 37 b8 2f 30 5f 60 df e0 bf c0 3f c0 7f 80  | ..7./0_`....?...
f0d0: 78 00 70 00 e1 00 c3 00 c3 00 87 00 07 00 0f 00  | x.p.............
f0e0: ff 20 ff 20 ff 20 ff 00 ff 00 ff 00 ff 00 ff 00  | . . . ..........
f0f0: df 00 df 00 df 00 ff 00 ff 00 bf 00 3f 00 3f 00  | ............?.?.
f100: f9 07 fd 07 fe 07 ff 07 ff 07 ff 07 ff 07 ff 03  | ................
f110: f8 00 f8 00 f8 00 f8 00 f8 00 f8 00 f8 00 fc 00  | ................
f120: 80 e1 d0 f0 e8 f8 f0 f8 f2 fe f9 ff fc ff fc fe  | ................
f130: 1e 00 1f 00 0f 00 07 00 03 00 01 00 00 00 00 00  | ................
f140: 38 fc 18 fc 00 7c 00 3c 00 1c 00 08 c0 c4 c0 c2  | 8....|.<........
f150: fc 00 7c 00 bc 00 dc 00 ec 00 f0 00 f8 00 fc 00  | ..|.............
f160: 00 00 00 00 00 00 00 00 00 00 00 00 00 00 00 00  | ................
f170: 00 00 00 00 00 00 00 00 00 00 00 00 00 00 00 00  | ................
f180: 03 07 03 07 01 03 01 03 01 03 00 01 00 01 00 01  | ................
f190: 03 00 03 00 01 00 01 00 01 00 00 00 00 00 00 00  | ................
f1a0: ff ff ff ff f7 ff f9 ff fc ff fe ff ff ff ff ff  | ................
f1b0: ff 00 ff 00 f7 00 f9 00 fc 00 fe 00 ff 00 ff 00  | ................
f1c0: ff ff ff ff f9 ff e3 ff 0f ff 0f ff 0f ff 0f ff  | ................
f1d0: ff 00 ff 00 f9 00 e3 00 0f 00 0f 00 0f 00 0f 00  | ................
f1e0: 80 f8 c0 f8 c0 f8 e0 f8 e0 f8 f0 fc f0 fc f0 fc  | ................
f1f0: 80 00 c0 00 c0 00 e0 00 e0 00 f0 00 f0 00 f0 00  | ................
f200: 00 00 00 00 00 00 00 00 00 00 00 00 00 00 00 00  | ................
f210: 00 00 00 00 00 00 00 00 00 00 00 00 00 00 00 00  | ................
f220: 00 00 00 00 00 00 00 00 00 00 00 00 00 00 00 00  | ................
f230: 00 00 00 00 00 00 00 00 00 00 00 00 00 00 00 00  | ................
f240: 00 00 00 00 00 00 00 00 00 00 00 00 00 00 00 00  | ................
f250: 00 00 00 00 00 00 00 00 00 00 00 00 00 00 00 00  | ................
f260: 00 00 00 00 00 00 00 00 00 00 00 00 00 00 00 00  | ................
f270: 00 00 00 00 00 00 00 00 00 00 00 00 00 00 00 00  | ................
f280: 00 00 00 00 00 00 00 00 00 00 00 00 00 00 00 00  | ................
f290: 00 00 00 00 00 00 00 00 00 00 00 00 00 00 00 00  | ................
f2a0: 02 13 06 67 15 96 11 96 09 9e 07 78 07 08 07 08  | ...g.......x....
f2b0: 0e 00 1e 00 7c 00 78 00 68 00 00 00 00 00 00 00  | ....|.x.h.......
f2c0: ff 00 ff 00 ff 00 ff 00 ff 00 ff 00 ff 00 ef 10  | ................
f2d0: 1e 00 1e 00 3e 00 3c 00 7d 00 7f 00 7f 00 ef 00  | ....>.<.}.......
f2e0: ff 00 ff 00 ff 00 ff 00 ff 00 ff 00 ff 00 ff 00  | ................
f2f0: 7f 00 7f 00 7f 00 ff 00 ff 00 ff 00 ff 00 ff 00  | ................
f300: ff 03 ff 03 ff 03 ff 01 ff 01 ff 01 7f 81 7f 81  | ................
f310: fc 00 fc 00 fc 00 fe 00 fe 00 fe 00 7e 00 7e 00  | ............~.~.
f320: fe fe ff ff ff ff ff ff ff ff ff ff ff ff ff ff  | ................
f330: 00 00 00 00 00 00 00 00 00 00 00 00 00 00 00 00  | ................
f340: 60 e2 24 fe 00 d6 80 d0 80 e0 c0 e0 e0 f0 e0 f0  | `.$.............
f350: 7c 00 24 00 20 00 20 00 00 00 00 00 00 00 00 00  | |.$. . .........
f360: 00 00 00 00 00 00 00 00 00 00 00 00 00 00 00 00  | ................
f370: 00 00 00 00 00 00 00 00 00 00 00 00 00 00 00 00  | ................
f380: 00 01 00 00 00 00 00 00 00 00 00 01 00 01 00 03  | ................
f390: 00 00 00 00 00 00 00 00 00 00 00 00 00 00 00 00  | ................
f3a0: ff ff 7f ff 7f ff 7f ff 3f ff ff ff f9 ff 3c ff  | ........?.....<.
f3b0: ff 00 7f 00 7f 00 7f 00 3f 00 ff 00 f9 00 3c 00  | ........?.....<.
f3c0: 0f ff 07 ef 07 ef 87 ef 87 ef 84 ef 83 cf 86 cf  | ................
f3d0: 0f 00 07 00 07 00 87 00 87 00 84 00 83 00 86 00  | ................
f3e0: f0 fc f8 fe f8 fe f8 fe 00 ff e0 ff 80 ff 7c 83  | ..............|.
f3f0: f0 00 f8 00 f8 00 f8 00 00 00 e0 00 80 00 7c 00  | ..............|.
f400: 00 00 00 00 00 00 00 00 00 00 00 00 00 00 00 00  | ................
f410: 00 00 00 00 00 00 00 00 00 00 00 00 00 00 00 00  | ................
f420: 00 00 00 00 00 00 00 00 00 00 00 00 00 00 00 00  | ................
f430: 00 00 00 00 00 00 00 00 00 00 00 00 00 00 00 00  | ................
f440: 00 00 00 00 00 00 00 00 00 00 00 00 00 00 00 00  | ................
f450: 00 00 00 00 00 00 00 00 00 00 00 00 00 00 00 00  | ................
f460: 00 00 00 00 00 00 00 00 00 00 00 00 00 00 00 00  | ................
f470: 00 00 00 00 00 00 00 00 00 00 00 00 00 00 00 00  | ................
f480: 00 00 00 00 00 00 00 00 00 00 00 00 00 00 00 00  | ................
f490: 00 00 00 00 00 00 00 00 00 00 00 00 00 00 00 00  | ................
f4a0: 0f 10 07 18 07 18 18 2f 1f 2f 3f 5f 3f 5f 7f 9f  | ......././?_?_..
f4b0: 00 00 00 00 00 00 10 00 10 00 20 00 20 00 60 00  | .......... . .`.
f4c0: e7 18 d3 2c d1 2e 1e ef bf df bf df bf df bf df  | ...,............
f4d0: e7 00 d3 00 d1 00 10 00 20 00 20 00 20 00 20 00  | ........ . . . .
f4e0: fe 01 fc 03 f8 07 03 ff ff ff ff ff ff ff ff ff  | ................
f4f0: fe 00 fc 00 f8 00 00 00 00 00 00 00 00 00 00 00  | ................
f500: 7f 80 7f 80 7f 80 00 ff 7f bf 7f bf 7f bf 7f bf  | ................
f510: 7f 00 7f 00 7f 00 00 00 40 00 40 00 40 00 40 00  | ........@.@.@.@.
f520: f3 ff e1 ff c0 ff 02 ff 02 ff 01 ff 01 ff 00 ff  | ................
f530: 00 00 00 00 00 00 00 00 00 00 00 00 00 00 00 00  | ................
f540: f0 f8 f0 f8 f0 fc 00 fc 00 fc 00 fe 00 fe 80 ff  | ................
f550: 00 00 00 00 00 00 00 00 00 00 00 00 00 00 00 00  | ................
f560: 00 00 00 00 00 00 00 00 00 00 00 00 00 00 00 00  | ................
f570: 00 00 00 00 00 00 00 00 00 00 00 00 00 00 00 00  | ................
f580: 1f 01 3e 07 7f 1e 7f 3c ff 70 ff 00 00 00 00 00  | ..>....<.p......
f590: 1f 00 20 00 41 00 43 00 8f 00 ff 00 ff 00 ff 00  | .. .A.C.........
f5a0: de ff 6f ff b3 7f dc 3f e0 1f ff 00 00 f8 00 f8  | ..o....?........
f5b0: de 00 6f 00 b3 00 dc 00 e0 00 ff 00 fb 00 fb 00  | ..o.............
f5c0: 05 ce 03 cd 07 eb 07 e3 07 c1 c7 00 00 c4 00 c4  | ................
f5d0: 05 00 02 00 04 00 04 00 06 00 c7 00 c7 00 c7 00  | ................
f5e0: fe 81 fe 71 ff f0 ff f8 ff f0 ff 00 00 0f 00 0f  | ...q............
f5f0: 1e 00 0e 00 0f 00 07 00 0f 00 ff 00 ff 00 ff 00  | ................
f600: 00 00 00 00 00 00 00 00 00 00 00 00 00 00 00 00  | ................
f610: 00 00 00 00 00 00 00 00 00 00 00 00 00 00 00 00  | ................
f620: 00 00 00 00 00 00 00 00 00 00 00 00 00 00 00 00  | ................
f630: 00 00 00 00 00 00 00 00 00 00 00 00 00 00 00 00  | ................
f640: 00 00 00 00 00 00 00 00 00 00 00 00 00 00 00 00  | ................
f650: 00 00 00 00 00 00 00 00 00 00 00 00 00 00 00 00  | ................
f660: 00 00 00 00 00 00 00 00 00 00 00 00 00 00 00 00  | ................
f670: 00 00 00 00 00 00 00 00 00 00 00 00 00 00 00 00  | ................
f680: 00 00 00 00 00 01 00 01 00 01 00 01 01 02 01 02  | ................
f690: 00 00 00 00 00 00 00 00 00 00 00 00 01 00 01 00  | ................
f6a0: 7f bf 7f bf ff 7f ff 7f fe 7f fe 7f fe ff fe ff  | ................
f6b0: 40 00 40 00 80 00 80 00 80 00 80 00 00 00 00 00  | @.@.............
f6c0: bf df bf df 7f bf 7f bf ff 7f ff 7f ff 7f ff 7f  | ................
f6d0: 20 00 20 00 40 00 40 00 80 00 80 00 80 00 80 00  |  . .@.@.........
f6e0: ff ff ff ff ff ff fe ff fe ff fe ff fe ff fe ff  | ................
f6f0: 00 00 00 00 00 00 00 00 00 00 00 00 00 00 00 00  | ................
f700: 7f bf 7f bf 7f bf 7f bf 7f bf 7f bf 7f bf 7f bf  | ................
f710: 40 00 40 00 40 00 40 00 40 00 40 00 40 00 40 00  | @.@.@.@.@.@.@.@.
f720: 00 ff 00 ff 00 ff 00 ff 00 ff 00 ff 00 ff 00 ff  | ................
f730: 00 00 00 00 00 00 00 00 00 00 00 00 00 00 00 00  | ................
f740: 80 ff 80 ff 40 ff 40 ff 40 ff 40 ff 20 ff 20 ff  | ....@.@.@.@. . .
f750: 00 00 00 00 00 00 00 00 00 00 00 00 00 00 00 00  | ................
f760: 00 00 00 80 00 80 00 80 00 80 00 c0 00 c0 00 c0  | ................
f770: 00 00 00 00 00 00 00 00 00 00 00 00 00 00 00 00  | ................
f780: 00 00 00 00 00 00 00 00 00 00 00 00 00 00 00 00  | ................
f790: 00 00 00 00 00 00 00 00 00 00 00 00 00 00 00 00  | ................
f7a0: 00 00 00 00 00 00 00 00 00 00 00 00 00 00 00 00  | ................
f7b0: 00 00 00 00 00 00 00 00 00 00 00 00 00 00 00 00  | ................
f7c0: 00 00 00 00 00 00 00 00 00 00 00 00 00 00 00 00  | ................
f7d0: 00 00 00 00 00 00 00 00 00 00 00 00 00 00 00 00  | ................
f7e0: 00 00 00 00 00 00 00 00 00 00 00 00 00 00 00 00  | ................
f7f0: 00 00 00 00 00 00 00 00 00 00 00 00 00 00 00 00  | ................
f800: 00 00 00 00 00 00 00 00 00 00 00 00 00 00 00 00  | ................
f810: 00 00 00 00 00 00 00 00 00 00 00 00 00 00 00 00  | ................
f820: 00 00 00 00 00 00 00 00 00 00 00 00 00 00 00 00  | ................
f830: 00 00 00 00 00 00 00 00 00 00 00 00 00 00 00 00  | ................
f840: 00 00 00 00 00 00 00 00 00 00 00 00 00 00 00 00  | ................
f850: 00 00 00 00 00 00 00 00 00 00 00 00 00 00 00 00  | ................
f860: 00 00 00 00 00 00 00 00 00 00 00 00 00 00 00 00  | ................
f870: 00 00 00 00 00 00 00 00 00 00 00 00 00 00 00 00  | ................
f880: 01 02 03 05 03 05 03 05 03 05 03 0d 07 0b 07 0b  | ................
f890: 01 00 02 00 02 00 02 00 02 00 02 00 04 00 04 00  | ................
f8a0: fe ff fd fe fd fe fd fe fd fe fd fe fd fe fd fe  | ................
f8b0: 00 00 01 00 01 00 01 00 01 00 01 00 01 00 01 00  | ................
f8c0: ff 7f ff ff ff ff ff ff ff ff ff ff ff ff ff ff  | ................
f8d0: 80 00 00 00 00 00 00 00 00 00 00 00 00 00 00 00  | ................
f8e0: fe ff fe ff fe ff fe ff fe ff fe ff fc ff fc ff  | ................
f8f0: 00 00 00 00 00 00 00 00 00 00 00 00 00 00 00 00  | ................
f900: 7f bf 7f bf 7f bf 7f bf 7f bf 7f bf 7f bf 7f bf  | ................
f910: 40 00 40 00 40 00 40 00 40 00 40 00 40 00 40 00  | @.@.@.@.@.@.@.@.
f920: 00 ff 00 ff 00 ff 00 ff 00 ff 00 ff 80 ff 80 ff  | ................
f930: 00 00 00 00 00 00 00 00 00 00 00 00 00 00 00 00  | ................
f940: 20 ff 10 ff 10 ff 10 ff 10 ff 10 ff 08 ff 08 ff  |  ...............
f950: 00 00 00 00 00 00 00 00 00 00 00 00 00 00 00 00  | ................
f960: 00 c0 00 e0 00 e0 00 e0 00 e0 00 f0 00 f0 00 f0  | ................
f970: 00 00 00 00 00 00 00 00 00 00 00 00 00 00 00 00  | ................
f980: 00 00 00 00 00 00 00 00 00 00 00 00 00 00 00 00  | ................
f990: 00 00 00 00 00 00 00 00 00 00 00 00 00 00 00 00  | ................
f9a0: 00 00 00 00 00 00 00 00 00 00 00 00 00 00 00 00  | ................
f9b0: 00 00 00 00 00 00 00 00 00 00 00 00 00 00 00 00  | ................
f9c0: 00 00 00 00 00 00 00 00 00 00 00 00 00 00 00 00  | ................
f9d0: 00 00 00 00 00 00 00 00 00 00 00 00 00 00 00 00  | ................
f9e0: 00 00 00 00 00 00 00 00 00 00 00 00 00 00 00 00  | ................
f9f0: 00 00 00 00 00 00 00 00 00 00 00 00 00 00 00 00  | ................
fa00: 00 00 00 00 00 00 00 00 00 00 00 00 00 00 00 00  | ................
fa10: 00 00 00 00 00 00 00 00 00 00 00 00 00 00 00 00  | ................
fa20: 00 00 00 00 00 00 00 00 00 00 00 00 00 00 00 00  | ................
fa30: 00 00 00 00 00 00 00 00 00 00 00 00 00 00 00 00  | ................
fa40: 00 00 00 00 00 00 00 00 00 00 00 00 00 00 00 00  | ................
fa50: 00 00 00 00 00 00 00 00 00 00 00 00 00 00 00 00  | ................
fa60: 00 00 00 00 00 00 00 00 00 00 00 00 00 00 00 00  | ................
fa70: 00 00 00 00 00 00 00 00 00 00 00 00 00 00 00 00  | ................
fa80: 07 0b 07 0b 07 0b 0f 13 0f 17 0f 17 0f 17 0f 17  | ................
fa90: 04 00 04 00 04 00 0c 00 08 00 08 00 08 00 08 00  | ................
faa0: fd fe fd fe fb fd fb fd fb fd fb fd fb fd fb fd  | ................
fab0: 01 00 01 00 02 00 02 00 02 00 02 00 02 00 02 00  | ................
fac0: ff ff ff ff ff ff ff ff ff ff ff ff ff ff ff ff  | ................
fad0: 00 00 00 00 00 00 00 00 00 00 00 00 00 00 00 00  | ................
fae0: fc ff fc ff f8 ff f8 ff f8 ff f8 ff f8 ff f0 ff  | ................
faf0: 00 00 00 00 00 00 00 00 00 00 00 00 00 00 00 00  | ................
fb00: 7f bf 7f bf 7f bf 7f bf 7f bf 7f bf 7f bf 7f bf  | ................
fb10: 40 00 40 00 40 00 40 00 40 00 40 00 40 00 40 00  | @.@.@.@.@.@.@.@.
fb20: 80 ff 80 ff 80 ff 80 ff 80 ff 80 ff 80 ff 80 ff  | ................
fb30: 00 00 00 00 00 00 00 00 00 00 00 00 00 00 00 00  | ................
fb40: 08 ff 08 ff 08 ff 08 ff 04 ff 04 ff 04 ff 04 ff  | ................
fb50: 00 00 00 00 00 00 00 00 00 00 00 00 00 00 00 00  | ................
fb60: 00 f0 00 f0 00 f8 00 f8 00 f8 00 f8 00 f8 00 f8  | ................
fb70: 00 00 00 00 00 00 00 00 00 00 00 00 00 00 00 00  | ................
fb80: 00 00 00 00 00 00 00 00 00 00 00 00 00 00 00 00  | ................
fb90: 00 00 00 00 00 00 00 00 00 00 00 00 00 00 00 00  | ................
fba0: 00 00 00 00 00 00 00 00 00 00 00 00 00 00 00 00  | ................
fbb0: 00 00 00 00 00 00 00 00 00 00 00 00 00 00 00 00  | ................
fbc0: 00 00 00 00 00 00 00 00 00 00 00 00 00 00 00 00  | ................
fbd0: 00 00 00 00 00 00 00 00 00 00 00 00 00 00 00 00  | ................
fbe0: 00 00 00 00 00 00 00 00 00 00 00 00 00 00 00 00  | ................
fbf0: 00 00 00 00 00 00 00 00 00 00 00 00 00 00 00 00  | ................
fc00: 00 00 00 00 00 00 00 00 00 00 00 00 00 00 00 00  | ................
fc10: 00 00 00 00 00 00 00 00 00 00 00 00 00 00 00 00  | ................
fc20: 00 00 00 00 00 00 00 00 00 00 00 00 00 00 00 00  | ................
fc30: 00 00 00 00 00 00 00 00 00 00 00 00 00 00 00 00  | ................
fc40: 00 00 00 00 00 00 00 00 00 00 00 00 00 00 00 00  | ................
fc50: 00 00 00 00 00 00 00 00 00 00 00 00 00 00 00 00  | ................
fc60: 00 00 00 00 00 00 00 00 00 00 00 00 00 00 00 00  | ................
fc70: 00 00 00 00 00 00 00 00 00 00 00 00 00 00 00 00  | ................
fc80: 0f 17 1f 2f 1f 2f 1f 2f 1f 2f 1f 2f 1f 2f 1f 2f  | .../././././././
fc90: 08 00 10 00 10 00 10 00 10 00 10 00 10 00 10 00  | ................
fca0: fb fd fb fd f7 fb f7 fb f7 fb f7 fb f7 fb f7 fb  | ................
fcb0: 02 00 02 00 04 00 04 00 04 00 04 00 04 00 04 00  | ................
fcc0: ff ff ff ff ff ff ff ff ff ff ff ff ff ff ff ff  | ................
fcd0: 00 00 00 00 00 00 00 00 00 00 00 00 00 00 00 00  | ................
fce0: f0 ff f0 ff f0 ff e0 ff e0 ff e0 ff e0 ff c0 ff  | ................
fcf0: 00 00 00 00 00 00 00 00 00 00 00 00 00 00 00 00  | ................
fd00: 7f bf 7f bf 7f bf 7f bf 7f bf 7f bf 7f bf 7f bf  | ................
fd10: 40 00 40 00 40 00 40 00 40 00 40 00 40 00 40 00  | @.@.@.@.@.@.@.@.
fd20: 80 ff 80 ff 80 ff c0 ff c0 ff c0 ff c0 ff c0 ff  | ................
fd30: 00 00 00 00 00 00 00 00 00 00 00 00 00 00 00 00  | ................
fd40: 04 ff 04 ff 04 ff 02 ff 02 ff 02 ff 02 ff 02 ff  | ................
fd50: 00 00 00 00 00 00 00 00 00 00 00 00 00 00 00 00  | ................
fd60: 00 f8 00 fc 00 fc 00 fc 00 fc 00 fc 00 fc 00 fc  | ................
fd70: 00 00 00 00 00 00 00 00 00 00 00 00 00 00 00 00  | ................
fd80: 00 00 00 00 00 00 00 00 00 00 00 00 00 00 00 00  | ................
fd90: 00 00 00 00 00 00 00 00 00 00 00 00 00 00 00 00  | ................
fda0: 00 00 00 00 00 00 00 00 00 00 00 00 00 00 00 00  | ................
fdb0: 00 00 00 00 00 00 00 00 00 00 00 00 00 00 00 00  | ................
fdc0: 00 00 00 00 00 00 00 00 00 00 00 00 00 00 00 00  | ................
fdd0: 00 00 00 00 00 00 00 00 00 00 00 00 00 00 00 00  | ................
fde0: 00 00 00 00 00 00 00 00 00 00 00 00 00 00 00 00  | ................
fdf0: 00 00 00 00 00 00 00 00 00 00 00 00 00 00 00 00  | ................
fe00: 00 00 00 00 00 00 00 00 00 00 00 00 00 00 00 00  | ................
fe10: 00 00 00 00 00 00 00 00 00 00 00 00 00 00 00 00  | ................
fe20: 00 00 00 00 00 00 00 00 00 00 00 00 00 00 00 00  | ................
fe30: 00 00 00 00 00 00 00 00 00 00 00 00 00 00 00 00  | ................
fe40: 00 00 00 00 00 00 00 00 00 00 00 00 00 00 00 00  | ................
fe50: 00 00 00 00 00 00 00 00 00 00 00 00 00 00 00 00  | ................
fe60: 00 00 00 00 00 00 00 00 00 00 00 00 00 00 00 00  | ................
fe70: 00 00 00 00 00 00 00 00 00 00 00 00 00 00 00 00  | ................
fe80: 1f 2f 1f 2f 00 3f 00 00 00 00 00 00 00 00 00 00  | ././.?..........
fe90: 10 00 10 00 00 00 00 00 00 00 00 00 00 00 00 00  | ................
fea0: f7 fb f7 fb 00 ff 00 00 00 00 00 00 00 00 00 00  | ................
feb0: 04 00 04 00 00 00 00 00 00 00 00 00 00 00 00 00  | ................
fec0: ff ff ff ff 00 ff 00 00 00 00 00 00 00 00 00 00  | ................
fed0: 00 00 00 00 00 00 00 00 00 00 00 00 00 00 00 00  | ................
fee0: c0 ff 80 ff 00 ff 00 00 00 00 00 00 00 00 00 00  | ................
fef0: 00 00 00 00 00 00 00 00 00 00 00 00 00 00 00 00  | ................
ff00: 7f bf 7f bf 00 ff 00 00 00 00 00 00 00 00 00 00  | ................
ff10: 40 00 40 00 00 00 00 00 00 00 00 00 00 00 00 00  | @.@.............
ff20: c0 ff c0 ff 00 ff 00 00 00 00 00 00 00 00 00 00  | ................
ff30: 00 00 00 00 00 00 00 00 00 00 00 00 00 00 00 00  | ................
ff40: 02 ff 02 ff 02 ff 00 00 00 00 00 00 00 00 00 00  | ................
ff50: 00 00 00 00 00 00 00 00 00 00 00 00 00 00 00 00  | ................
ff60: 00 fc 00 fc 00 fc 00 00 00 00 00 00 00 00 00 00  | ................
ff70: 00 00 00 00 00 00 00 00 00 00 00 00 00 00 00 00  | ................
ff80: 00 00 00 00 00 00 00 00 00 00 00 00 00 00 00 00  | ................
ff90: 00 00 00 00 00 00 00 00 00 00 00 00 00 00 00 00  | ................
ffa0: 00 00 00 00 00 00 00 00 00 00 00 00 00 00 00 00  | ................
ffb0: 00 00 00 00 00 00 00 00 00 00 00 00 00 00 00 00  | ................
ffc0: 00 00 00 00 00 00 00 00 00 00 00 00 00 00 00 00  | ................
ffd0: 00 00 00 00 00 00 00 00 00 00 00 00 00 00 00 00  | ................
ffe0: 00 00 00 00 00 00 00 00 00 00 00 00 00 00 00 00  | ................
fff0: 00 00 00 00 00 00 00 00 00 00 00 00 00 00 00 00  | ................
